#pragma once
#include "epd_driver.h"
const uint8_t Roboto12Bitmaps[24865] = {
    0x78, 0x9C, 0x03, 0x00, 0x00, 0x00, 0x00, 0x01, 0x78, 0x9C, 0xFB, 0xCF, 0xF2, 0x1F, 0x07, 0x64,
    0x00, 0x83, 0x1D, 0x0C, 0xFF, 0x99, 0x6F, 0x31, 0x00, 0x00, 0x60, 0x00, 0x0F, 0xBC, 0x78, 0x9C,
    0xFB, 0xFF, 0xC5, 0xFF, 0x3F, 0x10, 0x7D, 0xD2, 0xFF, 0xFF, 0x81, 0x1F, 0x88, 0xEE, 0x7F, 0xE0,
    0x05, 0x00, 0x7F, 0xF0, 0x0C, 0x7D, 0x78, 0x9C, 0x63, 0x60, 0x68, 0xF0, 0x67, 0xF8, 0xCE, 0xCA,
    0xC0, 0xB0, 0x41, 0x9E, 0xE1, 0x17, 0x13, 0x03, 0xC3, 0x03, 0x3E, 0x86, 0xBF, 0x0C, 0x0C, 0x0C,
    0x1F, 0xB9, 0x19, 0xCE, 0x03, 0xA9, 0x2F, 0x1C, 0x06, 0xF3, 0x81, 0xD4, 0x77, 0xD6, 0x84, 0x7C,
    0x86, 0x0F, 0xFF, 0xC1, 0xE0, 0xC0, 0x99, 0xFF, 0x67, 0xFE, 0x9C, 0x3F, 0xC3, 0x00, 0x94, 0x7F,
    0xC0, 0xCB, 0xC0, 0x00, 0x94, 0xFF, 0xC4, 0xC5, 0xC0, 0x00, 0x94, 0xFF, 0xCA, 0xCE, 0xC0, 0x30,
    0xC1, 0x9E, 0xE1, 0x3B, 0x0B, 0x03, 0x44, 0x21, 0x3F, 0x94, 0x62, 0xF8, 0xC8, 0xC5, 0xB0, 0x1F,
    0x64, 0x16, 0xBB, 0x41, 0x3F, 0xC8, 0x2C, 0x96, 0x84, 0x78, 0x20, 0xF5, 0x8B, 0x71, 0x82, 0x3E,
    0x90, 0x7A, 0xCB, 0x70, 0x80, 0x9F, 0x81, 0x01, 0x00, 0x72, 0x17, 0x33, 0x8D, 0x78, 0x9C, 0x63,
    0x60, 0xF8, 0xC2, 0xCF, 0x00, 0x04, 0x48, 0x64, 0xC1, 0xFF, 0xF3, 0xEC, 0x0C, 0x02, 0x7F, 0xFF,
    0xFF, 0x3F, 0xCF, 0xB0, 0xE0, 0x3E, 0x73, 0xC2, 0x7F, 0x8E, 0x8F, 0xFE, 0x0C, 0x0C, 0x3F, 0xF9,
    0x3E, 0x03, 0xE5, 0x3E, 0xEB, 0x7F, 0x96, 0x67, 0x60, 0xB8, 0x60, 0xFB, 0xB1, 0x1E, 0xA4, 0x7A,
    0xC1, 0x7F, 0x0E, 0x20, 0x09, 0x54, 0xA9, 0x09, 0xA4, 0x26, 0xFE, 0xFF, 0x2F, 0x05, 0xA4, 0x9A,
    0xFE, 0xBD, 0x67, 0x02, 0x9B, 0xC1, 0x0D, 0x52, 0xF1, 0x4D, 0xFE, 0x34, 0x33, 0x03, 0xC3, 0x07,
    0xFB, 0x7F, 0x6C, 0x0C, 0x0C, 0x1F, 0xED, 0x7F, 0xF1, 0x00, 0x45, 0xF8, 0x3F, 0xEF, 0x17, 0x29,
    0xFA, 0xCF, 0x55, 0xF0, 0x1F, 0x64, 0x3E, 0xC3, 0xE2, 0xFF, 0xE7, 0xD9, 0x50, 0x6D, 0x67, 0x68,
    0x02, 0x1A, 0x0A, 0x00, 0xEF, 0xFB, 0x32, 0x51, 0x78, 0x9C, 0x0B, 0xF8, 0x1B, 0xCB, 0x00, 0x06,
    0x5F, 0xFE, 0xFF, 0x67, 0x01, 0x33, 0xFE, 0x70, 0xFD, 0xE6, 0x61, 0x60, 0x60, 0x65, 0x60, 0xF8,
    0xCF, 0xFA, 0x95, 0x9F, 0x61, 0x82, 0x3E, 0x90, 0xC1, 0xF2, 0x85, 0x9F, 0xE1, 0x0B, 0x07, 0x54,
    0xE4, 0x2C, 0x50, 0xCD, 0x6F, 0xEE, 0xDF, 0xDC, 0x20, 0x19, 0x86, 0xCF, 0xFF, 0xFF, 0x33, 0x7F,
    0x66, 0x03, 0x32, 0x1C, 0xDE, 0xF8, 0x30, 0xEC, 0x85, 0x98, 0xC4, 0x30, 0x41, 0x0E, 0xCA, 0xF8,
    0xCC, 0xBA, 0xF9, 0x1C, 0x48, 0x92, 0x61, 0xAD, 0xC1, 0xFF, 0xFF, 0xF5, 0x40, 0xBA, 0x81, 0x77,
    0xC3, 0xF9, 0x86, 0xFF, 0x20, 0x19, 0xE6, 0x0F, 0xF1, 0x02, 0xFF, 0x99, 0x19, 0x18, 0x7A, 0x19,
    0x3E, 0xF8, 0x03, 0x2D, 0x60, 0x68, 0xE0, 0x61, 0x80, 0x88, 0x34, 0x30, 0x31, 0x6C, 0xD8, 0x5F,
    0xF0, 0x1F, 0xAC, 0x1F, 0xA8, 0xAB, 0x1F, 0x62, 0xD2, 0x91, 0xF7, 0xEC, 0x0C, 0x00, 0xEF, 0x07,
    0x33, 0x3A, 0x78, 0x9C, 0x63, 0x30, 0x78, 0x7D, 0x9E, 0x85, 0x01, 0x08, 0xBE, 0xFC, 0xFF, 0x9F,
    0x0F, 0xA2, 0xFF, 0x72, 0x2F, 0xF8, 0x0F, 0xA4, 0x14, 0xFE, 0x33, 0x09, 0xFC, 0x67, 0x66, 0x60,
    0x30, 0xF8, 0xCF, 0x00, 0xA6, 0x15, 0xFE, 0x33, 0x37, 0xBC, 0x07, 0xC9, 0xFF, 0xE1, 0xFE, 0xE1,
    0x0F, 0x55, 0xCF, 0x0A, 0xA2, 0x1F, 0xFC, 0xB7, 0x07, 0x51, 0x0C, 0x3F, 0xFE, 0xCB, 0x81, 0xA8,
    0x09, 0xFF, 0x5F, 0xEC, 0x67, 0xF8, 0x60, 0xCF, 0xF0, 0xD5, 0xDF, 0xE1, 0x3F, 0xFB, 0x27, 0x79,
    0x86, 0x3F, 0x9C, 0x0C, 0x3F, 0xFC, 0xBF, 0xF2, 0x33, 0xFC, 0x67, 0x61, 0x38, 0xF0, 0xFE, 0x2F,
    0x37, 0xC3, 0x3F, 0x56, 0x06, 0x81, 0x7F, 0x40, 0x9D, 0xBF, 0xB9, 0x19, 0x18, 0xBE, 0x01, 0x2D,
    0xFA, 0x3C, 0x9F, 0x31, 0x01, 0xC4, 0x4F, 0xF8, 0xFF, 0xFF, 0xFF, 0xFB, 0x7F, 0xFA, 0x0C, 0x0C,
    0x93, 0xFF, 0x9E, 0x63, 0x7B, 0x78, 0x9F, 0x11, 0x00, 0xD2, 0x09, 0x3B, 0x21, 0x78, 0x9C, 0xFB,
    0xCF, 0xF2, 0x1F, 0x0E, 0x01, 0x2A, 0x72, 0x06, 0x13, 0x78, 0x9C, 0x45, 0x8B, 0xDD, 0x0D, 0x40,
    0x30, 0x00, 0x06, 0x4F, 0x29, 0x11, 0xA4, 0xAB, 0xD9, 0x80, 0x4D, 0x74, 0x84, 0x6E, 0x60, 0x14,
    0x56, 0xF2, 0x13, 0x09, 0xAA, 0xB4, 0xE9, 0x83, 0x87, 0xEF, 0xE1, 0xF2, 0xDD, 0x81, 0x4E, 0xE0,
    0x92, 0xE8, 0x11, 0xB6, 0x06, 0x9E, 0x94, 0x76, 0x82, 0xB9, 0x83, 0x45, 0xC1, 0x51, 0xC3, 0x59,
    0x82, 0x2D, 0xC0, 0x49, 0x78, 0xB3, 0x7F, 0x81, 0x6D, 0x1E, 0xFF, 0xE0, 0xAD, 0x2A, 0x76, 0xBD,
    0xEF, 0x71, 0x02, 0xF6, 0x0A, 0xCC, 0xE0, 0xE1, 0xF6, 0xB6, 0x11, 0x1F, 0xC9, 0x6A, 0x1A, 0xC8,
    0x78, 0x9C, 0x25, 0x8A, 0xFF, 0x09, 0x40, 0x00, 0x18, 0x44, 0x1F, 0x45, 0x28, 0xB1, 0x80, 0x98,
    0x00, 0x1B, 0x18, 0x81, 0x11, 0x8C, 0x62, 0x04, 0x1B, 0xB0, 0x81, 0x51, 0xD8, 0x40, 0x36, 0xF0,
    0x33, 0x44, 0xF1, 0xC9, 0x1F, 0xD7, 0xF5, 0xEE, 0x5D, 0xA9, 0xC0, 0xE4, 0x41, 0xD6, 0x02, 0xA7,
    0x21, 0x10, 0x41, 0x51, 0x41, 0xF0, 0xC8, 0x70, 0x6B, 0x70, 0x58, 0xB0, 0xD9, 0xB0, 0x38, 0xBF,
    0x1C, 0x13, 0x49, 0xFA, 0xF7, 0xC7, 0xB3, 0x0F, 0xAB, 0xF8, 0x5D, 0x7E, 0x97, 0x8E, 0xFB, 0x28,
    0xE4, 0x0D, 0x74, 0xA2, 0x76, 0x93, 0xB8, 0x87, 0x21, 0x84, 0x5A, 0x85, 0x17, 0xF9, 0x23, 0x1B,
    0xF4, 0x78, 0x9C, 0x63, 0x60, 0xF8, 0xE0, 0xCF, 0x00, 0x04, 0x08, 0x72, 0x83, 0xE5, 0x07, 0xFF,
    0x44, 0x9E, 0x8F, 0xFF, 0xFF, 0x9E, 0xFF, 0xEF, 0x2F, 0xB0, 0xED, 0xFF, 0xFF, 0x79, 0x2C, 0x0C,
    0x0C, 0x7F, 0xDF, 0x03, 0x25, 0x1B, 0xF6, 0xFF, 0xE6, 0x64, 0x60, 0xF8, 0x22, 0xF7, 0x10, 0xA8,
    0xE8, 0x37, 0x6B, 0xC0, 0x7D, 0x06, 0x86, 0x04, 0x06, 0x06, 0x71, 0x06, 0x00, 0x2A, 0xCC, 0x17,
    0xDA, 0x78, 0x9C, 0x63, 0x60, 0x68, 0xD0, 0x60, 0x00, 0x82, 0x0F, 0xFE, 0xB8, 0xC9, 0xFF, 0x48,
    0x00, 0xBF, 0x4A, 0x08, 0x09, 0x00, 0x4B, 0xA3, 0x1A, 0x52, 0x78, 0x9C, 0x63, 0xF8, 0xCF, 0xC2,
    0xF0, 0x9F, 0x45, 0xE0, 0x3F, 0xB3, 0xC1, 0x7F, 0x86, 0x09, 0xF3, 0x19, 0x1E, 0xC8, 0x31, 0x28,
    0x30, 0x31, 0x00, 0x00, 0x51, 0xFC, 0x06, 0x97, 0x78, 0x9C, 0xFB, 0xFF, 0x1F, 0x04, 0x00, 0x14,
    0xF1, 0x05, 0xFB, 0x78, 0x9C, 0xDB, 0xC1, 0xF0, 0x9F, 0xF9, 0x16, 0x23, 0x00, 0x0A, 0x10, 0x02,
    0x96, 0x78, 0x9C, 0x0D, 0xC6, 0xF9, 0x09, 0x40, 0x00, 0x00, 0x46, 0xF1, 0x4F, 0x8E, 0x72, 0x84,
    0x0D, 0x8C, 0xC0, 0x46, 0x6C, 0xC0, 0x06, 0x6C, 0xC0, 0x46, 0x8C, 0x60, 0x03, 0x36, 0x20, 0x47,
    0x39, 0x52, 0xDE, 0x1F, 0xEF, 0xD7, 0x93, 0xD4, 0x94, 0x92, 0xE6, 0x08, 0x0E, 0x0F, 0x1E, 0x0B,
    0x16, 0x2A, 0x5A, 0x18, 0x52, 0xD8, 0x02, 0xB8, 0x1C, 0xF8, 0x0C, 0x29, 0xEB, 0x99, 0x2E, 0x87,
    0x35, 0x84, 0xD3, 0x85, 0xD7, 0x94, 0xE2, 0x89, 0xA9, 0x6A, 0x18, 0x13, 0xD8, 0x7D, 0xB8, 0x6D,
    0xF8, 0x01, 0xCF, 0xA7, 0x13, 0x43, 0x78, 0x9C, 0x63, 0x58, 0xF4, 0x6F, 0x1F, 0x0B, 0x83, 0xC3,
    0xFF, 0xFF, 0xFF, 0xEB, 0x19, 0x1E, 0x9C, 0x67, 0x9A, 0xF8, 0x9F, 0xF9, 0xAB, 0x3C, 0x03, 0xC3,
    0x1F, 0xAE, 0x5F, 0x9C, 0x0C, 0x0C, 0x5F, 0xF9, 0xFE, 0xB2, 0x31, 0x30, 0x7C, 0x92, 0xFF, 0xC7,
    0xC2, 0xC0, 0xF0, 0xC1, 0xFE, 0x3F, 0x82, 0xF4, 0xC7, 0x20, 0xED, 0xFF, 0xB1, 0x82, 0xC8, 0xBF,
    0xEC, 0x20, 0xF5, 0xBF, 0xB8, 0x40, 0x7A, 0xBF, 0xEA, 0x03, 0xCD, 0xE1, 0xBC, 0x70, 0x9E, 0x79,
    0xE2, 0x7F, 0x26, 0x03, 0xB0, 0xF9, 0x0C, 0x60, 0xBB, 0x00, 0x8F, 0xB0, 0x2E, 0xAB, 0x78, 0x9C,
    0x63, 0x60, 0x48, 0xF4, 0x65, 0x98, 0xFC, 0xDF, 0xFF, 0xC8, 0xFF, 0xFF, 0xFE, 0x3F, 0xE6, 0x7F,
    0xF6, 0x4F, 0x65, 0xF8, 0xE0, 0xCF, 0x40, 0x26, 0x06, 0x00, 0x79, 0x82, 0x1B, 0x90, 0x78, 0x9C,
    0x4D, 0xCB, 0xC9, 0x0D, 0x40, 0x50, 0x18, 0x45, 0xE1, 0x6B, 0x08, 0xC9, 0x0B, 0x79, 0x3A, 0x51,
    0x02, 0x9D, 0xD0, 0x11, 0xD1, 0x80, 0x52, 0xD8, 0x4B, 0xE8, 0x41, 0x03, 0xC6, 0xC4, 0x94, 0x97,
    0xDF, 0xB5, 0x73, 0x16, 0xDF, 0xEE, 0xA0, 0x32, 0xBD, 0x8F, 0x54, 0x44, 0x06, 0xAC, 0x8D, 0x9D,
    0x8B, 0xBA, 0x42, 0xE0, 0xD0, 0xC6, 0x03, 0x96, 0xA4, 0x73, 0x80, 0x39, 0x01, 0xDB, 0xF4, 0xE7,
    0xAD, 0x48, 0x2A, 0x36, 0x1D, 0x0B, 0x12, 0x99, 0x80, 0xB6, 0x93, 0x45, 0x9F, 0x98, 0x94, 0xE2,
    0xD2, 0x33, 0x23, 0xB9, 0xF8, 0x74, 0xAF, 0xBF, 0x4F, 0x7E, 0xBD, 0xDB, 0x36, 0x2A, 0x4B, 0x78,
    0x9C, 0x63, 0x58, 0xFC, 0x6F, 0x1F, 0x0B, 0x43, 0xC2, 0xFF, 0xFF, 0xFF, 0xE7, 0x33, 0x7C, 0x9E,
    0xCF, 0x58, 0xF0, 0x9F, 0xF5, 0x37, 0x37, 0x03, 0xC3, 0x2F, 0xEE, 0x7F, 0xAC, 0x0C, 0x0C, 0x5F,
    0xF9, 0x8C, 0x18, 0x18, 0x18, 0xBE, 0xF0, 0x03, 0x09, 0x86, 0xEF, 0x3C, 0x40, 0x42, 0xE1, 0x3F,
    0x2B, 0x83, 0x41, 0xFB, 0xAF, 0x7E, 0x06, 0x86, 0x0F, 0xFF, 0xFF, 0x73, 0x32, 0x30, 0x18, 0x94,
    0xFF, 0xDA, 0x0F, 0x92, 0x54, 0xF8, 0xC7, 0x0E, 0x56, 0xC3, 0x2B, 0x00, 0x56, 0xFF, 0x1F, 0xAC,
    0xF7, 0x0F, 0x17, 0xC8, 0x9C, 0xAF, 0xFD, 0x8C, 0x8D, 0xFF, 0x59, 0x1A, 0x80, 0xE6, 0x03, 0x75,
    0x6D, 0x01, 0xD9, 0x05, 0x00, 0x43, 0x5B, 0x29, 0x42, 0x78, 0x9C, 0x63, 0x60, 0x60, 0x48, 0xF8,
    0xCF, 0xC2, 0x00, 0x04, 0x0F, 0x21, 0xD4, 0x4F, 0x30, 0xA5, 0xF0, 0x1E, 0x4C, 0x1D, 0xC8, 0x07,
    0x53, 0x5F, 0x79, 0xC1, 0xD4, 0x3F, 0x16, 0x10, 0x55, 0xB0, 0x9E, 0x01, 0x44, 0x7D, 0xD4, 0x07,
    0x53, 0xBF, 0x38, 0x40, 0x94, 0xC1, 0x7B, 0x06, 0x10, 0x75, 0x20, 0x1F, 0x4C, 0x7D, 0xE3, 0x01,
    0x53, 0xFF, 0xFE, 0x83, 0x00, 0xC7, 0x3B, 0x20, 0xF8, 0xFF, 0x9E, 0x1D, 0x64, 0x36, 0xC4, 0x06,
    0x4C, 0x0A, 0x00, 0xBA, 0x24, 0x29, 0xEF, 0x78, 0x9C, 0x4B, 0xF8, 0x0F, 0x04, 0xDC, 0x0D, 0x60,
    0x72, 0x42, 0x3D, 0x03, 0x10, 0x6C, 0xC8, 0x07, 0x91, 0x07, 0xFC, 0x41, 0xE4, 0x03, 0x7B, 0x10,
    0xF9, 0x41, 0x1E, 0x44, 0x7E, 0xEC, 0x7F, 0x73, 0x9E, 0x8D, 0xE1, 0x13, 0x50, 0xE1, 0x7A, 0x86,
    0x4B, 0xF9, 0x0C, 0x0B, 0xFF, 0xB3, 0x81, 0x44, 0x7F, 0xF3, 0x82, 0xC8, 0xCF, 0x10, 0x15, 0xF6,
    0x10, 0xF2, 0x2F, 0x2B, 0x48, 0xE4, 0x27, 0x0F, 0x03, 0xC3, 0x2F, 0xDE, 0x4F, 0xEB, 0x19, 0x27,
    0xFC, 0x67, 0x0B, 0x00, 0xEB, 0x62, 0x58, 0xF4, 0x6F, 0x1F, 0x2B, 0x03, 0x00, 0xE6, 0x66, 0x2B,
    0x50, 0x78, 0x9C, 0x63, 0x60, 0x68, 0x7A, 0xC3, 0xCD, 0xC0, 0xD0, 0xF0, 0xFF, 0x3F, 0x17, 0x03,
    0xC3, 0xCF, 0xF9, 0xCC, 0x0C, 0x0C, 0x01, 0xFF, 0x59, 0x18, 0x18, 0x18, 0x2E, 0xE4, 0x03, 0x09,
    0x86, 0x2F, 0x7C, 0x20, 0xF2, 0x07, 0x27, 0x88, 0xFC, 0x1D, 0xF6, 0xFB, 0x3E, 0x1B, 0xC3, 0xDF,
    0xBF, 0xFF, 0xFF, 0xAF, 0x67, 0xF8, 0xBF, 0x9F, 0x79, 0xC2, 0x7F, 0xB6, 0xFF, 0xFC, 0x0C, 0x0C,
    0xBF, 0x78, 0xFF, 0x73, 0x30, 0x30, 0x7C, 0x96, 0xFF, 0xCF, 0xCA, 0xC0, 0xF0, 0xD1, 0xFE, 0x2F,
    0x1B, 0x88, 0xFC, 0xC9, 0x0D, 0x12, 0xF9, 0x6C, 0x0F, 0x94, 0xE5, 0xD9, 0xF0, 0x9E, 0xA5, 0xE1,
    0x3F, 0xAB, 0x00, 0x50, 0x57, 0x3F, 0x03, 0x43, 0xC1, 0xDF, 0x7D, 0x2C, 0x0C, 0x00, 0xE6, 0x3D,
    0x2B, 0x33, 0x78, 0x9C, 0xFB, 0xFF, 0x1F, 0x0E, 0xDE, 0x33, 0x00, 0xC1, 0x82, 0x7E, 0x10, 0xF9,
    0x51, 0x1E, 0x44, 0x7E, 0xE7, 0x02, 0x91, 0xFF, 0x58, 0x80, 0x44, 0xC0, 0x7D, 0x10, 0xF3, 0x40,
    0x3E, 0x88, 0xFC, 0xCC, 0x0F, 0x22, 0x7F, 0x71, 0x02, 0x09, 0x81, 0xFF, 0x4C, 0x40, 0xB2, 0xE1,
    0x3C, 0x48, 0xE0, 0x41, 0x3C, 0x88, 0xFC, 0xCA, 0x07, 0x22, 0xFF, 0x70, 0x00, 0x09, 0x83, 0xFF,
    0x8C, 0x20, 0x03, 0xD7, 0x83, 0x0D, 0xF4, 0x07, 0x91, 0x3F, 0x78, 0x81, 0x04, 0x00, 0xCD, 0xF8,
    0x1E, 0xF4, 0x78, 0x9C, 0x0D, 0xC8, 0xBB, 0x0D, 0xC2, 0x30, 0x00, 0x45, 0xD1, 0x8B, 0x14, 0x8B,
    0x5F, 0x84, 0xBD, 0x01, 0x1B, 0xB0, 0x82, 0x57, 0xA1, 0xA4, 0x83, 0x01, 0x28, 0xB2, 0x49, 0x22,
    0x31, 0x40, 0x36, 0x20, 0x1B, 0x50, 0x33, 0x02, 0x1D, 0x89, 0x8C, 0xA1, 0xC0, 0xF6, 0x83, 0x53,
    0x1E, 0x4E, 0xF9, 0x66, 0x70, 0x59, 0xEA, 0xE9, 0x9E, 0x55, 0x23, 0x33, 0x1E, 0xE1, 0x5B, 0x87,
    0x2D, 0xC4, 0x4D, 0xB0, 0xF0, 0xB2, 0x93, 0x87, 0x4F, 0xDD, 0x0D, 0xB8, 0x62, 0x5C, 0x3E, 0x3F,
    0xDA, 0x7F, 0x4A, 0x2B, 0x1A, 0x1D, 0xEE, 0x3D, 0x71, 0x07, 0x69, 0x91, 0xE6, 0x10, 0xAC, 0x2A,
    0x18, 0x7D, 0x31, 0x30, 0xF9, 0xB4, 0x86, 0xB7, 0x8D, 0xED, 0x6C, 0xAF, 0x65, 0x23, 0x69, 0x80,
    0x4B, 0xB9, 0x1A, 0x7E, 0x38, 0x85, 0x31, 0xEB, 0x78, 0x9C, 0x63, 0x98, 0xF8, 0x6F, 0x1D, 0x13,
    0x83, 0xC1, 0xFF, 0xFF, 0xFF, 0xED, 0x19, 0x1E, 0x9C, 0x67, 0x3A, 0xF4, 0x9E, 0xF1, 0xBB, 0x3C,
    0x03, 0xC3, 0x3F, 0xF6, 0x3F, 0x9C, 0x0C, 0x0C, 0xDF, 0x79, 0xFF, 0xB1, 0x31, 0x30, 0x7C, 0xE2,
    0xFF, 0xCF, 0xC2, 0xC0, 0xF0, 0xC1, 0x1E, 0xC4, 0xFE, 0xE0, 0x0F, 0x12, 0xFF, 0xE8, 0x0F, 0x52,
    0xF3, 0xDB, 0xFE, 0xE3, 0x79, 0xE6, 0x4D, 0xFF, 0xF5, 0x1D, 0x80, 0x7A, 0x7F, 0xF2, 0x33, 0x2C,
    0x7A, 0x6B, 0xFD, 0x99, 0x8F, 0x01, 0x08, 0xBE, 0x73, 0x82, 0xC8, 0x7F, 0x40, 0x3D, 0x0C, 0x0B,
    0xCE, 0x03, 0x89, 0xC0, 0xBF, 0x7A, 0x0C, 0x0C, 0xDF, 0xFE, 0xDF, 0x67, 0x02, 0x4A, 0xAD, 0x65,
    0x65, 0x60, 0x00, 0x00, 0xB1, 0x13, 0x2C, 0x61, 0x78, 0x9C, 0xBB, 0xC5, 0xF0, 0x9F, 0x79, 0x07,
    0x03, 0x3A, 0xD8, 0x01, 0x14, 0xBD, 0xC5, 0x08, 0x00, 0x4D, 0x6F, 0x05, 0x2A, 0x78, 0x9C, 0x9B,
    0x30, 0xFF, 0xC3, 0xFF, 0x82, 0x1A, 0x06, 0x34, 0xA0, 0xB0, 0xCA, 0xE1, 0xBF, 0xC3, 0xFF, 0x82,
    0xF3, 0x17, 0xEA, 0x7F, 0xF0, 0x2D, 0x62, 0x06, 0x00, 0xC1, 0x87, 0x0B, 0x8C, 0x78, 0x9C, 0x63,
    0x60, 0x60, 0x60, 0xD8, 0x0C, 0xC4, 0x5B, 0xFE, 0x33, 0x30, 0x1C, 0xF9, 0x7F, 0x9E, 0xE1, 0xEA,
    0xFF, 0xF9, 0xCC, 0xD7, 0xFE, 0xD7, 0x31, 0x32, 0xFC, 0x8F, 0x03, 0x8A, 0xFE, 0xDF, 0xCF, 0xC2,
    0xC0, 0x90, 0xF0, 0xEF, 0xBE, 0x38, 0x90, 0xFC, 0xFB, 0xDF, 0x92, 0x81, 0x21, 0xE0, 0x2F, 0x50,
    0x1D, 0x43, 0xC0, 0x1F, 0x20, 0xC1, 0xE0, 0x00, 0x00, 0xA7, 0xE9, 0x15, 0xA3, 0x78, 0x9C, 0xFB,
    0xFF, 0x1F, 0x06, 0x18, 0x50, 0x01, 0x5C, 0xFC, 0x3F, 0x00, 0x66, 0xCA, 0x13, 0xED, 0x78, 0x9C,
    0xF3, 0x66, 0x00, 0x81, 0xFF, 0xB1, 0x20, 0xF2, 0xD7, 0xFF, 0x3A, 0x20, 0x29, 0x70, 0xFD, 0x7F,
    0x3F, 0x23, 0x90, 0x5E, 0xF2, 0x7F, 0x3D, 0x13, 0x90, 0x6A, 0xFC, 0xCF, 0xC7, 0xC0, 0xA0, 0xF0,
    0xF3, 0x3F, 0x07, 0x43, 0xC0, 0x9F, 0xFF, 0x9A, 0x0C, 0x4D, 0xFF, 0xDE, 0x4B, 0x00, 0xD5, 0xBF,
    0x67, 0x07, 0x4A, 0x9D, 0x67, 0x05, 0xE9, 0x62, 0x01, 0x9B, 0x00, 0x00, 0x14, 0x0F, 0x14, 0x5F,
    0x78, 0x9C, 0x63, 0x38, 0xF6, 0xBF, 0x96, 0xE1, 0xC0, 0xFF, 0xFF, 0xFF, 0x79, 0x7E, 0xC4, 0x33,
    0x7C, 0xED, 0xFF, 0xCB, 0xCE, 0xD0, 0x70, 0xBF, 0x9C, 0x89, 0xC1, 0xE1, 0x3F, 0x03, 0x03, 0x43,
    0xC0, 0x7B, 0x20, 0xB1, 0x61, 0x3F, 0x90, 0xF8, 0x6A, 0xCF, 0xC0, 0x60, 0xF0, 0x9F, 0x93, 0x81,
    0xE1, 0x21, 0x88, 0xF7, 0x8B, 0x97, 0x81, 0x41, 0xE0, 0x3F, 0x2B, 0x48, 0x88, 0x11, 0xC8, 0x2A,
    0x67, 0x40, 0x01, 0xDD, 0x0C, 0x20, 0x09, 0x20, 0x21, 0xB0, 0x96, 0x81, 0x01, 0x00, 0x5E, 0xF2,
    0x1A, 0x05, 0x78, 0x9C, 0x35, 0x8E, 0x31, 0x4E, 0xC3, 0x40, 0x10, 0x45, 0x5F, 0x6C, 0x87, 0x24,
    0x62, 0x8B, 0xBD, 0x81, 0x53, 0x53, 0xF9, 0x04, 0x24, 0x35, 0x0D, 0xDC, 0xC0, 0x6E, 0xA8, 0x8D,
    0xC4, 0x01, 0xE2, 0x03, 0x44, 0xDA, 0x82, 0x2E, 0x8D, 0x7D, 0x83, 0x90, 0x1C, 0x00, 0x17, 0xA1,
    0xA1, 0x21, 0xE1, 0x04, 0x46, 0xF4, 0xD1, 0x22, 0x99, 0xC2, 0x0A, 0xCE, 0x2E, 0xEB, 0x88, 0xBC,
    0x66, 0x9E, 0x66, 0xE6, 0x8F, 0x06, 0x78, 0xDA, 0xEB, 0xB9, 0x87, 0x63, 0x65, 0x1D, 0xB9, 0x93,
    0xC8, 0x28, 0x9F, 0x47, 0x23, 0xE0, 0x6B, 0xDB, 0xEB, 0x06, 0x4B, 0x68, 0x45, 0xB7, 0xC2, 0x31,
    0x48, 0x6C, 0xEF, 0x64, 0xF5, 0xE5, 0x4E, 0xC1, 0xAB, 0x1E, 0xB1, 0x0B, 0xEB, 0x90, 0xC4, 0x65,
    0xC9, 0xE2, 0x46, 0x50, 0xA7, 0x58, 0xA6, 0xAA, 0x1D, 0x72, 0x18, 0xB0, 0x67, 0xBC, 0x34, 0x7D,
    0xA9, 0xE1, 0x1D, 0xB9, 0xB5, 0xC1, 0x9D, 0x3B, 0x55, 0x42, 0x65, 0x83, 0x2C, 0x45, 0xE6, 0x9D,
    0xF5, 0x8B, 0x98, 0x48, 0x31, 0x2E, 0x8F, 0x17, 0xCF, 0xB7, 0x64, 0x33, 0x97, 0xFD, 0x1D, 0x16,
    0x33, 0xBE, 0x53, 0x8A, 0x49, 0x23, 0x12, 0xED, 0x35, 0x39, 0xB5, 0xF8, 0x09, 0xA5, 0xB1, 0x71,
    0xBB, 0xD0, 0xDE, 0xA7, 0x62, 0x53, 0x05, 0x6B, 0x7D, 0xC5, 0x83, 0xF5, 0xF9, 0xA7, 0xBD, 0x3E,
    0xDB, 0x87, 0xBD, 0x41, 0xDE, 0x77, 0x26, 0x0F, 0xEE, 0xA9, 0xEA, 0xD4, 0x8C, 0xDE, 0xCC, 0xCB,
    0xC0, 0xD5, 0x3F, 0xB7, 0x25, 0x57, 0x9B, 0x78, 0x9C, 0x63, 0x60, 0x60, 0xF8, 0xC5, 0xC3, 0x00,
    0x06, 0xFF, 0xF5, 0xC1, 0x54, 0xC0, 0xFF, 0x7E, 0x30, 0xBD, 0xE0, 0xFC, 0x7B, 0x30, 0xFD, 0x41,
    0xFF, 0x3F, 0x0B, 0x88, 0xFE, 0xCA, 0xF3, 0x93, 0x0B, 0x44, 0xFF, 0x66, 0xFF, 0xCC, 0x0F, 0x56,
    0xCE, 0xF4, 0x20, 0x1F, 0xA4, 0xFC, 0x3E, 0x43, 0xC3, 0x79, 0x20, 0xBD, 0xA1, 0x9F, 0x41, 0xE1,
    0x3F, 0x13, 0x03, 0xC3, 0x47, 0x7B, 0x06, 0x86, 0x3F, 0x1C, 0x0C, 0x0C, 0xDF, 0x78, 0x81, 0x98,
    0x0F, 0xA8, 0xFC, 0x3F, 0x10, 0xF8, 0x33, 0x08, 0x80, 0xA8, 0xFF, 0xEB, 0x19, 0x12, 0xDE, 0x83,
    0xAD, 0x60, 0xD8, 0x30, 0x1F, 0x64, 0xC6, 0x3F, 0xB6, 0x8F, 0xFE, 0x20, 0xFA, 0x27, 0xCF, 0x37,
    0xB0, 0x99, 0x9F, 0xF5, 0xFF, 0x80, 0xED, 0xB8, 0xD0, 0x0F, 0x00, 0x83, 0xE8, 0x2E, 0xC6, 0x78,
    0x9C, 0xFB, 0xFF, 0xFF, 0xFF, 0x79, 0x09, 0x86, 0xFF, 0x40, 0xF0, 0x9E, 0xE9, 0x3F, 0x0B, 0x83,
    0xC3, 0x3F, 0x6E, 0x20, 0xC9, 0xF0, 0x45, 0x1E, 0x44, 0x7E, 0xB0, 0x07, 0x91, 0x1F, 0xC1, 0xE4,
    0x37, 0x3E, 0x20, 0x19, 0xF0, 0x9F, 0x0D, 0xA4, 0x32, 0x1F, 0xAC, 0x7E, 0x3F, 0x48, 0xBD, 0xC2,
    0x2F, 0x39, 0x90, 0xEC, 0x86, 0xF9, 0x20, 0x32, 0xE1, 0x3D, 0x88, 0x74, 0xF8, 0x8F, 0x60, 0x1F,
    0x58, 0x0F, 0x56, 0x63, 0x0F, 0x52, 0x0F, 0xD6, 0x7B, 0xDF, 0x92, 0x01, 0x00, 0xAB, 0xA8, 0x38,
    0x77, 0x78, 0x9C, 0x63, 0x10, 0x38, 0xF1, 0x7F, 0x2E, 0x13, 0x03, 0xC3, 0x93, 0xFF, 0xFF, 0xFF,
    0xE7, 0x33, 0x18, 0xFC, 0xB7, 0x66, 0x58, 0xF4, 0x9F, 0xE5, 0xC2, 0x7E, 0x06, 0x06, 0x86, 0x5F,
    0xBC, 0x5F, 0xE4, 0x81, 0xD4, 0x27, 0xFB, 0x9F, 0x5C, 0x40, 0xEA, 0x41, 0xFD, 0x5F, 0x76, 0x20,
    0x25, 0x20, 0xF4, 0x8F, 0x95, 0x01, 0x04, 0xFE, 0xB3, 0x60, 0xA1, 0xA0, 0x72, 0x10, 0x95, 0x82,
    0x50, 0x7D, 0x50, 0x53, 0x2E, 0xAC, 0x07, 0x9B, 0x69, 0xF0, 0x5F, 0x1B, 0x64, 0x03, 0xC3, 0x17,
    0xB0, 0x7D, 0x0C, 0x02, 0x37, 0xFE, 0xF7, 0x32, 0x31, 0x00, 0x00, 0xF5, 0xE4, 0x29, 0x6D, 0x78,
    0x9C, 0xFB, 0xFF, 0xFF, 0xFF, 0x5A, 0x16, 0x06, 0x86, 0xFF, 0x40, 0xB0, 0x1F, 0x48, 0xB1, 0x30,
    0x24, 0xFE, 0xE3, 0x01, 0x51, 0x0C, 0x8F, 0xE6, 0x83, 0x29, 0x87, 0xFF, 0x4C, 0x20, 0x8A, 0xE1,
    0x0F, 0x3B, 0x98, 0xFA, 0xC1, 0x0D, 0xA6, 0xBE, 0xF2, 0x81, 0xA9, 0x2F, 0xFC, 0x58, 0xA8, 0x6F,
    0x7C, 0xC8, 0x2A, 0xFF, 0x82, 0xF5, 0x05, 0x40, 0x4C, 0x79, 0x0C, 0x36, 0xB3, 0xE9, 0x3F, 0x0F,
    0xD8, 0xBE, 0xF5, 0x60, 0x6B, 0xE7, 0x32, 0x33, 0x30, 0x00, 0x00, 0x1C, 0x9A, 0x31, 0x89, 0x78,
    0x9C, 0xFB, 0xFF, 0x1F, 0x08, 0xFA, 0x41, 0xC4, 0xFF, 0xFA, 0xFF, 0x2C, 0x0C, 0x40, 0x40, 0x80,
    0x04, 0x01, 0x18, 0x49, 0x8C, 0x7A, 0x84, 0xAE, 0x7A, 0x30, 0xD9, 0x0F, 0x00, 0x67, 0x00, 0x2D,
    0x26, 0x78, 0x9C, 0xFB, 0xFF, 0x1F, 0x08, 0xF8, 0xFF, 0x43, 0x48, 0x16, 0x06, 0x20, 0x20, 0x8A,
    0x04, 0x01, 0x18, 0x49, 0xBC, 0x2E, 0x30, 0x09, 0x00, 0x9C, 0x2D, 0x23, 0x38, 0x78, 0x9C, 0x63,
    0x10, 0x38, 0xFE, 0x6F, 0x1F, 0x2B, 0x03, 0xC3, 0x93, 0xFF, 0xFF, 0xFF, 0xEF, 0x67, 0x30, 0xF8,
    0xEF, 0xC3, 0x50, 0xF8, 0x9F, 0xFB, 0xC2, 0x7E, 0x06, 0x06, 0x86, 0x2F, 0xFE, 0x5F, 0xE4, 0x81,
    0xD4, 0x86, 0xF5, 0x3F, 0xB9, 0x81, 0x54, 0xC0, 0xD9, 0xBF, 0xEC, 0x0C, 0x20, 0xF0, 0x8F, 0x15,
    0x4C, 0xFD, 0x67, 0x41, 0xA3, 0x26, 0x00, 0x0D, 0x00, 0xCA, 0x81, 0xA8, 0x3F, 0x1C, 0x40, 0x21,
    0x87, 0xFF, 0x3F, 0x78, 0xC0, 0xD4, 0x67, 0x7F, 0x30, 0xB5, 0xE1, 0x3E, 0x23, 0x88, 0x12, 0xF8,
    0x97, 0xC7, 0x28, 0xF0, 0xEC, 0x3E, 0xC3, 0x25, 0xA0, 0xBA, 0xFF, 0x32, 0x0C, 0x0C, 0xDB, 0xFE,
    0xDD, 0xF7, 0x62, 0x00, 0x00, 0xEE, 0xE3, 0x33, 0xB0, 0x78, 0x9C, 0xFB, 0xCF, 0xC2, 0xC0, 0xC0,
    0xF0, 0xC1, 0xFF, 0x3F, 0xC9, 0x14, 0x18, 0xC0, 0x29, 0x72, 0x4D, 0x81, 0x50, 0x00, 0x7B, 0x2D,
    0x32, 0xF5, 0x78, 0x9C, 0xFB, 0xCF, 0xF2, 0x9F, 0x08, 0x08, 0x00, 0x80, 0x5D, 0x13, 0x3A, 0x78,
    0x9C, 0x63, 0x60, 0x60, 0x60, 0xF8, 0xE0, 0xCF, 0x40, 0x25, 0x32, 0x8D, 0x11, 0x48, 0xDA, 0xFF,
    0x63, 0x65, 0x60, 0xF8, 0xA4, 0xFF, 0x9B, 0x9B, 0x81, 0xE1, 0x07, 0xDF, 0x97, 0xF9, 0x8C, 0x85,
    0xFF, 0xD9, 0x1B, 0xFE, 0xFF, 0xFF, 0xBF, 0x9E, 0x81, 0x61, 0xC9, 0xBF, 0x7D, 0xAC, 0x0C, 0x00,
    0xAB, 0x80, 0x1F, 0x96, 0x78, 0x9C, 0xFB, 0xCF, 0xC2, 0xC0, 0xE0, 0xF0, 0x9F, 0xF3, 0x3F, 0x90,
    0xFA, 0xB4, 0x9F, 0x01, 0x48, 0x09, 0xFC, 0x95, 0x05, 0x51, 0x07, 0xDE, 0x33, 0x81, 0xA8, 0x9F,
    0xFE, 0x0C, 0x40, 0xAA, 0xE0, 0x3F, 0x1B, 0x88, 0xFA, 0x32, 0x9F, 0x01, 0x48, 0xA9, 0xFC, 0xE7,
    0x06, 0x51, 0x4F, 0xFF, 0x33, 0x83, 0xA8, 0xFF, 0xFF, 0x79, 0xC0, 0xD4, 0x8F, 0x7E, 0x10, 0xE5,
    0x3F, 0x01, 0x24, 0xFA, 0x9F, 0x8B, 0xE1, 0x2F, 0x2F, 0x48, 0x03, 0xC3, 0xE7, 0xF5, 0x60, 0xAA,
    0xE0, 0x3F, 0x2B, 0x88, 0x62, 0xF8, 0x23, 0x07, 0xA6, 0x3E, 0x82, 0x2D, 0x62, 0x08, 0xF8, 0xCF,
    0x0E, 0xA2, 0x18, 0x7E, 0xD9, 0x03, 0x00, 0xE2, 0x15, 0x30, 0x4F, 0x78, 0x9C, 0xFB, 0xCF, 0xC2,
    0x00, 0x04, 0xFF, 0x69, 0x4D, 0x82, 0x00, 0x3F, 0x84, 0x04, 0x00, 0xB5, 0xC2, 0x1B, 0x48, 0x78,
    0x9C, 0x25, 0xCE, 0x3D, 0x12, 0xC1, 0x60, 0x14, 0x85, 0xE1, 0x9B, 0x19, 0x3F, 0x05, 0x99, 0xC9,
    0x4E, 0xD2, 0xE8, 0xA5, 0x51, 0x29, 0x28, 0xF4, 0xEC, 0x40, 0x76, 0x60, 0x1F, 0x9A, 0x2C, 0x81,
    0x42, 0xCF, 0x0E, 0x64, 0x07, 0x96, 0x60, 0x90, 0x61, 0x92, 0x21, 0xAF, 0x73, 0xBF, 0x9C, 0xE6,
    0x7D, 0xCA, 0xC3, 0xDA, 0x7C, 0x15, 0x9C, 0x03, 0x1A, 0x20, 0x52, 0x13, 0x95, 0xA1, 0x90, 0xAB,
    0xDF, 0x58, 0x28, 0xAF, 0xF0, 0x9E, 0x0A, 0xAF, 0x2D, 0x9C, 0x0A, 0xA1, 0x9E, 0xC3, 0x0A, 0xA1,
    0x9D, 0x41, 0xAF, 0xED, 0xDB, 0xF2, 0x9E, 0x09, 0xF5, 0xC8, 0x8E, 0x85, 0xE3, 0x99, 0xDA, 0x23,
    0x75, 0x5C, 0x76, 0xF6, 0x19, 0x3B, 0x36, 0x37, 0xFB, 0x0D, 0x1C, 0xC6, 0x84, 0x28, 0xA0, 0xD9,
    0x1F, 0x2C, 0xA0, 0x62, 0xD1, 0xA1, 0x24, 0xEE, 0x90, 0xEB, 0x40, 0x40, 0xA2, 0x4B, 0x19, 0x7F,
    0x48, 0x64, 0x51, 0x37, 0x78, 0x9C, 0xFB, 0xCF, 0xC9, 0xC0, 0xC0, 0xE0, 0xF0, 0xFF, 0xBF, 0x3D,
    0x84, 0xBA, 0x0F, 0xA1, 0xFE, 0x73, 0x80, 0xA9, 0xBF, 0xFA, 0x60, 0xEA, 0xE9, 0x79, 0x30, 0x15,
    0xF2, 0x9F, 0x1D, 0x44, 0xB1, 0xFC, 0xD6, 0x07, 0x53, 0x1F, 0xF7, 0x83, 0xA9, 0x84, 0xFF, 0x6C,
    0x20, 0x8A, 0xE1, 0x8F, 0x1C, 0x98, 0xFA, 0xB4, 0x1E, 0x4C, 0x15, 0xFC, 0x77, 0x05, 0x51, 0x0C,
    0x7F, 0xE3, 0xC0, 0xD4, 0xE7, 0xFB, 0x60, 0xAA, 0xE1, 0x3F, 0x98, 0x62, 0xF8, 0x0B, 0xA1, 0xBE,
    0x40, 0xA8, 0x09, 0xFF, 0x01, 0x57, 0xA8, 0x3F, 0x4E, 0x78, 0x9C, 0x63, 0x60, 0x38, 0xFE, 0x6F,
    0x2E, 0x13, 0x03, 0x03, 0xC3, 0xE3, 0xFF, 0xFF, 0xFF, 0xE7, 0x33, 0x30, 0x28, 0xFC, 0xF3, 0x61,
    0x98, 0xF4, 0x9F, 0x95, 0x61, 0xC3, 0x79, 0xA0, 0xD8, 0x0F, 0x39, 0x86, 0xCF, 0xFA, 0x40, 0xFA,
    0x42, 0x3D, 0xC3, 0x0F, 0x1E, 0x20, 0x5D, 0x70, 0x9F, 0xE1, 0x0F, 0x3B, 0x90, 0x36, 0xF8, 0xCF,
    0xF0, 0x8F, 0x15, 0x48, 0x0B, 0xFC, 0x67, 0xFA, 0xCF, 0x02, 0xA4, 0x19, 0xFE, 0x33, 0x43, 0x69,
    0x16, 0x18, 0x1F, 0x26, 0xFF, 0x87, 0x03, 0xA2, 0x1E, 0xA6, 0x1F, 0x66, 0x1E, 0xD8, 0xFC, 0xEF,
    0xF2, 0x70, 0xFB, 0x18, 0x1E, 0x41, 0xEC, 0x67, 0x80, 0xBA, 0x07, 0x00, 0xAA, 0xDD, 0x30, 0xB5,
    0x78, 0x9C, 0xFB, 0xFF, 0xFF, 0xFF, 0xFB, 0x1A, 0x46, 0x86, 0xFF, 0x20, 0x60, 0xC7, 0xF0, 0x9F,
    0x85, 0x81, 0xE1, 0xCA, 0x7B, 0x46, 0x10, 0x25, 0xF0, 0x8F, 0x1D, 0x44, 0x31, 0xFC, 0xE0, 0x05,
    0x53, 0x5F, 0xF9, 0x91, 0x29, 0x88, 0xA0, 0xC0, 0x3F, 0x0E, 0x20, 0x25, 0x00, 0xD2, 0x00, 0xD5,
    0xFE, 0xFF, 0xFF, 0xBD, 0x6A, 0x46, 0xB0, 0x29, 0x40, 0x40, 0x3C, 0x05, 0x00, 0x27, 0x4B, 0x2C,
    0x35, 0x78, 0x9C, 0x63, 0x60, 0x38, 0xFE, 0x6F, 0x2E, 0x13, 0x03, 0x03, 0xC3, 0xE3, 0xFF, 0xFF,
    0xFF, 0xE7, 0x33, 0x30, 0x28, 0xFC, 0xF3, 0x61, 0x98, 0xF4, 0x9F, 0x95, 0x61, 0xC3, 0x79, 0xA0,
    0xD8, 0x0F, 0x39, 0x86, 0xCF, 0xFA, 0x40, 0xFA, 0x42, 0x3D, 0xC3, 0x0F, 0x1E, 0x20, 0x5D, 0x70,
    0x9F, 0xE1, 0x0F, 0x3B, 0x90, 0x36, 0xF8, 0xCF, 0xF0, 0x8F, 0x15, 0x48, 0x0B, 0xFC, 0x67, 0xFA,
    0xCF, 0x02, 0xA4, 0x19, 0xFE, 0x33, 0x43, 0x69, 0x16, 0x18, 0x1F, 0x26, 0xFF, 0x87, 0x03, 0xA2,
    0x1E, 0xA6, 0x1F, 0x66, 0x1E, 0xD8, 0xFC, 0xEF, 0xF2, 0x60, 0xFB, 0x36, 0x01, 0xED, 0x63, 0x78,
    0x04, 0xB4, 0xBF, 0x1E, 0xA4, 0xF7, 0xF8, 0xBF, 0xFF, 0xEF, 0x99, 0x41, 0x0C, 0x06, 0x83, 0x7F,
    0xF1, 0x60, 0x9A, 0xE1, 0xE0, 0x7F, 0x46, 0x08, 0xC3, 0x92, 0x01, 0x00, 0x97, 0xD9, 0x35, 0xBE,
    0x78, 0x9C, 0xFB, 0xFF, 0xFF, 0xFF, 0x3D, 0x09, 0x06, 0x86, 0xFF, 0x20, 0xC0, 0xC2, 0x00, 0x44,
    0x06, 0x7F, 0xF4, 0x41, 0x14, 0xC3, 0x85, 0x7E, 0x30, 0x55, 0x70, 0x1F, 0x4C, 0x05, 0xFC, 0x47,
    0xA6, 0x1A, 0x20, 0x82, 0x0F, 0xC1, 0x4A, 0x1C, 0xFF, 0xF2, 0x81, 0xB5, 0xDF, 0x67, 0x02, 0x53,
    0xFC, 0x0C, 0x20, 0xC1, 0xCF, 0xFE, 0x60, 0x6A, 0xC1, 0x79, 0x30, 0xA5, 0xF0, 0x9F, 0x15, 0xAC,
    0xE1, 0x27, 0x2F, 0x98, 0xFA, 0x98, 0x0F, 0x31, 0xFA, 0x3D, 0x98, 0x62, 0xF8, 0xC7, 0x01, 0x00,
    0xD7, 0x02, 0x34, 0x6A, 0x78, 0x9C, 0x63, 0x70, 0x78, 0xF5, 0xBE, 0x86, 0x81, 0x81, 0xE1, 0xE7,
    0xFF, 0xFF, 0xFF, 0x6D, 0x19, 0x1A, 0xFE, 0x8B, 0x33, 0x1C, 0x79, 0xCF, 0xF8, 0x21, 0x1F, 0x28,
    0xF2, 0x97, 0xE3, 0x33, 0x3F, 0x90, 0xFA, 0xC6, 0xFB, 0x59, 0x1E, 0x48, 0x4D, 0xE2, 0xF8, 0x30,
    0x9F, 0x01, 0x04, 0x1A, 0xFE, 0x7B, 0x83, 0xE9, 0x9F, 0xFF, 0xE7, 0x31, 0x03, 0x29, 0x87, 0x3F,
    0xFF, 0xCF, 0xB3, 0x00, 0x69, 0x85, 0x1B, 0xFF, 0xEB, 0xC1, 0xE2, 0x47, 0xFE, 0xB3, 0x82, 0xE9,
    0xDF, 0x3C, 0x33, 0x99, 0x80, 0xD4, 0x57, 0xFE, 0xBF, 0x6C, 0x60, 0xEA, 0x87, 0x1C, 0x90, 0xFA,
    0xC5, 0x73, 0xF1, 0xBD, 0x18, 0xC3, 0xA2, 0xFF, 0x2C, 0x02, 0x7F, 0x80, 0xF6, 0x01, 0x35, 0x04,
    0xBC, 0xFE, 0x3F, 0x97, 0x89, 0x01, 0x00, 0x4F, 0x23, 0x2F, 0x0B, 0x78, 0x9C, 0xFB, 0xF1, 0x1F,
    0x0C, 0xBE, 0x43, 0x28, 0x06, 0x06, 0x86, 0xFF, 0x2C, 0x0C, 0x0C, 0xF4, 0xA6, 0x00, 0xE5, 0x4D,
    0x1F, 0x17, 0x78, 0x9C, 0xFB, 0xCF, 0xC2, 0xC0, 0xC0, 0xF0, 0x85, 0xFF, 0x3F, 0x0D, 0xA8, 0x7F,
    0xAC, 0x40, 0xEA, 0x2B, 0xDF, 0x1F, 0x0E, 0x20, 0xF5, 0x83, 0xE7, 0x9B, 0x1C, 0x03, 0x83, 0xC0,
    0x3F, 0xB6, 0x0B, 0xEF, 0x59, 0x19, 0x9E, 0x9E, 0x67, 0x50, 0xF8, 0xFB, 0xFF, 0xFF, 0x7F, 0x19,
    0x06, 0x86, 0x84, 0xD7, 0xEF, 0xA3, 0x19, 0x18, 0x00, 0x5D, 0x25, 0x2A, 0xC8, 0x78, 0x9C, 0xFB,
    0x2E, 0xCF, 0x00, 0x04, 0x9F, 0xF2, 0x3F, 0xE5, 0x83, 0xE8, 0xEF, 0xF2, 0x07, 0xF6, 0x83, 0xE8,
    0x3F, 0xDC, 0x09, 0xFF, 0x81, 0x94, 0xC0, 0x7F, 0x36, 0x81, 0xFF, 0xAC, 0x0C, 0x0C, 0x09, 0xFF,
    0x19, 0x19, 0x7E, 0x73, 0x31, 0x30, 0x80, 0x24, 0xBF, 0xF1, 0x33, 0x30, 0x7C, 0x8C, 0x87, 0x60,
    0x10, 0x7B, 0xC3, 0x7A, 0x06, 0xB0, 0x5C, 0xC0, 0x7F, 0xA0, 0x72, 0x16, 0xA0, 0xA6, 0xFF, 0x2C,
    0x09, 0xEF, 0x41, 0x66, 0xFC, 0xE2, 0xDC, 0x30, 0x1F, 0x44, 0x7F, 0xE5, 0xFB, 0xE0, 0x0F, 0xA2,
    0x3F, 0xF8, 0x7F, 0xE5, 0x03, 0xD1, 0x0B, 0xE6, 0xFF, 0xE2, 0x04, 0xD1, 0x0E, 0xEF, 0xFF, 0x33,
    0x83, 0x68, 0x86, 0x7F, 0x60, 0xE5, 0x0C, 0x0C, 0x3F, 0xFB, 0x21, 0xF4, 0x17, 0x7B, 0x20, 0x01,
    0x00, 0x9B, 0xFB, 0x2A, 0x94, 0x78, 0x9C, 0x25, 0x8E, 0xC1, 0x0D, 0x82, 0x00, 0x10, 0x04, 0x47,
    0xA3, 0x18, 0x42, 0x00, 0xBF, 0xBE, 0xB4, 0x03, 0xED, 0x00, 0x3A, 0xA0, 0x03, 0xB5, 0x03, 0xED,
    0x40, 0x3A, 0xB0, 0x04, 0xED, 0x00, 0x3A, 0x80, 0x0E, 0xB4, 0x03, 0xE9, 0x00, 0x10, 0x09, 0x08,
    0xEA, 0x79, 0xC6, 0xCF, 0x64, 0x1F, 0x9B, 0x9D, 0xBD, 0x7B, 0x80, 0x8C, 0xE1, 0x7A, 0xCC, 0x76,
    0xB0, 0x10, 0x13, 0x8A, 0x20, 0x8E, 0x60, 0x2B, 0x0E, 0x54, 0xF3, 0xFD, 0x0D, 0xCE, 0xB2, 0x84,
    0xC6, 0x5E, 0xC9, 0x80, 0x2C, 0xD1, 0x56, 0x67, 0x22, 0x23, 0xAA, 0xB5, 0xB6, 0x3E, 0x06, 0xAF,
    0x09, 0xCD, 0x2C, 0x67, 0x2A, 0x43, 0x5A, 0x8B, 0x7E, 0xFC, 0x1E, 0xFA, 0x39, 0xD4, 0x0E, 0x32,
    0x78, 0x1A, 0x61, 0x02, 0xE5, 0xD2, 0xBF, 0xF0, 0xB0, 0xE2, 0x03, 0x64, 0x9B, 0xF0, 0x48, 0xE1,
    0x64, 0x81, 0x8E, 0x9E, 0x52, 0x8F, 0xD4, 0xBB, 0xBB, 0xAA, 0xBA, 0x94, 0x2E, 0xE1, 0xA1, 0xB6,
    0x61, 0x25, 0xB5, 0x85, 0x9F, 0xB4, 0xE6, 0xEF, 0x56, 0x67, 0x40, 0xDE, 0xE9, 0x39, 0x7A, 0x1D,
    0xFF, 0x83, 0x56, 0x0F, 0xD1, 0xA8, 0x01, 0x1E, 0x27, 0x45, 0x15, 0xFD, 0x62, 0xB9, 0x51, 0x14,
    0x6A, 0xF8, 0x02, 0x75, 0x4E, 0x4B, 0x22, 0x78, 0x9C, 0xBB, 0x70, 0x9F, 0x81, 0x81, 0x41, 0xE1,
    0x3F, 0xA7, 0xC3, 0x7F, 0x76, 0x06, 0x86, 0x0D, 0xEF, 0x19, 0x19, 0x7E, 0xC9, 0x33, 0x30, 0x7C,
    0xCD, 0x67, 0x60, 0xF8, 0xB8, 0x9E, 0x81, 0xE1, 0x1F, 0x0F, 0x03, 0x43, 0xC1, 0x7F, 0xE6, 0x86,
    0xFF, 0xCC, 0x40, 0x45, 0x7F, 0x79, 0x3E, 0xCD, 0x07, 0x52, 0x0C, 0x5F, 0xF2, 0x7F, 0xC9, 0x81,
    0xE8, 0x05, 0xFF, 0xFF, 0xB3, 0x31, 0x80, 0x35, 0x9F, 0x67, 0x00, 0x83, 0xDF, 0xF9, 0x60, 0xCA,
    0xE0, 0xFF, 0x7B, 0x30, 0x7D, 0xE0, 0xFD, 0x7F, 0x0E, 0x10, 0xFD, 0x2D, 0xFE, 0xA7, 0x3E, 0x90,
    0x12, 0xF8, 0xC7, 0xFD, 0x70, 0x3F, 0x90, 0x9E, 0xF0, 0x9F, 0x29, 0xE1, 0x3F, 0x2B, 0x03, 0xC3,
    0xE7, 0x7E, 0x06, 0x86, 0x3F, 0x7C, 0x10, 0x0C, 0x64, 0x83, 0xC5, 0x16, 0xFC, 0x67, 0x7A, 0x08,
    0x32, 0x4C, 0xE0, 0x3F, 0x37, 0x00, 0x9D, 0xBB, 0x30, 0xD0, 0x78, 0x9C, 0xBB, 0x70, 0x9E, 0x01,
    0x08, 0x7E, 0xE8, 0x07, 0xFC, 0x67, 0x01, 0xD2, 0xFF, 0x39, 0x19, 0xFE, 0xF2, 0x30, 0x30, 0x14,
    0xFC, 0x67, 0x62, 0xF8, 0x6A, 0xCF, 0xC0, 0xF0, 0x60, 0x3E, 0x03, 0xC3, 0x81, 0xFD, 0x0C, 0x0C,
    0xDF, 0xE5, 0x19, 0x18, 0x1C, 0xFE, 0x33, 0x33, 0xFC, 0xE3, 0x00, 0xAA, 0xF9, 0xC3, 0x95, 0xF0,
    0x9F, 0x11, 0x48, 0x7F, 0xD1, 0xBF, 0xD0, 0x0F, 0xD2, 0x7B, 0x60, 0xFD, 0x57, 0x79, 0x10, 0x6D,
    0xF0, 0xFF, 0x2F, 0x48, 0x9A, 0x81, 0xE1, 0xF7, 0x7B, 0x30, 0xC5, 0xF0, 0xB9, 0x1E, 0x42, 0x7F,
    0xF0, 0x27, 0x83, 0x06, 0x00, 0xD5, 0x00, 0x24, 0xE0, 0x78, 0x9C, 0xFB, 0xFF, 0x1F, 0x04, 0xF8,
    0xFF, 0x43, 0x28, 0x06, 0x20, 0x50, 0xF8, 0xCF, 0x0E, 0xA2, 0x0E, 0x9C, 0x07, 0x91, 0x0C, 0xDF,
    0xF5, 0x91, 0xC5, 0xEE, 0x83, 0xC5, 0x7E, 0xD8, 0x83, 0x48, 0x83, 0xFF, 0x1C, 0x20, 0xEA, 0x02,
    0x39, 0x62, 0x0C, 0xFF, 0x51, 0xAC, 0x05, 0x00, 0xA1, 0xF6, 0x2C, 0x53, 0x78, 0x9C, 0xFB, 0xFF,
    0x9F, 0xE3, 0xFF, 0x7F, 0xF6, 0xFF, 0x2C, 0x0C, 0x14, 0x21, 0xA0, 0x09, 0xFF, 0x39, 0x00, 0x73,
    0xEE, 0x1D, 0x56, 0x78, 0x9C, 0xFB, 0xCA, 0xCB, 0x00, 0x04, 0x0F, 0xEC, 0x41, 0xE4, 0x84, 0xF9,
    0x20, 0xD2, 0xE0, 0x3D, 0x88, 0x64, 0xF8, 0xCB, 0x0A, 0x22, 0xBF, 0x73, 0x83, 0xC8, 0x8F, 0xF2,
    0x20, 0x72, 0x43, 0x3E, 0x88, 0x0C, 0x38, 0x0F, 0x96, 0xFE, 0xCF, 0x04, 0x22, 0x7F, 0x72, 0x80,
    0xC8, 0xCF, 0x7C, 0x20, 0xF2, 0x82, 0x3F, 0x88, 0x2C, 0x58, 0x0F, 0x22, 0x15, 0xFE, 0x33, 0x82,
    0xA8, 0x3F, 0x6C, 0x20, 0xF2, 0x1B, 0x0F, 0x88, 0xFC, 0xA0, 0x0F, 0x22, 0x17, 0xF4, 0x83, 0x48,
    0x87, 0xF7, 0x0C, 0x00, 0x20, 0xDB, 0x15, 0xA4, 0x78, 0x9C, 0xFB, 0xF1, 0xDF, 0xFF, 0xFB, 0x7F,
    0x7F, 0x86, 0x0F, 0x14, 0x21, 0xA0, 0x09, 0x3F, 0xFE, 0xFB, 0x03, 0x00, 0x38, 0x63, 0x23, 0x42,
    0x78, 0x9C, 0x01, 0x2D, 0x00, 0xD2, 0xFF, 0x00, 0x00, 0xFF, 0x03, 0x00, 0x00, 0x20, 0xFF, 0x09,
    0x00, 0x00, 0x90, 0xFF, 0x0F, 0x00, 0x00, 0xF0, 0xAF, 0x6F, 0x00, 0x00, 0xF6, 0x3A, 0xCF, 0x00,
    0x00, 0xFC, 0x03, 0xFD, 0x03, 0x30, 0xDF, 0x00, 0xF7, 0x09, 0x90, 0x7F, 0x00, 0xF1, 0x0F, 0xF0,
    0x1F, 0x00, 0xA0, 0x6F, 0x4C, 0x51, 0x10, 0x11, 0x78, 0x9C, 0xFB, 0xFF, 0x1F, 0x08, 0xF8, 0xFF,
    0x83, 0x49, 0x00, 0x46, 0x3E, 0x0A, 0x15, 0x78, 0x9C, 0x2B, 0xF0, 0x60, 0x48, 0xF8, 0xCF, 0xC4,
    0xF0, 0x83, 0x87, 0x61, 0x42, 0x3D, 0x00, 0x1A, 0x71, 0x04, 0x2D, 0x78, 0x9C, 0x63, 0x38, 0xF6,
    0x7F, 0x1E, 0x13, 0xC3, 0xC1, 0xFF, 0xFF, 0xFF, 0xDB, 0x33, 0xFC, 0xF2, 0x63, 0xB8, 0x7C, 0x9F,
    0x61, 0x37, 0x0B, 0x83, 0xC1, 0x7F, 0x26, 0x06, 0x20, 0xF8, 0xCF, 0xCC, 0xB0, 0xE4, 0xED, 0xFF,
    0xFF, 0x2C, 0x0B, 0x80, 0xB2, 0xFF, 0x59, 0xBE, 0xCF, 0x17, 0x66, 0xF8, 0xCF, 0xF2, 0x97, 0x13,
    0x28, 0xCE, 0xF2, 0x9F, 0x05, 0x44, 0xFE, 0x63, 0x63, 0x48, 0xF8, 0xCF, 0xF2, 0xD3, 0x8E, 0xE1,
    0xFB, 0x7F, 0xD6, 0x87, 0xFF, 0xFF, 0x9F, 0xFF, 0xCF, 0x2E, 0xF0, 0xF2, 0x3E, 0xFB, 0x49, 0x0E,
    0x00, 0x8D, 0x64, 0x28, 0x3A, 0x78, 0x9C, 0xFB, 0xCF, 0xC2, 0x00, 0x04, 0xFF, 0x71, 0x91, 0x21,
    0x7F, 0xCE, 0xB3, 0x32, 0xFC, 0xFF, 0xF3, 0xFF, 0x7F, 0x3F, 0xC3, 0xFF, 0xF9, 0x8C, 0x13, 0xFF,
    0xB3, 0xFC, 0xE7, 0x63, 0x60, 0xF8, 0xC3, 0xFD, 0x9F, 0x8D, 0x81, 0xE1, 0x2B, 0x3F, 0x48, 0xCD,
    0x27, 0x7D, 0x10, 0xF9, 0xC1, 0x1E, 0x41, 0x02, 0x45, 0x80, 0xB2, 0xDF, 0xF8, 0xA1, 0x2A, 0x41,
    0xBA, 0x98, 0xFF, 0xFF, 0x02, 0x9B, 0x10, 0x08, 0x32, 0x0D, 0x00, 0x84, 0x4A, 0x2B, 0xAD, 0x78,
    0x9C, 0x63, 0x68, 0xFC, 0xBB, 0x8F, 0x85, 0x41, 0xE1, 0xDF, 0xFF, 0xFF, 0xF3, 0x19, 0x2E, 0x9C,
    0x67, 0x2E, 0xF8, 0xCF, 0xFA, 0x4D, 0x9E, 0x81, 0xE1, 0x07, 0xCF, 0x6F, 0x2E, 0x06, 0x86, 0x47,
    0xBC, 0xFF, 0xD8, 0x18, 0x80, 0xE0, 0x3F, 0x0B, 0x82, 0x84, 0x88, 0xFC, 0xE6, 0x64, 0x60, 0x68,
    0xE4, 0x00, 0xA9, 0xFC, 0xCE, 0x0B, 0xD4, 0x95, 0xF0, 0x9F, 0x15, 0x64, 0x42, 0x3F, 0x50, 0x10,
    0x64, 0x1A, 0x00, 0x10, 0xA4, 0x1D, 0xC4, 0x78, 0x9C, 0x63, 0x60, 0x60, 0x60, 0xF8, 0xE0, 0xCF,
    0x80, 0x8B, 0x5C, 0xF4, 0xAF, 0xF7, 0x83, 0xBF, 0xC1, 0xFF, 0xFF, 0xFF, 0xFF, 0xF8, 0x3F, 0xB8,
    0xCF, 0x9C, 0xF0, 0xDF, 0xFF, 0x9B, 0x3C, 0x03, 0xC3, 0x17, 0xFF, 0xDF, 0x5C, 0x20, 0xD9, 0x7F,
    0x6C, 0x20, 0xF2, 0x3F, 0x0B, 0x82, 0x84, 0x88, 0x40, 0x64, 0x21, 0x2A, 0x2F, 0xDC, 0x67, 0x0E,
    0xF8, 0x0F, 0x35, 0x01, 0x64, 0xDA, 0x05, 0x7F, 0x00, 0x2C, 0xD6, 0x2E, 0xE6, 0x78, 0x9C, 0x63,
    0x48, 0xF8, 0xB3, 0x8F, 0x95, 0x41, 0xE0, 0xCF, 0xFF, 0xFF, 0xFD, 0x0C, 0x1B, 0xEE, 0xB3, 0x14,
    0xFC, 0x67, 0xF9, 0xA2, 0xCF, 0xC0, 0xF0, 0x93, 0xFB, 0x17, 0x17, 0x03, 0xC3, 0x67, 0xFE, 0x7F,
    0x6C, 0x0C, 0x0C, 0x1F, 0xF4, 0xFF, 0x83, 0x80, 0x3D, 0x84, 0xFC, 0xC7, 0xCA, 0x00, 0x04, 0xBF,
    0xB9, 0x40, 0xE4, 0x37, 0x7B, 0x06, 0x86, 0x00, 0xC6, 0x0B, 0xEF, 0x59, 0x15, 0x7E, 0xF0, 0x0A,
    0xFC, 0xFD, 0xFF, 0xFF, 0x3D, 0x13, 0x43, 0xC1, 0x9F, 0xFB, 0x12, 0x0C, 0x00, 0x83, 0xAC, 0x26,
    0x59, 0x78, 0x9C, 0x63, 0x10, 0xB8, 0x71, 0x8F, 0xE1, 0xE1, 0xFF, 0xFF, 0x0C, 0x3F, 0xFD, 0x18,
    0x18, 0xFE, 0xB2, 0x33, 0x30, 0xFC, 0x67, 0x01, 0xE3, 0xFF, 0xFF, 0xFF, 0xF3, 0x83, 0x30, 0x8C,
    0x4F, 0x2C, 0x06, 0x00, 0xEA, 0x48, 0x1B, 0x33, 0x78, 0x9C, 0x63, 0x58, 0xF4, 0xAF, 0xF6, 0x82,
    0xBF, 0xC1, 0xFF, 0xFF, 0xFF, 0xFF, 0xF8, 0x3F, 0xB8, 0xCF, 0x9C, 0xF0, 0xDF, 0xFF, 0x9B, 0x3C,
    0x03, 0xC3, 0x57, 0xFF, 0xDF, 0x5C, 0x0C, 0x0C, 0x1F, 0xFC, 0xFF, 0xB1, 0x81, 0xC8, 0xFF, 0x2C,
    0x08, 0x12, 0x22, 0x02, 0x91, 0x05, 0xA9, 0xFC, 0x02, 0xD2, 0x15, 0xF0, 0x1F, 0x6A, 0x02, 0xC3,
    0xA2, 0x7F, 0xBD, 0x1F, 0xEC, 0x19, 0x80, 0xE0, 0x93, 0xBE, 0x03, 0x13, 0x03, 0xC3, 0x0F, 0xBE,
    0x4F, 0x79, 0x8C, 0x85, 0xFF, 0xD9, 0x1B, 0x80, 0xB2, 0xEB, 0x19, 0x18, 0x16, 0xFF, 0xDD, 0xC7,
    0xCA, 0x00, 0x00, 0x18, 0x72, 0x34, 0x6C, 0x78, 0x9C, 0xFB, 0xCF, 0xC2, 0x00, 0x04, 0xFF, 0x71,
    0x91, 0x26, 0xAF, 0xCF, 0xB3, 0x32, 0xFC, 0xFF, 0xF9, 0xFF, 0x7F, 0x3C, 0xC3, 0xFF, 0xF5, 0x8C,
    0x87, 0xDE, 0x33, 0xFC, 0xE7, 0x67, 0x30, 0xF8, 0xCF, 0xF4, 0x9F, 0x03, 0x28, 0xC7, 0x0C, 0x52,
    0xF3, 0x9F, 0x85, 0x54, 0x12, 0x00, 0x31, 0xB2, 0x26, 0x35, 0x78, 0x9C, 0xBB, 0xC5, 0xF0, 0x9F,
    0x79, 0x07, 0x03, 0x08, 0xFC, 0x67, 0xC1, 0x0D, 0x01, 0x31, 0x84, 0x10, 0xBF, 0x78, 0x9C, 0x63,
    0x58, 0x20, 0xCB, 0xF0, 0xC1, 0x9E, 0xA1, 0x81, 0x9B, 0x01, 0x02, 0x3E, 0xF8, 0x93, 0x82, 0xEC,
    0x19, 0xBE, 0xC9, 0x7F, 0xFF, 0xCF, 0xFD, 0x6D, 0x1D, 0x23, 0x00, 0x56, 0x51, 0x1B, 0x13, 0x78,
    0x9C, 0xFB, 0xCF, 0xC2, 0x00, 0x04, 0xFF, 0x71, 0x93, 0x17, 0xEE, 0x33, 0x02, 0xC9, 0xDF, 0x72,
    0x40, 0xF6, 0x82, 0xFF, 0xCC, 0x40, 0xF2, 0x87, 0x3F, 0x50, 0x3C, 0xE5, 0x3F, 0x2B, 0x90, 0xFC,
    0xD1, 0x0F, 0x52, 0xF3, 0x7F, 0x3D, 0x88, 0x7C, 0x0F, 0x16, 0xE1, 0xFF, 0x29, 0x0F, 0x24, 0x59,
    0x2F, 0x9C, 0x07, 0xE9, 0x35, 0xF8, 0xCF, 0x0E, 0x32, 0xE1, 0xBB, 0x3D, 0x88, 0x3C, 0x70, 0x1F,
    0x44, 0x2A, 0xFC, 0xE7, 0x04, 0x00, 0xE9, 0xE4, 0x27, 0x62, 0x78, 0x9C, 0xFB, 0xCF, 0xF2, 0x9F,
    0x08, 0x08, 0x00, 0x80, 0x5D, 0x13, 0x3A, 0x78, 0x9C, 0xFB, 0x9F, 0xF2, 0xE7, 0x3C, 0x4B, 0xC1,
    0xDF, 0xF3, 0x2C, 0x0C, 0xFF, 0xFF, 0xFD, 0xFF, 0x1F, 0xFF, 0x07, 0x88, 0x19, 0x80, 0xE8, 0xD2,
    0xFF, 0x7A, 0xC6, 0x43, 0xF7, 0x19, 0xFE, 0x73, 0x33, 0x18, 0xFC, 0xE7, 0x01, 0x62, 0xA6, 0xFF,
    0xAC, 0x0C, 0x0C, 0xFF, 0x39, 0x80, 0x98, 0xF9, 0x3F, 0x0B, 0x90, 0x04, 0x63, 0x6A, 0xB3, 0x00,
    0x99, 0x17, 0x34, 0x4A, 0x78, 0x9C, 0xFB, 0xEF, 0xF2, 0xFB, 0x3C, 0x2B, 0xC3, 0xFF, 0x3F, 0xFF,
    0xFF, 0xC7, 0x33, 0xFC, 0xEF, 0x67, 0x3C, 0xF4, 0x9E, 0xE1, 0x3F, 0x2F, 0x83, 0xC1, 0x7F, 0xA6,
    0xFF, 0xAC, 0x0C, 0x0C, 0xFF, 0x99, 0xFF, 0xB3, 0x00, 0x49, 0x16, 0x52, 0x49, 0x00, 0x2E, 0xB4,
    0x21, 0x24, 0x78, 0x9C, 0x63, 0x48, 0xF8, 0x73, 0x9E, 0x8D, 0x41, 0xE0, 0xCF, 0xFF, 0xFF, 0xE7,
    0x19, 0x37, 0xBC, 0x67, 0x09, 0xF8, 0xC7, 0xFD, 0xC5, 0x9E, 0x81, 0xE1, 0xB3, 0xFF, 0x2F, 0x6E,
    0x06, 0x86, 0x0D, 0xEB, 0xFF, 0xB1, 0x31, 0x30, 0x14, 0xBC, 0xFF, 0xCF, 0xC2, 0xC0, 0x10, 0xF0,
    0x1F, 0x42, 0x82, 0x44, 0x12, 0xDE, 0x43, 0x64, 0xBF, 0x82, 0x55, 0x1E, 0x78, 0xCF, 0xE2, 0xF0,
    0x8F, 0x07, 0x64, 0xC2, 0x7D, 0x46, 0x86, 0x82, 0x3F, 0xE7, 0xD9, 0x19, 0x00, 0x2E, 0xE9, 0x25,
    0x3E, 0x78, 0x9C, 0xFB, 0x1F, 0xF8, 0xE7, 0x3C, 0x2B, 0xC3, 0xFF, 0xDF, 0xFF, 0xFF, 0xF7, 0x33,
    0xFC, 0xEF, 0x67, 0xDC, 0xF4, 0x9F, 0xE5, 0x3F, 0x0F, 0x03, 0xC3, 0x5F, 0xEE, 0xFF, 0x2C, 0x0C,
    0x0C, 0xDF, 0xF8, 0x41, 0xE4, 0x27, 0x7D, 0x10, 0xF9, 0xC1, 0x1E, 0x41, 0x42, 0x44, 0x80, 0xB2,
    0xDC, 0x60, 0x95, 0xF5, 0x40, 0x5D, 0xCC, 0xFF, 0xFF, 0x81, 0x4D, 0x48, 0x01, 0x9B, 0x06, 0x94,
    0x65, 0xC0, 0x49, 0x02, 0x00, 0x68, 0x2F, 0x2B, 0xCC, 0x78, 0x9C, 0x63, 0x58, 0xF4, 0xAF, 0xF7,
    0x82, 0xBF, 0xC1, 0xFF, 0xFF, 0xFF, 0xFF, 0xFA, 0x3F, 0xB8, 0xCF, 0x12, 0xF0, 0xCF, 0xFF, 0x9B,
    0x3E, 0x03, 0xC3, 0x67, 0xFF, 0xDF, 0x5C, 0x0C, 0x0C, 0x1F, 0xFC, 0xFF, 0xB1, 0x81, 0xC8, 0xFF,
    0x2C, 0x08, 0x12, 0x22, 0x02, 0x91, 0x85, 0xA8, 0x7C, 0x70, 0x9F, 0x19, 0xA8, 0x0B, 0x62, 0x02,
    0x03, 0xD0, 0xB4, 0x8F, 0xFE, 0x0C, 0x0C, 0x20, 0x59, 0x5C, 0x24, 0x00, 0xE1, 0xCA, 0x2F, 0x06,
    0x78, 0x9C, 0xFB, 0x9F, 0xF2, 0x97, 0xFD, 0xFF, 0xEF, 0xFF, 0xEC, 0xFF, 0xFB, 0x19, 0x19, 0xFE,
    0xF3, 0x32, 0x30, 0xFC, 0x67, 0x07, 0x62, 0x16, 0xC2, 0x18, 0x00, 0x74, 0x80, 0x12, 0x24, 0x78,
    0x9C, 0x63, 0x58, 0xF4, 0x6F, 0x1E, 0x13, 0x83, 0xC3, 0xFF, 0xFF, 0xFF, 0xED, 0x19, 0x1E, 0xAC,
    0x67, 0xBC, 0x74, 0x9F, 0xE1, 0xB3, 0x3C, 0x83, 0xC2, 0x7F, 0xA6, 0xCF, 0xFA, 0x0C, 0x0C, 0xC6,
    0x0C, 0x17, 0xDE, 0x8B, 0x31, 0x30, 0x30, 0x28, 0xFC, 0xF9, 0x5F, 0xC3, 0xC8, 0xC0, 0xE0, 0xF0,
    0xF2, 0xBF, 0x1D, 0x90, 0xC7, 0x70, 0xF8, 0x3D, 0x43, 0x39, 0x13, 0x50, 0x0D, 0xF3, 0x5F, 0x76,
    0x06, 0x81, 0xFF, 0xCC, 0xDF, 0xE3, 0x19, 0x36, 0xBD, 0x67, 0xD8, 0x00, 0x34, 0xC1, 0x9F, 0x81,
    0xE1, 0xE8, 0xBF, 0x79, 0x8C, 0x0C, 0x00, 0xAB, 0xC0, 0x22, 0x11, 0x78, 0x9C, 0x63, 0x68, 0xD0,
    0x60, 0x60, 0xF8, 0xE0, 0x0F, 0xC7, 0x3F, 0xFE, 0xFF, 0xEF, 0xFF, 0xFE, 0xFF, 0x7F, 0x3D, 0xB2,
    0x18, 0x4E, 0xFC, 0x60, 0x3E, 0x03, 0xC3, 0x84, 0xFF, 0xFD, 0x0C, 0x0C, 0xBF, 0xEA, 0x01, 0x00,
    0xEE, 0x1B, 0xAC, 0x78, 0x9C, 0xFB, 0xCF, 0xC2, 0xC0, 0xF0, 0x9F, 0xE5, 0x3F, 0x59, 0xE4, 0x5F,
    0x0E, 0x06, 0x83, 0xFF, 0x2C, 0x3F, 0xFD, 0x19, 0x9E, 0xFE, 0x67, 0x79, 0xF8, 0xFF, 0xFF, 0xFB,
    0xFF, 0x2C, 0x0A, 0xAF, 0xEE, 0x4B, 0xFE, 0x67, 0x01, 0x00, 0xF7, 0x1B, 0x21, 0x7B, 0x78, 0x9C,
    0xFB, 0xC6, 0xCB, 0xC0, 0x70, 0xA1, 0xFE, 0xA3, 0x3D, 0x03, 0xC3, 0x47, 0xFD, 0x0D, 0xFD, 0x0C,
    0x0C, 0xDF, 0x78, 0x12, 0xEE, 0x33, 0x30, 0xFC, 0x66, 0x17, 0xF8, 0xCF, 0xC4, 0x00, 0x44, 0xBF,
    0xD9, 0x03, 0xCE, 0x83, 0x04, 0x17, 0xD4, 0x33, 0x30, 0x7C, 0x90, 0x7F, 0x20, 0xCF, 0xC0, 0xB0,
    0x21, 0xFF, 0x0B, 0x0F, 0x03, 0x43, 0xC0, 0xFE, 0x1F, 0x6C, 0x0C, 0x0C, 0x0C, 0xFF, 0xFF, 0x31,
    0x02, 0xC9, 0x5F, 0x40, 0x25, 0x0C, 0x0C, 0x5F, 0xF3, 0x41, 0xE4, 0x07, 0xA0, 0x12, 0x00, 0x0B,
    0x87, 0x1B, 0xED, 0x78, 0x9C, 0x1D, 0xCC, 0xC1, 0x0D, 0x82, 0x40, 0x14, 0x45, 0xD1, 0xCB, 0x24,
    0x8E, 0x06, 0x0C, 0xB8, 0xD7, 0x28, 0x1D, 0x48, 0x07, 0xD8, 0x81, 0x76, 0xA0, 0x1D, 0x50, 0x82,
    0x74, 0x80, 0x1D, 0x68, 0x07, 0xB6, 0x60, 0x07, 0xD0, 0x81, 0x76, 0x30, 0x61, 0x12, 0x24, 0x06,
    0xF5, 0xFB, 0xE3, 0xEE, 0x2C, 0xDE, 0xBB, 0x5D, 0x0C, 0x62, 0x49, 0x25, 0x68, 0xD7, 0xAA, 0x88,
    0x43, 0xCD, 0xAD, 0x60, 0x23, 0x09, 0x97, 0x8A, 0xF2, 0xCA, 0x49, 0xB6, 0x3C, 0x72, 0x32, 0x47,
    0x53, 0x9C, 0x69, 0x13, 0x1D, 0x19, 0x3F, 0x77, 0x74, 0x11, 0x0C, 0xB6, 0xB7, 0x83, 0x79, 0x59,
    0x78, 0x86, 0xEF, 0xA0, 0x1F, 0x7F, 0x0C, 0xF8, 0xE5, 0x1D, 0xBF, 0x70, 0x40, 0x73, 0xAC, 0xFE,
    0x1F, 0xB4, 0x91, 0x53, 0xBA, 0xBD, 0x6A, 0x27, 0x31, 0x99, 0xAC, 0x54, 0x33, 0x09, 0xE1, 0x3B,
    0x55, 0x21, 0x23, 0x4D, 0x4D, 0xE0, 0x07, 0x42, 0xA7, 0x30, 0x61, 0x78, 0x9C, 0xFB, 0xD8, 0xCF,
    0xC0, 0xF0, 0x39, 0x3F, 0xE1, 0x3F, 0x13, 0xC3, 0x1F, 0x1E, 0x86, 0x3F, 0x5C, 0x01, 0x40, 0xC6,
    0x67, 0xFB, 0x07, 0x40, 0xC1, 0x86, 0xF3, 0x3F, 0x78, 0x19, 0x18, 0x18, 0xFE, 0xFD, 0x67, 0x01,
    0x92, 0x5F, 0xD6, 0x03, 0x09, 0x86, 0x6F, 0xE7, 0x81, 0x84, 0xC0, 0xFF, 0xFF, 0x6C, 0x0C, 0x0C,
    0x0B, 0xCE, 0x7F, 0x93, 0x03, 0x0A, 0xEB, 0x1F, 0x00, 0x4A, 0xFC, 0xE3, 0x34, 0xF8, 0xCF, 0xD2,
    0xF0, 0x9E, 0x91, 0xE1, 0x17, 0xEF, 0xA7, 0x7C, 0x06, 0x86, 0x8F, 0xFD, 0x00, 0x72, 0xE5, 0x20,
    0xBC, 0x78, 0x9C, 0xFB, 0xC1, 0xC7, 0xC0, 0xF0, 0x21, 0xFE, 0xB3, 0x3D, 0x03, 0xC3, 0x57, 0xFE,
    0x0B, 0xFD, 0x0C, 0x0C, 0xBF, 0xB8, 0x1A, 0xDE, 0x33, 0x30, 0xFC, 0x63, 0x55, 0xF8, 0xCF, 0xEC,
    0xF0, 0x9F, 0x81, 0xE1, 0x0F, 0x47, 0xC3, 0x7A, 0x06, 0x86, 0xEF, 0xBC, 0x17, 0xE2, 0x19, 0x18,
    0x3E, 0xDA, 0x7F, 0xE2, 0x67, 0x60, 0xD8, 0xD0, 0xFF, 0x9D, 0x8B, 0x81, 0x21, 0xE1, 0xFE, 0x1F,
    0x16, 0x06, 0x06, 0x81, 0xFF, 0x40, 0xB5, 0x40, 0x3D, 0xF3, 0x41, 0xE4, 0x57, 0x7F, 0x10, 0xF9,
    0x91, 0x1F, 0x44, 0x7E, 0xE3, 0x04, 0x91, 0x7F, 0x41, 0x4A, 0x16, 0xDD, 0x07, 0xB2, 0x3E, 0xFC,
    0x07, 0x5A, 0xC0, 0x70, 0xE1, 0x3C, 0x33, 0x90, 0x04, 0x00, 0x0A, 0x40, 0x24, 0x14, 0x78, 0x9C,
    0xFB, 0xFF, 0x1F, 0x08, 0x18, 0xFE, 0x83, 0x49, 0x20, 0xF8, 0x9C, 0x0F, 0x22, 0xFF, 0x72, 0x03,
    0x89, 0x09, 0xEF, 0x19, 0x81, 0xE4, 0x97, 0x78, 0x20, 0x21, 0xF0, 0x8F, 0x0B, 0x48, 0x2E, 0x00,
    0x0B, 0x7C, 0xF5, 0x07, 0x09, 0xFC, 0xE7, 0x04, 0x92, 0x07, 0xEE, 0x83, 0x14, 0x7F, 0xB7, 0x07,
    0x91, 0x60, 0x13, 0xF8, 0x21, 0x24, 0x00, 0x8C, 0xF6, 0x21, 0x21, 0x78, 0x9C, 0x63, 0x60, 0x60,
    0x08, 0x63, 0x60, 0xB8, 0xBC, 0x9E, 0x41, 0xE0, 0x1F, 0x07, 0x43, 0xC3, 0x79, 0x06, 0x86, 0x0B,
    0xF5, 0x0C, 0x0C, 0x1F, 0xE2, 0x81, 0xD8, 0x1F, 0x81, 0x3F, 0xEA, 0x33, 0x30, 0x7C, 0xE3, 0x63,
    0x48, 0xFA, 0xCF, 0xC6, 0xF0, 0x7F, 0x3E, 0x03, 0xC3, 0xF7, 0xFF, 0xCC, 0x0C, 0x0C, 0xBF, 0x78,
    0x18, 0x18, 0x3E, 0x01, 0xC5, 0x3F, 0xD8, 0xA3, 0xAA, 0x7D, 0x90, 0xCF, 0xC0, 0xB0, 0x01, 0xA8,
    0xC8, 0xE1, 0x3F, 0x13, 0x03, 0xC3, 0xCF, 0x38, 0x06, 0x86, 0x84, 0x79, 0x0C, 0x0C, 0x0C, 0x02,
    0x00, 0x80, 0x55, 0x1F, 0x12, 0x78, 0x9C, 0xFB, 0xCF, 0xF2, 0x9F, 0x68, 0x08, 0x00, 0xFF, 0xD1,
    0x16, 0x43, 0x78, 0x9C, 0x9B, 0xC4, 0xC4, 0xC0, 0xF0, 0xB5, 0x9E, 0x81, 0xC1, 0xE0, 0x3F, 0x2B,
    0x03, 0xC3, 0x77, 0x5E, 0x06, 0x86, 0xCF, 0xF2, 0x0C, 0x0C, 0x1F, 0xED, 0x19, 0x18, 0x3E, 0xF8,
    0x23, 0xF0, 0x83, 0x78, 0x06, 0x86, 0x05, 0xFB, 0x19, 0x18, 0x14, 0xFE, 0x47, 0x33, 0x30, 0x7C,
    0xFA, 0xCF, 0xC0, 0xF0, 0x77, 0x2D, 0xC3, 0x84, 0xFB, 0x40, 0xF1, 0x7C, 0x54, 0x75, 0x1F, 0x80,
    0xFA, 0x3E, 0xE9, 0x33, 0x30, 0x7C, 0xE3, 0x63, 0x10, 0xF8, 0xC7, 0xCE, 0xF0, 0x64, 0x3D, 0x03,
    0xC3, 0x15, 0x36, 0x06, 0x30, 0x00, 0x00, 0x9E, 0x11, 0x1F, 0x44, 0x78, 0x9C, 0x01, 0x23, 0x00,
    0xDC, 0xFF, 0x20, 0xFB, 0x9E, 0x01, 0x00, 0x30, 0xAB, 0xE1, 0xFF, 0xFF, 0x3E, 0x00, 0x70, 0xDF,
    0xF8, 0x2D, 0x60, 0xFF, 0x05, 0xF3, 0x8F, 0xFE, 0x07, 0x00, 0xE4, 0xFF, 0xFF, 0x0E, 0x99, 0x02,
    0x00, 0x10, 0xEA, 0xAF, 0x01, 0x40, 0xE4, 0x11, 0x47, 0x78, 0x9C, 0x03, 0x00, 0x00, 0x00, 0x00,
    0x01, 0x78, 0x9C, 0x7B, 0xC5, 0xF8, 0x9F, 0x79, 0x07, 0x03, 0x04, 0xFC, 0x67, 0xC1, 0x05, 0x01,
    0x17, 0xB9, 0x0F, 0xCD, 0x78, 0x9C, 0x63, 0x60, 0xF8, 0xC2, 0xCF, 0x00, 0x04, 0x48, 0x64, 0xE3,
    0xFF, 0xFD, 0xAC, 0x0C, 0x0A, 0xFF, 0xFE, 0xFF, 0x9F, 0xCF, 0x70, 0xE1, 0x3E, 0x4B, 0xE1, 0x7F,
    0xD6, 0x6F, 0xF2, 0x0C, 0x0C, 0xDF, 0x79, 0x7E, 0x73, 0x31, 0x30, 0x7C, 0xE4, 0xFB, 0xC7, 0x06,
    0x52, 0xF7, 0x9F, 0x05, 0x41, 0x42, 0x44, 0x7E, 0x73, 0x32, 0x30, 0x34, 0xB0, 0x83, 0x54, 0x7E,
    0xE5, 0xBD, 0x70, 0x9E, 0x39, 0xE1, 0x3F, 0x2B, 0xC8, 0x84, 0x7E, 0xB0, 0x69, 0x2C, 0xA8, 0xE6,
    0x83, 0x49, 0x00, 0xA6, 0x54, 0x23, 0xFA, 0x78, 0x9C, 0x63, 0x60, 0x58, 0xFC, 0xAF, 0x97, 0x91,
    0x81, 0x21, 0xE1, 0xFF, 0xFF, 0xFF, 0x72, 0x0C, 0x0C, 0x9F, 0xFB, 0x19, 0x9E, 0xAC, 0x67, 0x60,
    0xF8, 0xC5, 0xCD, 0xE0, 0xF0, 0x9F, 0x91, 0xE1, 0x1F, 0x1B, 0x03, 0xC3, 0x7F, 0x66, 0x86, 0xFF,
    0x2C, 0x0C, 0x20, 0x80, 0x8D, 0x02, 0xEA, 0x02, 0x2A, 0x80, 0x51, 0x38, 0x54, 0x82, 0x64, 0x18,
    0x14, 0x80, 0xE6, 0x01, 0x41, 0xC3, 0x7D, 0x06, 0x98, 0xBE, 0xFF, 0xFF, 0xF9, 0xA1, 0x14, 0x00,
    0xA8, 0xC3, 0x2B, 0xB1, 0x78, 0x9C, 0x63, 0x60, 0x64, 0x00, 0x01, 0xC6, 0x09, 0x76, 0x01, 0xB7,
    0xCF, 0xB1, 0x6F, 0x90, 0xF9, 0xF4, 0x1F, 0x0C, 0xF2, 0x0D, 0xFE, 0xBF, 0x17, 0x73, 0xF8, 0xF3,
    0x9F, 0x83, 0xE1, 0xBF, 0x2C, 0x03, 0xC3, 0x82, 0xFF, 0x8C, 0x0E, 0xFF, 0x99, 0x81, 0xCA, 0xFE,
    0x71, 0x4C, 0xD8, 0x0F, 0x52, 0xFE, 0x9D, 0xF7, 0x42, 0x3E, 0x88, 0xFE, 0x24, 0xFF, 0xC1, 0x1F,
    0x44, 0x7F, 0xB0, 0x87, 0xD1, 0x50, 0x71, 0xFD, 0x05, 0x10, 0x75, 0x7C, 0x0E, 0xFF, 0x99, 0x80,
    0xF4, 0x5F, 0xB8, 0x39, 0x09, 0xFF, 0xEF, 0xB3, 0x18, 0xFC, 0xFE, 0xCF, 0xFD, 0xE9, 0xFF, 0x3F,
    0xA0, 0x35, 0xFF, 0xFA, 0x13, 0x78, 0x12, 0xDE, 0xDC, 0x97, 0x98, 0xC0, 0xC3, 0x00, 0x05, 0x00,
    0xA8, 0x3A, 0x36, 0xF3, 0x78, 0x9C, 0xFB, 0x38, 0x9F, 0x81, 0x81, 0xE1, 0x53, 0x7F, 0xC3, 0x7F,
    0x46, 0x06, 0x86, 0x9F, 0xF2, 0x02, 0xFF, 0x39, 0x18, 0x40, 0xF8, 0x07, 0x1F, 0x43, 0x01, 0x50,
    0xE4, 0x63, 0x3E, 0xC3, 0x83, 0x7E, 0x06, 0x86, 0x09, 0xF7, 0x19, 0xBE, 0xC9, 0x33, 0x00, 0x25,
    0x58, 0xFE, 0x72, 0x00, 0x55, 0xFF, 0xF4, 0x7E, 0x0F, 0x54, 0xCC, 0xF0, 0xF1, 0x7F, 0x3D, 0x90,
    0x9C, 0xF9, 0xF3, 0xFF, 0xFA, 0x99, 0x2C, 0x0C, 0xFF, 0x41, 0x00, 0x24, 0xF9, 0x9F, 0x85, 0x81,
    0x01, 0x46, 0x81, 0x05, 0xD9, 0xB1, 0xCB, 0xA1, 0x50, 0x00, 0x39, 0x30, 0x2F, 0x53, 0x78, 0x9C,
    0xFB, 0xCF, 0xF2, 0x1F, 0x03, 0x32, 0x00, 0x01, 0xA6, 0xE8, 0x7F, 0x16, 0x00, 0xD1, 0x4F, 0x14,
    0x3D, 0x78, 0x9C, 0x1D, 0x8E, 0x41, 0x0E, 0xC1, 0x50, 0x18, 0x84, 0xA7, 0x69, 0xF1, 0x24, 0xA5,
    0xCF, 0xCA, 0x4A, 0xC2, 0x09, 0xDC, 0x44, 0xDC, 0x40, 0xF7, 0x9A, 0xE0, 0x04, 0xB6, 0xD6, 0x2E,
    0xE0, 0x0A, 0x9C, 0xA0, 0x96, 0x76, 0xB5, 0xB4, 0xE3, 0x00, 0x4D, 0x5E, 0x68, 0x93, 0xF7, 0x84,
    0x1A, 0x7F, 0x3B, 0x9B, 0x6F, 0x31, 0x93, 0x2F, 0x83, 0x38, 0x37, 0x4B, 0x40, 0x7F, 0x49, 0x86,
    0x38, 0x9A, 0xB6, 0xB6, 0x07, 0x3C, 0x17, 0xC0, 0x9A, 0x28, 0x22, 0x29, 0xE8, 0x17, 0x53, 0x00,
    0x03, 0x3C, 0x52, 0xD4, 0x89, 0x99, 0x79, 0x82, 0x33, 0x99, 0x0D, 0x01, 0xB7, 0xBD, 0x90, 0x5D,
    0xFC, 0x14, 0x36, 0xD5, 0x1D, 0x0C, 0x80, 0x39, 0x55, 0xD5, 0x91, 0x81, 0xED, 0xB9, 0x99, 0xA0,
    0x8C, 0xAE, 0x4C, 0x3C, 0xB8, 0x3E, 0xDE, 0xCC, 0x76, 0x54, 0xD0, 0x37, 0xB2, 0x31, 0xBD, 0xB8,
    0x6A, 0x84, 0x27, 0x83, 0x89, 0x60, 0x4C, 0x9F, 0x2D, 0x21, 0xFD, 0x4F, 0x58, 0x5B, 0xBC, 0x32,
    0x0D, 0xB4, 0x4D, 0xE5, 0x87, 0x64, 0x04, 0xEC, 0x73, 0x93, 0x00, 0x7F, 0xD8, 0xBA, 0x45, 0x7F,
    0x78, 0x9C, 0xDB, 0xC1, 0xC0, 0xD0, 0xFD, 0x9F, 0xD9, 0xE0, 0xFF, 0x2D, 0x46, 0x81, 0x75, 0x00,
    0x1F, 0xF0, 0x05, 0x0E, 0x78, 0x9C, 0x63, 0x60, 0x60, 0xD8, 0xF6, 0x6F, 0x1F, 0x2B, 0x03, 0x10,
    0x3C, 0xF9, 0xFF, 0xFF, 0xFF, 0x7D, 0x66, 0x06, 0x86, 0x84, 0xFF, 0x16, 0x0C, 0x0E, 0xBF, 0xFC,
    0x19, 0x18, 0xBE, 0xC8, 0x00, 0x45, 0x0D, 0xDE, 0x31, 0x31, 0x9C, 0x65, 0xD8, 0xFC, 0xDE, 0x9A,
    0xE1, 0x21, 0x77, 0x82, 0xBE, 0x01, 0x50, 0x0D, 0x8B, 0x83, 0xFD, 0x06, 0xCE, 0x03, 0xFB, 0x19,
    0x7E, 0xF3, 0x30, 0xF4, 0x7C, 0x60, 0xF9, 0x68, 0xCF, 0xF0, 0x95, 0x9F, 0xE1, 0xF8, 0x47, 0xC6,
    0xCF, 0xFC, 0x60, 0x43, 0x3E, 0x31, 0x7C, 0x01, 0x33, 0x3E, 0xC3, 0x45, 0xE0, 0x6A, 0xE0, 0xBA,
    0xE0, 0xE6, 0x80, 0x4C, 0xFE, 0xEF, 0xC3, 0xF0, 0x88, 0x9B, 0xE1, 0x33, 0xC4, 0x2E, 0x46, 0x84,
    0xED, 0x60, 0xF7, 0x9C, 0x67, 0x02, 0x19, 0x01, 0x71, 0x21, 0x00, 0xD9, 0x09, 0x40, 0xDA, 0x78,
    0x9C, 0x01, 0x28, 0x00, 0xD7, 0xFF, 0x70, 0xFD, 0x8E, 0x00, 0xF8, 0xDF, 0xFF, 0x08, 0xFE, 0x06,
    0xF3, 0x0E, 0x10, 0x00, 0xF0, 0x0F, 0x50, 0xCA, 0xFC, 0x1F, 0xF7, 0xFF, 0xFF, 0x1F, 0xFE, 0x18,
    0xF0, 0x1F, 0xFF, 0x02, 0xF2, 0x1F, 0xFA, 0xDF, 0xFF, 0x2F, 0xB1, 0xEF, 0xC6, 0x4F, 0xCA, 0x93,
    0x17, 0x2A, 0x78, 0x9C, 0x63, 0x68, 0xB0, 0x6F, 0xF0, 0x67, 0xF8, 0xC2, 0xF9, 0x85, 0x4B, 0xE0,
    0x9D, 0xE0, 0x3B, 0xC6, 0x03, 0xF1, 0x1B, 0xF2, 0x19, 0x7E, 0x72, 0xFF, 0xE0, 0x61, 0xF8, 0xCE,
    0xF3, 0x8D, 0x87, 0x61, 0x43, 0xFE, 0x82, 0x7C, 0x06, 0xA0, 0xC4, 0x3F, 0x46, 0x86, 0x2F, 0x5C,
    0x9F, 0xB9, 0x18, 0x1A, 0xFC, 0x0B, 0xFC, 0x01, 0xF9, 0x0B, 0x13, 0x98, 0x78, 0x9C, 0xFB, 0xFF,
    0x1F, 0x08, 0x98, 0x41, 0xC4, 0x7F, 0x0E, 0x06, 0x20, 0xF8, 0xCF, 0x82, 0x4E, 0x76, 0x30, 0x01,
    0x00, 0x61, 0xA6, 0x0D, 0x95, 0x78, 0x9C, 0xFB, 0xFF, 0x1F, 0x04, 0x00, 0x14, 0xF1, 0x05, 0xFB,
    0x78, 0x9C, 0x63, 0x60, 0x60, 0xD8, 0xF6, 0x6F, 0x1F, 0x2B, 0x03, 0x10, 0x3C, 0xF9, 0xFF, 0xFF,
    0xFF, 0x7D, 0x26, 0x06, 0x86, 0x84, 0xFF, 0x16, 0x0C, 0x0E, 0xBF, 0xEC, 0x19, 0x18, 0xBE, 0xC8,
    0x00, 0x45, 0x0D, 0xDE, 0x31, 0x32, 0x9C, 0x75, 0xF8, 0xFF, 0xBF, 0x96, 0xE1, 0x21, 0x77, 0x82,
    0x3E, 0x90, 0xF1, 0x9F, 0xD3, 0x41, 0x7F, 0x03, 0xA7, 0xC3, 0x7F, 0x86, 0xEF, 0x7C, 0x0C, 0x3D,
    0x1F, 0x58, 0x80, 0x8C, 0x1F, 0x7C, 0x0C, 0xC7, 0x3F, 0x32, 0x82, 0xA4, 0xD8, 0x18, 0x9E, 0x7C,
    0x62, 0x00, 0x32, 0xEE, 0x33, 0x32, 0x7C, 0x06, 0x89, 0x30, 0xFC, 0xE4, 0x62, 0x78, 0x02, 0x56,
    0xF3, 0x85, 0x9F, 0xE1, 0x38, 0x58, 0x17, 0x90, 0xD1, 0x03, 0x32, 0x07, 0xC8, 0x70, 0xD0, 0x67,
    0x38, 0x2B, 0xE0, 0xC2, 0xE0, 0xC0, 0xF2, 0x88, 0x9B, 0xE1, 0x33, 0xCC, 0x2E, 0xB8, 0xED, 0x60,
    0xF7, 0x9C, 0x67, 0x02, 0xB9, 0x0C, 0xE2, 0x42, 0x00, 0x99, 0x89, 0x44, 0x6B, 0x78, 0x9C, 0xFB,
    0xFF, 0x1F, 0x02, 0x00, 0x23, 0xE4, 0x07, 0xF9, 0x78, 0x9C, 0x4B, 0xB8, 0xCB, 0xF6, 0xF5, 0x7F,
    0xFE, 0x5F, 0x93, 0xFB, 0xEF, 0x19, 0xFE, 0xFD, 0x55, 0xBA, 0xFF, 0xED, 0x7F, 0x7E, 0xC1, 0x3B,
    0x76, 0x00, 0x94, 0x9E, 0x0D, 0x6B, 0x78, 0x9C, 0x63, 0x60, 0xF8, 0xE0, 0xCF, 0x00, 0x04, 0xD8,
    0xC9, 0xE7, 0xEF, 0xFE, 0xFD, 0x7F, 0x57, 0xF7, 0xE3, 0x3F, 0x10, 0xF4, 0xE3, 0x52, 0x03, 0x23,
    0x03, 0x44, 0x19, 0xA0, 0xE0, 0x03, 0x48, 0x3D, 0x3F, 0x84, 0x04, 0x00, 0xCF, 0x4A, 0x21, 0x93,
    0x78, 0x9C, 0x01, 0x28, 0x00, 0xD7, 0xFF, 0x60, 0xFD, 0x9E, 0x00, 0xF6, 0xDF, 0xFF, 0x0A, 0xFD,
    0x05, 0xF4, 0x0F, 0x55, 0x00, 0xF3, 0x0E, 0x00, 0x00, 0xFC, 0x07, 0x00, 0xB0, 0xAF, 0x00, 0x10,
    0xFC, 0x0A, 0x00, 0xD1, 0x8F, 0x00, 0x00, 0xFD, 0xCF, 0xCC, 0x0C, 0xFF, 0xFF, 0xFF, 0x0F, 0x7E,
    0xC6, 0x12, 0xBD, 0x78, 0x9C, 0x01, 0x28, 0x00, 0xD7, 0xFF, 0x80, 0xFE, 0x9E, 0x01, 0xFA, 0xDF,
    0xFF, 0x0C, 0x9A, 0x00, 0xF2, 0x0F, 0x00, 0x32, 0xF8, 0x0B, 0x00, 0xFF, 0xDF, 0x00, 0x00, 0x42,
    0xFA, 0x0A, 0x22, 0x00, 0xF1, 0x0F, 0xEE, 0x01, 0xF4, 0x0F, 0xF8, 0xDF, 0xFF, 0x09, 0x70, 0xFD,
    0x8E, 0x00, 0x88, 0xC6, 0x12, 0xE4, 0x78, 0x9C, 0x63, 0x68, 0xD2, 0x60, 0xF8, 0xC3, 0x55, 0xB0,
    0x9F, 0xE1, 0x13, 0x0F, 0x03, 0x00, 0x18, 0xA1, 0x03, 0xDE, 0x78, 0x9C, 0xFB, 0xCF, 0xC2, 0xC0,
    0xF0, 0x9F, 0xE5, 0x3F, 0xF1, 0x24, 0x07, 0x98, 0xE4, 0x02, 0x93, 0xBC, 0x0C, 0x02, 0x40, 0x32,
    0x9E, 0xE1, 0x30, 0x90, 0xFC, 0xFF, 0xFF, 0x3D, 0x90, 0x3C, 0xF1, 0x4F, 0xFB, 0x2F, 0x58, 0x25,
    0x48, 0x1E, 0x3B, 0x09, 0x00, 0x60, 0x2D, 0x27, 0x79, 0x78, 0x9C, 0x63, 0x68, 0xFC, 0xFB, 0xDF,
    0xDF, 0xE1, 0xDF, 0xFF, 0xFF, 0xFE, 0x0F, 0xFF, 0x03, 0x89, 0x1F, 0x20, 0xE2, 0x2F, 0x88, 0xF8,
    0x0F, 0x27, 0xFE, 0xC2, 0x25, 0xC0, 0x4A, 0x1C, 0x40, 0x04, 0x43, 0x13, 0x50, 0x1B, 0x03, 0x03,
    0xC3, 0x07, 0x02, 0x04, 0x00, 0x8F, 0x88, 0x37, 0x74, 0x78, 0x9C, 0xDB, 0xC1, 0xF0, 0x9F, 0xF9,
    0x16, 0x23, 0x00, 0x0A, 0x10, 0x02, 0x96, 0x78, 0x9C, 0x33, 0x62, 0x60, 0xF8, 0x23, 0xCE, 0x30,
    0xE5, 0x3D, 0x83, 0xC0, 0x7F, 0xE6, 0xDF, 0xFF, 0x19, 0xFF, 0xDB, 0x32, 0x28, 0x33, 0x30, 0x00,
    0x00, 0x51, 0x65, 0x07, 0x35, 0x78, 0x9C, 0x63, 0x30, 0xE0, 0x98, 0xF4, 0x4F, 0xFE, 0xC7, 0x1F,
    0x79, 0xC6, 0x0F, 0xF2, 0x0C, 0x18, 0x08, 0x00, 0xB3, 0xF4, 0x0B, 0x65, 0x78, 0x9C, 0x53, 0x78,
    0xB5, 0x9F, 0x99, 0xE1, 0xE1, 0xFB, 0xBF, 0xFA, 0x0C, 0x3F, 0xB9, 0x17, 0xEC, 0x67, 0xF8, 0xC7,
    0xAC, 0xF0, 0x9F, 0xE1, 0x3F, 0x23, 0x10, 0x81, 0x09, 0x30, 0x17, 0x2C, 0x01, 0x56, 0xA2, 0x00,
    0x52, 0x0C, 0x00, 0x4E, 0x0B, 0x16, 0x97, 0x78, 0x9C, 0xFB, 0xCE, 0xFA, 0x99, 0x93, 0xE1, 0x80,
    0x7E, 0x43, 0x3C, 0x83, 0xC1, 0x79, 0x86, 0x7F, 0x4C, 0x0C, 0x3F, 0x39, 0xBE, 0xF0, 0x30, 0x3C,
    0xF0, 0x5F, 0xD0, 0xCF, 0xF0, 0x20, 0x7F, 0xC1, 0x7A, 0x86, 0x1F, 0x9C, 0x5F, 0x78, 0x15, 0xEE,
    0x33, 0xFC, 0x65, 0x02, 0x2B, 0xF9, 0xC6, 0xFA, 0x89, 0x93, 0x01, 0x00, 0x0F, 0xD3, 0x14, 0x87,
    0x78, 0x9C, 0x63, 0x60, 0x10, 0x66, 0x00, 0x03, 0x87, 0x97, 0xFE, 0x10, 0xC6, 0xF7, 0xFF, 0x40,
    0x46, 0x01, 0x33, 0x03, 0x43, 0xCA, 0x47, 0x20, 0xE3, 0x13, 0x27, 0x50, 0xE8, 0x03, 0x90, 0xF1,
    0x8B, 0x11, 0xC2, 0x30, 0xE8, 0x67, 0x80, 0x30, 0x0E, 0xC8, 0x43, 0x19, 0x5F, 0x39, 0xA0, 0x8C,
    0xB7, 0x0C, 0x10, 0x46, 0x42, 0x3D, 0xC3, 0x5F, 0x7E, 0x06, 0x86, 0x06, 0x8D, 0x07, 0x7C, 0x06,
    0xFF, 0xF9, 0x41, 0x62, 0x3F, 0xD8, 0x0E, 0x80, 0x19, 0x02, 0xF7, 0x19, 0xBE, 0xFD, 0x04, 0x31,
    0x26, 0xC4, 0x0B, 0xCC, 0xFB, 0x02, 0x62, 0x7C, 0xE2, 0x5D, 0xC0, 0x03, 0x66, 0xFC, 0x66, 0xF9,
    0xF4, 0xFF, 0xFF, 0x7F, 0x76, 0x06, 0x83, 0xF3, 0x0C, 0x9F, 0x81, 0x0C, 0xA0, 0x99, 0xC6, 0x40,
    0x51, 0xB0, 0x14, 0x03, 0x84, 0x01, 0x00, 0x32, 0xFF, 0x2E, 0xCB, 0x78, 0x9C, 0x63, 0x60, 0x10,
    0x64, 0x00, 0x03, 0x85, 0xE3, 0xFE, 0x10, 0xC6, 0xF7, 0xFF, 0x40, 0x86, 0x02, 0x2B, 0x03, 0x43,
    0xEB, 0x67, 0x20, 0x63, 0x83, 0x3C, 0x50, 0xE8, 0x03, 0x90, 0xF1, 0x95, 0x1D, 0xC2, 0x10, 0xB8,
    0xC7, 0x00, 0x61, 0x2C, 0xB0, 0x87, 0x32, 0xBE, 0x70, 0x42, 0x19, 0xEF, 0x18, 0x21, 0x8C, 0x09,
    0xF1, 0x01, 0x7F, 0xD7, 0x31, 0x31, 0x7C, 0xB0, 0xFF, 0xCC, 0xFD, 0xED, 0xFF, 0x7F, 0x5E, 0xA0,
    0xD8, 0x5F, 0xA6, 0xBF, 0x9C, 0x5F, 0x80, 0xEA, 0x0B, 0xFA, 0x19, 0x52, 0x19, 0x3F, 0xEA, 0x33,
    0x30, 0x7C, 0x02, 0x89, 0xFE, 0xE6, 0x62, 0x60, 0xF8, 0xC3, 0x02, 0xB4, 0xE3, 0x3C, 0x03, 0x43,
    0xC2, 0x7A, 0x06, 0x06, 0x81, 0x3F, 0xDC, 0x0C, 0x0C, 0x13, 0xE4, 0x18, 0x18, 0x2E, 0xF5, 0x43,
    0x9C, 0xC2, 0xF0, 0xEF, 0xFF, 0x7F, 0xB0, 0x2D, 0x0C, 0xFF, 0xFF, 0xFF, 0xF7, 0x07, 0x00, 0x58,
    0xA7, 0x2F, 0x8D, 0x78, 0x9C, 0x0B, 0x78, 0xD3, 0xCB, 0xC8, 0x00, 0x02, 0xDF, 0xFF, 0xFF, 0xE7,
    0x01, 0x33, 0xFE, 0xB1, 0x7C, 0xD3, 0x67, 0x60, 0x08, 0x61, 0x60, 0x30, 0x66, 0xF8, 0x68, 0xCF,
    0xC0, 0x70, 0x0F, 0x28, 0xE4, 0xF4, 0x8B, 0x9B, 0xA1, 0xC1, 0x1F, 0xC8, 0xF8, 0xFF, 0x9E, 0x91,
    0xE1, 0x13, 0x17, 0x58, 0x84, 0x97, 0xE1, 0x37, 0x50, 0xA3, 0x09, 0x50, 0x4D, 0x40, 0x3D, 0x48,
    0x17, 0xF3, 0x37, 0xFD, 0x07, 0xBC, 0x50, 0x73, 0x7E, 0xB0, 0x3C, 0xF8, 0xCF, 0x90, 0xF0, 0xA6,
    0x57, 0x61, 0x3D, 0xC3, 0xD7, 0xFF, 0x20, 0x33, 0x37, 0xC8, 0x0B, 0xFC, 0x03, 0x33, 0xBE, 0xB2,
    0x2F, 0xE8, 0x07, 0x33, 0xEE, 0x31, 0x7C, 0x75, 0x03, 0x31, 0x1A, 0xEC, 0x05, 0xE6, 0x39, 0x80,
    0x18, 0x9F, 0xB8, 0x26, 0xFC, 0xFF, 0xFF, 0x9F, 0x9F, 0x01, 0x68, 0xEC, 0x06, 0x08, 0xC3, 0x11,
    0x28, 0x0A, 0x96, 0x62, 0x80, 0x30, 0x00, 0x39, 0x3C, 0x38, 0x65, 0x78, 0x9C, 0x63, 0x60, 0xB8,
    0xC5, 0xC8, 0xC0, 0xC0, 0xF0, 0x9F, 0x19, 0x48, 0xEC, 0x60, 0x40, 0x01, 0x1D, 0x4C, 0x0C, 0x0C,
    0x02, 0x20, 0x89, 0x80, 0xFF, 0x40, 0xDE, 0xC3, 0xF9, 0x40, 0xE2, 0x8F, 0x1C, 0x03, 0xC3, 0x84,
    0xFF, 0x40, 0xF1, 0xCF, 0xFE, 0x40, 0xDE, 0x6F, 0x2E, 0x20, 0xF1, 0x8F, 0x15, 0xA4, 0x9D, 0x85,
    0xC1, 0x60, 0xD6, 0x5F, 0x0E, 0x86, 0x86, 0xFB, 0x3F, 0xF2, 0x05, 0xBF, 0xD7, 0x1F, 0xF8, 0xFF,
    0xFF, 0x3F, 0x37, 0xC3, 0xF5, 0xFF, 0x39, 0x0C, 0x00, 0x7A, 0xA8, 0x1A, 0x1F, 0x78, 0x9C, 0x63,
    0x60, 0x68, 0x63, 0x65, 0x00, 0x83, 0x2F, 0xFA, 0x10, 0xBA, 0x61, 0x3F, 0x84, 0x66, 0xF8, 0xC3,
    0x02, 0xA1, 0x9B, 0xD8, 0x20, 0xF4, 0x2F, 0x1E, 0x08, 0xFD, 0x1F, 0xA2, 0x30, 0xE0, 0x7F, 0x3F,
    0x98, 0x5E, 0x70, 0xFE, 0x3D, 0x98, 0xFE, 0xA0, 0xFF, 0x1F, 0xAC, 0xE1, 0x2B, 0xCF, 0x4F, 0x2E,
    0x10, 0xFD, 0x9B, 0xFD, 0x33, 0x3F, 0x58, 0x39, 0xD3, 0x83, 0x7C, 0x90, 0xF2, 0xFB, 0x0C, 0x0D,
    0xE7, 0x81, 0xF4, 0x86, 0x7E, 0x06, 0x85, 0xFF, 0x4C, 0x0C, 0x0C, 0x1F, 0xED, 0x81, 0x36, 0x70,
    0x30, 0x30, 0x7C, 0xE3, 0x05, 0x62, 0x3E, 0xA0, 0xF2, 0xFF, 0x40, 0xE0, 0xCF, 0x20, 0x00, 0xA2,
    0xFE, 0xAF, 0x67, 0x48, 0x78, 0x0F, 0xB6, 0x82, 0x61, 0xC3, 0x7C, 0x90, 0x19, 0xFF, 0xD8, 0x3E,
    0xFA, 0x83, 0xE8, 0x9F, 0x3C, 0xDF, 0xC0, 0x66, 0x7E, 0xD6, 0xFF, 0x03, 0xB6, 0xE3, 0x42, 0x3F,
    0x00, 0x8A, 0x86, 0x33, 0x3B, 0x78, 0x9C, 0x63, 0x60, 0x60, 0x60, 0x68, 0xB6, 0x60, 0x00, 0x83,
    0xBF, 0x3C, 0x60, 0xAA, 0xE0, 0x3E, 0x23, 0x98, 0xFE, 0x28, 0x07, 0x11, 0x6E, 0x66, 0x82, 0xD0,
    0xBF, 0x20, 0xD2, 0x0C, 0xFF, 0xF5, 0xC1, 0x54, 0xC0, 0xFF, 0x7E, 0x30, 0xBD, 0xE0, 0xFC, 0x7B,
    0x30, 0xFD, 0x41, 0xFF, 0x3F, 0x0B, 0x88, 0xFE, 0xCA, 0xF3, 0x93, 0x0B, 0x44, 0xFF, 0x66, 0xFF,
    0xCC, 0x0F, 0x56, 0xCE, 0xF4, 0x20, 0x1F, 0xA4, 0xFC, 0x3E, 0x43, 0xC3, 0x79, 0x20, 0xBD, 0xA1,
    0x9F, 0x41, 0xE1, 0x3F, 0xD0, 0xC4, 0x8F, 0xF6, 0x0C, 0x0C, 0x7F, 0x38, 0x18, 0x18, 0xBE, 0xF1,
    0x02, 0x31, 0x1F, 0x50, 0xF9, 0x7F, 0x20, 0xF0, 0x67, 0x10, 0x00, 0x51, 0xFF, 0xD7, 0x33, 0x24,
    0xBC, 0x07, 0x5B, 0xC1, 0xB0, 0x61, 0x3E, 0xC8, 0x8C, 0x7F, 0x6C, 0x1F, 0xFD, 0x41, 0xF4, 0x4F,
    0x9E, 0x6F, 0x60, 0x33, 0x3F, 0xEB, 0xFF, 0x01, 0xDB, 0x71, 0xA1, 0x1F, 0x00, 0xA9, 0xEC, 0x33,
    0x6E, 0x78, 0x9C, 0x63, 0x60, 0x60, 0x68, 0x62, 0x66, 0x00, 0x01, 0x81, 0xBF, 0xF6, 0x60, 0x7A,
    0x83, 0xDD, 0x5B, 0x26, 0x10, 0xFD, 0x83, 0xE5, 0xA2, 0x1E, 0x03, 0x32, 0xF8, 0xC5, 0x03, 0xA1,
    0xFF, 0xEB, 0x83, 0xA9, 0x80, 0xFF, 0xFD, 0x60, 0x7A, 0xC1, 0xF9, 0xF7, 0x60, 0xFA, 0x83, 0xFE,
    0x7F, 0x16, 0x10, 0xFD, 0x95, 0xE7, 0x27, 0x17, 0x88, 0xFE, 0xCD, 0xFE, 0x99, 0x1F, 0xAC, 0x9C,
    0xE9, 0x41, 0x3E, 0x48, 0xF9, 0x7D, 0x86, 0x86, 0xF3, 0x20, 0xE3, 0xFB, 0x19, 0x14, 0xFE, 0x03,
    0x2D, 0xF8, 0x08, 0xB4, 0xED, 0x0F, 0x07, 0x03, 0xC3, 0x37, 0x5E, 0x20, 0xE6, 0x03, 0x2A, 0xFF,
    0x0F, 0x04, 0xFE, 0x0C, 0x02, 0x20, 0xEA, 0xFF, 0x7A, 0x86, 0x84, 0xF7, 0x60, 0x2B, 0x18, 0x36,
    0xCC, 0x07, 0x99, 0xF1, 0x8F, 0xED, 0xA3, 0x3F, 0x88, 0xFE, 0xC9, 0xF3, 0x0D, 0x6C, 0xE6, 0x67,
    0xFD, 0x3F, 0x60, 0x3B, 0x2E, 0xF4, 0x03, 0x00, 0x59, 0xB1, 0x34, 0x6F, 0x78, 0x9C, 0x63, 0x60,
    0x00, 0x02, 0x21, 0x10, 0xF1, 0x33, 0x57, 0xE1, 0x3F, 0x90, 0x2A, 0xF8, 0xFF, 0xFF, 0xFF, 0x7A,
    0x20, 0x7D, 0xC0, 0x3E, 0xE0, 0xAF, 0x34, 0x03, 0x32, 0xF8, 0xC5, 0x05, 0xA1, 0xFF, 0xCB, 0x83,
    0xA9, 0x80, 0xFF, 0xF9, 0x60, 0x7A, 0xC1, 0xF9, 0xFB, 0x60, 0xFA, 0x83, 0xFE, 0x7F, 0x66, 0x10,
    0xFD, 0x95, 0xE7, 0x27, 0x27, 0x58, 0x39, 0xFB, 0x67, 0x3E, 0xB0, 0x72, 0xA6, 0x07, 0xF1, 0x20,
    0xE5, 0xF7, 0x19, 0x1A, 0xF6, 0x03, 0xE9, 0x0D, 0xFD, 0x0C, 0x0A, 0xFF, 0x19, 0x81, 0xCA, 0xED,
    0x19, 0x18, 0xFE, 0xB0, 0x33, 0x30, 0x7C, 0xE3, 0x85, 0xE0, 0xDF, 0x40, 0x7B, 0xFF, 0xDB, 0x33,
    0x08, 0x80, 0xA8, 0xFF, 0xF3, 0x19, 0x12, 0xDE, 0x83, 0xAD, 0x60, 0xD8, 0x30, 0x1F, 0x64, 0xC6,
    0x3F, 0xB6, 0x8F, 0xFE, 0x60, 0x37, 0xF2, 0x7C, 0xE3, 0x07, 0xD1, 0x9F, 0xF5, 0xFF, 0x80, 0x1D,
    0x73, 0xA1, 0x1F, 0x00, 0x76, 0x55, 0x37, 0x56, 0x78, 0x9C, 0x63, 0x60, 0xD8, 0xC1, 0xC0, 0xD0,
    0xCD, 0x00, 0x04, 0xFF, 0x99, 0x0D, 0xFE, 0x83, 0xE8, 0x5B, 0x8C, 0x02, 0xEB, 0x18, 0x90, 0xC1,
    0x6F, 0x7B, 0x30, 0x25, 0xF0, 0x7F, 0x3E, 0x98, 0x4E, 0xF8, 0xFF, 0x1E, 0x4C, 0x6F, 0x38, 0xFF,
    0x9F, 0x05, 0x44, 0x7F, 0xD4, 0xFF, 0xCF, 0x05, 0xA2, 0xBF, 0xF1, 0xFC, 0xE4, 0x07, 0x2B, 0x67,
    0xFF, 0x1C, 0x0F, 0x56, 0xCE, 0xF4, 0x60, 0x3F, 0x48, 0xF9, 0x7D, 0x86, 0x86, 0xFF, 0x8C, 0x40,
    0xE5, 0xFD, 0x0C, 0x0A, 0xFF, 0xD9, 0x80, 0xCA, 0x81, 0xA6, 0xFD, 0xE1, 0x06, 0x2A, 0xE7, 0x05,
    0x62, 0x79, 0xA0, 0xF2, 0xFF, 0x40, 0x50, 0x0F, 0x54, 0x0E, 0x02, 0xE7, 0x19, 0x12, 0x40, 0x86,
    0x07, 0xFC, 0x67, 0x3A, 0x00, 0xB6, 0xEC, 0x1F, 0xFB, 0x47, 0x7F, 0x10, 0xFD, 0x93, 0xF7, 0x1B,
    0xD8, 0xEC, 0xCF, 0xF6, 0x7F, 0xC0, 0x76, 0x5D, 0xE8, 0x07, 0x00, 0x0C, 0x9D, 0x36, 0xA5, 0x78,
    0x9C, 0x63, 0x60, 0x10, 0xF8, 0x2D, 0xCD, 0x00, 0x02, 0x0B, 0x24, 0x67, 0x82, 0xE9, 0x0F, 0x8C,
    0x0F, 0xC1, 0xF4, 0x03, 0xC6, 0x8F, 0x10, 0x71, 0xCE, 0x95, 0x60, 0x1A, 0xA6, 0x8E, 0xE1, 0x0F,
    0x37, 0x84, 0xFF, 0x5F, 0x1F, 0x4C, 0x17, 0xFC, 0xEF, 0x07, 0xD3, 0x07, 0xCE, 0xDF, 0x07, 0xD3,
    0x1F, 0xF5, 0xFF, 0xB3, 0x80, 0xE8, 0xEF, 0x3C, 0x3F, 0xB9, 0xC0, 0xCA, 0xD9, 0x3F, 0xF3, 0x83,
    0x95, 0x33, 0x3D, 0xC8, 0x07, 0xD2, 0x09, 0xF7, 0x19, 0x1A, 0xCE, 0x83, 0x94, 0xF7, 0x33, 0x28,
    0xFC, 0x67, 0x02, 0x2A, 0xB7, 0x07, 0x2A, 0xE1, 0x60, 0x60, 0xF8, 0xC6, 0x0B, 0xC4, 0x7C, 0x40,
    0xF6, 0x7F, 0x20, 0xF0, 0x07, 0x2A, 0x07, 0x81, 0xF5, 0x0C, 0x09, 0xEF, 0x81, 0x6A, 0x03, 0xFE,
    0x33, 0x1C, 0x98, 0x0F, 0x32, 0xEB, 0x1F, 0xDB, 0x47, 0x7F, 0x10, 0xFD, 0x93, 0xE7, 0x1B, 0xC8,
    0x4C, 0x86, 0xCF, 0xFA, 0x7F, 0xC0, 0x76, 0x5C, 0xE8, 0x07, 0x00, 0xA9, 0x21, 0x37, 0xE0, 0x78,
    0x9C, 0x63, 0x60, 0x00, 0x82, 0xEF, 0xFF, 0x41, 0x80, 0x03, 0xC4, 0x14, 0xF8, 0x07, 0x66, 0xB3,
    0x83, 0xD8, 0x13, 0xCE, 0xFF, 0x67, 0x61, 0x80, 0x82, 0x4F, 0xF6, 0x08, 0xF6, 0x2F, 0x6E, 0x38,
    0xDB, 0xE0, 0x3F, 0x13, 0x9C, 0x7D, 0x60, 0x3D, 0x03, 0x9C, 0xFD, 0x55, 0x1F, 0xC1, 0xFE, 0xCB,
    0xC9, 0x00, 0x32, 0xB2, 0x1E, 0xC8, 0x2C, 0xF8, 0xCF, 0x08, 0x66, 0xF7, 0x03, 0xD9, 0x0F, 0x81,
    0x04, 0x4C, 0xCD, 0x4F, 0x79, 0x38, 0x5B, 0x01, 0x6C, 0x3F, 0x84, 0xBD, 0x00, 0x89, 0xFD, 0x79,
    0xBD, 0xB1, 0xB1, 0x31, 0x94, 0xFD, 0x87, 0x97, 0x01, 0xA6, 0x3E, 0xE0, 0x3F, 0x2B, 0x9C, 0x7D,
    0xE1, 0x3E, 0x88, 0x04, 0xEB, 0xE1, 0xFF, 0xEE, 0x8F, 0x60, 0x03, 0x00, 0x24, 0x2D, 0x48, 0xE8,
    0x78, 0x9C, 0x63, 0x60, 0xD8, 0xF6, 0xEF, 0x9C, 0x38, 0x03, 0x03, 0xC3, 0xA5, 0xFF, 0xFF, 0xFF,
    0xBF, 0x67, 0x61, 0x50, 0xF8, 0x17, 0xCB, 0xE0, 0xF0, 0x47, 0x9F, 0x61, 0xC3, 0x79, 0xA0, 0xD8,
    0x85, 0xFD, 0x0C, 0x9F, 0xF5, 0x81, 0xB4, 0xC3, 0x7F, 0xA6, 0x9F, 0xDC, 0x40, 0x9A, 0xE1, 0x3F,
    0xEB, 0x1F, 0x76, 0x10, 0xAD, 0xC4, 0xF8, 0x8F, 0x95, 0x01, 0x0C, 0xFE, 0xB3, 0x60, 0xA7, 0x61,
    0xF2, 0x7F, 0xC1, 0xEA, 0x05, 0x19, 0x60, 0xFA, 0x61, 0xE6, 0x1D, 0x00, 0x99, 0x7F, 0x60, 0x3F,
    0xD0, 0x3E, 0x5F, 0xA0, 0x7D, 0x7A, 0x50, 0xFB, 0x99, 0x81, 0x82, 0xC7, 0xFE, 0x9F, 0x63, 0x83,
    0x18, 0x01, 0xA1, 0x18, 0x5A, 0xEE, 0x43, 0x68, 0x87, 0xFF, 0x20, 0x69, 0x06, 0x85, 0xFF, 0xEF,
    0xC1, 0x5C, 0x85, 0xFB, 0x92, 0x40, 0x12, 0x00, 0x20, 0x78, 0x31, 0x7C, 0x78, 0x9C, 0x13, 0x68,
    0x67, 0x61, 0x00, 0x82, 0xEF, 0x72, 0x20, 0x72, 0xC2, 0x7E, 0x10, 0xC9, 0xF0, 0x8B, 0x95, 0x01,
    0x0A, 0xFE, 0x83, 0x40, 0x3F, 0x98, 0xAC, 0xFF, 0x0F, 0x56, 0x48, 0x80, 0x04, 0x01, 0x18, 0x49,
    0x8C, 0x7A, 0x84, 0xAE, 0x7A, 0x88, 0x5D, 0x00, 0x78, 0x29, 0x31, 0x24, 0x78, 0x9C, 0x63, 0x60,
    0x60, 0x68, 0x61, 0x67, 0x60, 0x60, 0x50, 0xF8, 0xCF, 0x0A, 0x24, 0x0F, 0xE4, 0x03, 0x09, 0x86,
    0xEF, 0x20, 0x01, 0x30, 0xF8, 0x0F, 0x02, 0xFD, 0x60, 0xB2, 0xFE, 0x3F, 0x0B, 0x58, 0x04, 0x3F,
    0x09, 0x02, 0x30, 0x92, 0x18, 0xF5, 0x08, 0x5D, 0xF5, 0x10, 0xBB, 0x00, 0x62, 0x4B, 0x31, 0x02,
    0x78, 0x9C, 0x63, 0x60, 0x68, 0x66, 0x62, 0x60, 0x60, 0x30, 0xF8, 0x2F, 0x07, 0x24, 0x1F, 0xD9,
    0x9E, 0x63, 0x60, 0x10, 0x78, 0xCB, 0xF4, 0x99, 0x9B, 0x01, 0x02, 0xFE, 0x83, 0x40, 0x3F, 0x98,
    0xAC, 0xFF, 0xCF, 0x02, 0x16, 0xC1, 0x4F, 0x82, 0x00, 0x8C, 0x24, 0x46, 0x3D, 0x42, 0x57, 0x3D,
    0xC4, 0x2E, 0x00, 0x53, 0x07, 0x32, 0xE2, 0x78, 0x9C, 0x13, 0x58, 0xCB, 0xB0, 0x80, 0x97, 0xC1,
    0xE0, 0x3F, 0xC3, 0x07, 0x7B, 0x06, 0x86, 0x6E, 0x86, 0x06, 0x6E, 0x06, 0x08, 0xF8, 0x0F, 0x02,
    0xFD, 0x60, 0xB2, 0xFE, 0x3F, 0x0B, 0x58, 0x04, 0x3F, 0x09, 0x02, 0x30, 0x92, 0x18, 0xF5, 0x08,
    0x5D, 0xF5, 0x10, 0xBB, 0x00, 0xE1, 0xE3, 0x32, 0x04, 0x78, 0x9C, 0x6B, 0xD6, 0x60, 0xD8, 0xB0,
    0x9F, 0x81, 0xE1, 0x0F, 0x1B, 0xC3, 0x45, 0x39, 0x06, 0x20, 0xF8, 0xE0, 0x4F, 0x1E, 0x02, 0x00,
    0xB6, 0x8D, 0x1B, 0xB9, 0x78, 0x9C, 0x63, 0x28, 0x88, 0x60, 0xF8, 0x2E, 0xA7, 0xF0, 0x9E, 0x69,
    0x83, 0x3D, 0x03, 0x10, 0x7C, 0xF0, 0x27, 0x13, 0x01, 0x00, 0xC1, 0x75, 0x1B, 0x8B, 0x78, 0x9C,
    0x63, 0x48, 0x60, 0x67, 0x60, 0xF8, 0xB6, 0x9E, 0xC1, 0x61, 0xFD, 0x37, 0xF6, 0xCF, 0x3C, 0x0D,
    0xF1, 0x0C, 0x20, 0xF0, 0xC1, 0x9F, 0x6A, 0x18, 0x00, 0x92, 0x72, 0x1D, 0x84, 0x78, 0x9C, 0xBB,
    0xC5, 0x20, 0xB0, 0xF6, 0x3F, 0xB3, 0xC1, 0xFF, 0x1D, 0x0C, 0x0C, 0xDD, 0x0C, 0x20, 0xF0, 0x85,
    0x9F, 0x6A, 0x18, 0x00, 0xA3, 0x1A, 0x18, 0x45, 0x78, 0x9C, 0x63, 0xF8, 0xFF, 0xFF, 0xFF, 0x5A,
    0x16, 0x06, 0x06, 0x06, 0x20, 0xFD, 0x7F, 0x3F, 0x88, 0x66, 0x61, 0x48, 0xFC, 0xC7, 0x03, 0xA6,
    0x19, 0x1E, 0xCE, 0x87, 0xD0, 0x0E, 0xFF, 0x19, 0xC1, 0x34, 0xC3, 0x1F, 0x76, 0x08, 0xFD, 0x83,
    0x1B, 0x42, 0x7F, 0xE5, 0x83, 0xD0, 0x5F, 0xF8, 0x81, 0xBA, 0xEF, 0x43, 0xE9, 0xF3, 0x20, 0x1A,
    0x22, 0xFE, 0x8D, 0x0F, 0x55, 0xFD, 0x5F, 0x88, 0xFE, 0x00, 0xA8, 0x79, 0x8F, 0x21, 0xE6, 0x37,
    0xFD, 0xE7, 0x81, 0xD8, 0xBF, 0x1E, 0xE2, 0x8E, 0xB9, 0xCC, 0x0C, 0x0C, 0x00, 0x7C, 0xC6, 0x37,
    0x28, 0x78, 0x9C, 0x25, 0xC8, 0xBB, 0x0D, 0x83, 0x40, 0x00, 0x83, 0x61, 0x23, 0x10, 0xAF, 0x02,
    0x31, 0x01, 0xCA, 0x06, 0x8C, 0x90, 0x34, 0xD9, 0x80, 0x9A, 0x19, 0x18, 0x81, 0x11, 0xB2, 0x09,
    0x6C, 0xC0, 0x08, 0xA9, 0x52, 0x5F, 0xC5, 0x02, 0x04, 0x28, 0x20, 0xE0, 0x70, 0x3E, 0x17, 0xFF,
    0x27, 0x19, 0x00, 0x6E, 0x1E, 0xD0, 0x9A, 0x70, 0xCA, 0x80, 0x95, 0x64, 0x0A, 0x6C, 0xFE, 0x67,
    0xB8, 0x4E, 0x37, 0x26, 0x57, 0x1E, 0xE4, 0xDD, 0x61, 0x1C, 0x8C, 0xC5, 0x51, 0x8A, 0xF1, 0x2D,
    0x2A, 0x46, 0x96, 0x60, 0x2F, 0xC5, 0x34, 0x88, 0x86, 0xA1, 0x05, 0xBF, 0x42, 0x7C, 0x3B, 0xD1,
    0xF2, 0x69, 0xC1, 0x51, 0x8B, 0xD9, 0x88, 0x17, 0x45, 0x7E, 0x0A, 0x2C, 0x8E, 0x9E, 0x7F, 0xC2,
    0x71, 0x48, 0xC8, 0x78, 0x9C, 0x63, 0x30, 0xE8, 0x60, 0x64, 0x00, 0x83, 0xDF, 0xDC, 0x10, 0xFA,
    0x40, 0x3E, 0x84, 0x16, 0xF8, 0xCB, 0xC4, 0x80, 0x0C, 0x8E, 0xFF, 0x9B, 0x0B, 0x12, 0x78, 0xFC,
    0xFF, 0xFF, 0x7F, 0xA0, 0x0A, 0x85, 0x7F, 0x3E, 0x0C, 0x93, 0xFE, 0xB3, 0x32, 0x6C, 0x38, 0x0F,
    0x14, 0xFB, 0x21, 0xC7, 0xF0, 0x59, 0x1F, 0x48, 0x5F, 0xA8, 0x67, 0xF8, 0xC1, 0x03, 0xA4, 0x0B,
    0xEE, 0x33, 0xFC, 0x61, 0x07, 0xD2, 0x06, 0xFF, 0x19, 0xFE, 0xB1, 0x82, 0x8C, 0xFA, 0xCF, 0xF4,
    0x9F, 0x05, 0x64, 0xC6, 0x7F, 0x66, 0x28, 0xCD, 0x02, 0xE3, 0xC3, 0xE4, 0xFF, 0x70, 0x40, 0xD4,
    0xC3, 0xF4, 0xC3, 0xCC, 0x03, 0x9B, 0xFF, 0x5D, 0x1E, 0x6E, 0x1F, 0xC3, 0x23, 0x88, 0xFD, 0x30,
    0xF7, 0x00, 0x00, 0x6B, 0x24, 0x34, 0xB2, 0x78, 0x9C, 0x63, 0x60, 0x60, 0x60, 0x68, 0x63, 0x63,
    0x00, 0x81, 0x84, 0xF7, 0x4C, 0x60, 0xFA, 0xA3, 0x3D, 0x98, 0x62, 0xF8, 0xCD, 0xC2, 0x80, 0x0C,
    0x8E, 0xFF, 0x9B, 0x0B, 0x92, 0x7F, 0xFC, 0xFF, 0xFF, 0xFF, 0x7C, 0x06, 0x06, 0x85, 0x7F, 0x3E,
    0x0C, 0x93, 0xFE, 0xB3, 0x32, 0x6C, 0x38, 0x0F, 0x14, 0xFB, 0x21, 0xC7, 0xF0, 0x59, 0x1F, 0x48,
    0x5F, 0xA8, 0x67, 0xF8, 0xC1, 0x03, 0xA4, 0x0B, 0xEE, 0x33, 0xFC, 0x61, 0x07, 0xD2, 0x06, 0xFF,
    0x19, 0xFE, 0xB1, 0x02, 0x69, 0x81, 0xFF, 0x4C, 0xFF, 0xC1, 0x86, 0xFD, 0x67, 0x86, 0xD2, 0x2C,
    0x30, 0x3E, 0x4C, 0xFE, 0x0F, 0x07, 0x44, 0x3D, 0x4C, 0x3F, 0xCC, 0x3C, 0xB0, 0xF9, 0xDF, 0xE5,
    0xE1, 0xF6, 0x31, 0x3C, 0x82, 0xD8, 0x0F, 0x73, 0x0F, 0x00, 0x70, 0xD6, 0x34, 0xC1, 0x78, 0x9C,
    0x63, 0x60, 0x60, 0x28, 0x63, 0x00, 0x83, 0x84, 0xFF, 0xDC, 0x60, 0xFA, 0x6B, 0xD4, 0x7C, 0x10,
    0x65, 0xB0, 0x9F, 0xE1, 0x1B, 0x3B, 0x03, 0x12, 0x38, 0xFE, 0x6F, 0x2E, 0x13, 0x90, 0x7A, 0xFC,
    0xFF, 0xFF, 0xFF, 0x7C, 0x06, 0x06, 0x85, 0x7F, 0x3E, 0x0C, 0x93, 0xFE, 0xB3, 0x32, 0x6C, 0x38,
    0x0F, 0x14, 0xFB, 0x21, 0xC7, 0xF0, 0x59, 0x1F, 0x48, 0x5F, 0xA8, 0x67, 0xF8, 0xC1, 0x03, 0xA4,
    0x0B, 0xEE, 0x33, 0xFC, 0x01, 0xE9, 0x35, 0xF8, 0xCF, 0xF0, 0x8F, 0x15, 0x48, 0x0B, 0xFC, 0x67,
    0xFA, 0xCF, 0x02, 0x32, 0xE3, 0x3F, 0x33, 0x94, 0x66, 0x81, 0xF1, 0x61, 0xF2, 0x7F, 0x38, 0x20,
    0xEA, 0x61, 0xFA, 0x61, 0xE6, 0x81, 0xCD, 0xFF, 0x2E, 0x0F, 0xB7, 0x8F, 0xE1, 0x11, 0xC4, 0x7E,
    0x98, 0x7B, 0x00, 0x8E, 0x09, 0x36, 0x6F, 0x78, 0x9C, 0x63, 0x60, 0x00, 0x02, 0x21, 0x20, 0x16,
    0xF8, 0x1D, 0x13, 0x70, 0x1E, 0x48, 0x2F, 0xF8, 0xFF, 0xFF, 0x7F, 0x3D, 0x90, 0x7E, 0x20, 0x97,
    0xF0, 0x86, 0x83, 0x01, 0x09, 0x1C, 0xFF, 0x37, 0x97, 0x09, 0x48, 0x3D, 0x06, 0xCA, 0xE7, 0x33,
    0x30, 0x28, 0xFC, 0xF3, 0x61, 0x98, 0xF4, 0x9F, 0x95, 0x61, 0x03, 0x48, 0xCF, 0x0F, 0x39, 0x86,
    0xCF, 0xFA, 0x40, 0xFA, 0x42, 0x3D, 0xC3, 0x0F, 0x1E, 0x20, 0x5D, 0x70, 0x9F, 0xE1, 0x0F, 0x3B,
    0x90, 0x36, 0xF8, 0xCF, 0xF0, 0x8F, 0x15, 0x64, 0xF6, 0x7F, 0xA6, 0xFF, 0x2C, 0x20, 0x33, 0xFE,
    0x33, 0x43, 0x69, 0x16, 0x18, 0x1F, 0x26, 0xFF, 0x87, 0x03, 0xA2, 0x1E, 0xA6, 0x1F, 0x66, 0x1E,
    0xD8, 0xFC, 0xEF, 0xF2, 0x70, 0xFB, 0x18, 0x1E, 0x41, 0xEC, 0x87, 0xB9, 0x07, 0x00, 0xC7, 0x5A,
    0x39, 0xBB, 0x78, 0x9C, 0x63, 0x10, 0x58, 0xCB, 0x70, 0x91, 0x8B, 0x81, 0x81, 0xC1, 0xE0, 0x3F,
    0xC3, 0x67, 0x7E, 0x20, 0xCD, 0xD0, 0xCD, 0xB0, 0x81, 0x83, 0x01, 0x09, 0x1C, 0xFF, 0x37, 0x97,
    0x09, 0x48, 0x3D, 0xFE, 0xFF, 0xFF, 0x7F, 0x3E, 0x03, 0x83, 0xC2, 0x3F, 0x1F, 0x86, 0x49, 0xFF,
    0x59, 0x19, 0x36, 0x9C, 0x07, 0x8A, 0xFD, 0x90, 0x63, 0xF8, 0xAC, 0x0F, 0xA4, 0x2F, 0xD4, 0x33,
    0xFC, 0xE0, 0x01, 0xD2, 0x05, 0xF7, 0x19, 0xFE, 0xB0, 0x43, 0xCC, 0xFA, 0xC7, 0x0A, 0xA4, 0x05,
    0xFE, 0x33, 0xFD, 0x67, 0x01, 0x99, 0xF1, 0x9F, 0x19, 0x4A, 0xB3, 0xC0, 0xF8, 0x30, 0xF9, 0x3F,
    0x1C, 0x10, 0xF5, 0x30, 0xFD, 0x30, 0xF3, 0xC0, 0xE6, 0x7F, 0x97, 0x87, 0xDB, 0xC7, 0xF0, 0x08,
    0x62, 0x3F, 0xCC, 0x3D, 0x00, 0x16, 0xFE, 0x35, 0xC1, 0x78, 0x9C, 0x13, 0x60, 0x60, 0x60, 0x10,
    0x60, 0x78, 0xCC, 0xCA, 0x00, 0xC4, 0x3F, 0xFD, 0x19, 0x14, 0xFE, 0xF1, 0x6C, 0xF8, 0xCF, 0xFC,
    0xE8, 0x3E, 0x23, 0xC3, 0x1F, 0xFF, 0xBF, 0xB2, 0x0C, 0x0C, 0x07, 0xFE, 0xBF, 0x67, 0x62, 0x60,
    0x50, 0xF8, 0xEF, 0x0F, 0x54, 0xB6, 0xE1, 0x3F, 0x50, 0x98, 0xE1, 0x77, 0xFE, 0x3F, 0x59, 0x86,
    0x05, 0xFF, 0x59, 0x1E, 0x9D, 0x67, 0xF8, 0x19, 0xCF, 0x60, 0xF0, 0x9F, 0xFB, 0x0B, 0x1B, 0x03,
    0xC3, 0x17, 0x76, 0x05, 0xA0, 0x02, 0x05, 0x06, 0x00, 0x41, 0xD4, 0x1B, 0x89, 0x78, 0x9C, 0x1D,
    0xCD, 0xB1, 0x0D, 0x82, 0x60, 0x10, 0x86, 0xE1, 0xD7, 0x1F, 0x08, 0xC6, 0x68, 0x74, 0x03, 0xD8,
    0x40, 0x4A, 0x3B, 0x17, 0x30, 0x61, 0x05, 0x37, 0xD0, 0x0D, 0x70, 0x03, 0x13, 0x7B, 0xC2, 0x08,
    0xB2, 0x05, 0xA5, 0x0C, 0x60, 0x42, 0x8C, 0x1B, 0x48, 0x81, 0x31, 0xF8, 0x7F, 0x5E, 0xBC, 0xE6,
    0xCD, 0x15, 0x77, 0x0F, 0x34, 0xBE, 0x74, 0x43, 0xC0, 0x53, 0xD2, 0xB9, 0x22, 0xF5, 0x3B, 0x2E,
    0x5A, 0x52, 0xDF, 0x80, 0x6F, 0x42, 0xBF, 0xB6, 0xFA, 0x82, 0xF7, 0x1C, 0x4E, 0xD7, 0x8E, 0x31,
    0x86, 0xD7, 0x46, 0xF8, 0x08, 0xEE, 0xA9, 0x9C, 0x42, 0xF6, 0x39, 0x0A, 0xAC, 0x8F, 0x19, 0x0A,
    0xAD, 0x9F, 0x89, 0xED, 0x3E, 0xCA, 0x0A, 0x56, 0x72, 0x63, 0xDC, 0x2E, 0xC8, 0x64, 0xF7, 0x66,
    0x1C, 0x3B, 0xFA, 0xBC, 0x82, 0xB6, 0xA0, 0x56, 0x02, 0x43, 0x42, 0xAA, 0xDC, 0x3C, 0x7B, 0x66,
    0xBC, 0x0E, 0x66, 0x6C, 0x1B, 0x95, 0xCE, 0x8C, 0x29, 0xFF, 0xF9, 0x01, 0x25, 0xBD, 0x3D, 0x54,
    0x78, 0x9C, 0x63, 0x28, 0xF4, 0x60, 0x00, 0x81, 0x86, 0xFF, 0x4C, 0x60, 0xFA, 0x27, 0x0F, 0x98,
    0x5A, 0x50, 0xCF, 0x00, 0x07, 0xFF, 0x59, 0x80, 0xC4, 0x17, 0x7E, 0x5A, 0x50, 0xFF, 0x58, 0x81,
    0xD4, 0x57, 0xBE, 0x3F, 0x1C, 0x40, 0xEA, 0x07, 0xCF, 0x37, 0x39, 0x06, 0x06, 0x81, 0x7F, 0x6C,
    0x17, 0xDE, 0xB3, 0x32, 0x3C, 0x3D, 0xCF, 0xA0, 0xF0, 0xF7, 0xFF, 0xFF, 0xFF, 0x32, 0x0C, 0x0C,
    0x09, 0xAF, 0xDF, 0x47, 0x33, 0x30, 0x00, 0x00, 0x02, 0x75, 0x2F, 0x26, 0x78, 0x9C, 0x63, 0x60,
    0x60, 0x70, 0xE8, 0x60, 0x64, 0x00, 0x82, 0x87, 0xFD, 0x20, 0x92, 0xE1, 0x37, 0x07, 0x88, 0x4C,
    0x98, 0xCF, 0x00, 0x07, 0xFF, 0x59, 0x80, 0xC4, 0x17, 0x7E, 0x5A, 0x50, 0xFF, 0x58, 0x81, 0xD4,
    0x57, 0xBE, 0x3F, 0x20, 0x3B, 0x7F, 0xF0, 0x7C, 0x93, 0x63, 0x60, 0x10, 0xF8, 0xC7, 0x76, 0xE1,
    0x3D, 0x2B, 0xC3, 0xD3, 0xF3, 0x0C, 0x0A, 0x7F, 0xFF, 0xFF, 0xFF, 0x2F, 0x03, 0x74, 0xCA, 0xEB,
    0xF7, 0xD1, 0x0C, 0x0C, 0x00, 0xE9, 0x87, 0x2F, 0x03, 0x78, 0x9C, 0x63, 0x60, 0x30, 0xB0, 0x60,
    0x00, 0x81, 0x4F, 0xEF, 0x99, 0x80, 0xA4, 0xC2, 0xBB, 0xC7, 0x72, 0x40, 0xEA, 0xA2, 0x9E, 0xC2,
    0x3D, 0x46, 0x06, 0x28, 0xF8, 0xCF, 0x02, 0x24, 0xBE, 0xF0, 0xD3, 0x82, 0xFA, 0xC7, 0x0A, 0xA4,
    0xBE, 0xF2, 0xFD, 0xE1, 0x00, 0x52, 0x3F, 0x78, 0xBE, 0x01, 0xAD, 0x16, 0xF8, 0xC7, 0x76, 0xE1,
    0x3D, 0x2B, 0xC3, 0xD3, 0xF3, 0x0C, 0x0A, 0x7F, 0xFF, 0xFF, 0xFF, 0x2F, 0xC3, 0xC0, 0x90, 0xF0,
    0xFA, 0x7D, 0x34, 0x03, 0x03, 0x00, 0x23, 0x7F, 0x31, 0x20, 0x78, 0x9C, 0x63, 0xB8, 0xC8, 0xC5,
    0x70, 0x8B, 0x81, 0x81, 0xE1, 0x33, 0x3F, 0xC3, 0x7F, 0x66, 0x06, 0x86, 0x0D, 0x1C, 0x0C, 0x3B,
    0x18, 0x60, 0xE0, 0x3F, 0x0B, 0x90, 0xF8, 0xC2, 0x4F, 0x0B, 0xEA, 0x1F, 0x2B, 0x90, 0xFA, 0xCA,
    0xF7, 0x87, 0x03, 0x48, 0xFD, 0xE0, 0xF9, 0x26, 0xC7, 0xC0, 0x20, 0xF0, 0x8F, 0xED, 0xC2, 0x7B,
    0x56, 0x86, 0xA7, 0xE7, 0x19, 0x14, 0xFE, 0xFE, 0xFF, 0xFF, 0x5F, 0x86, 0x81, 0x21, 0xE1, 0xF5,
    0xFB, 0x68, 0x06, 0x06, 0x00, 0x6C, 0xF2, 0x2F, 0xF1, 0x78, 0x9C, 0x63, 0x60, 0x60, 0x60, 0x28,
    0xC8, 0x60, 0x00, 0x83, 0x2F, 0xF6, 0x10, 0xFA, 0x2F, 0x2B, 0x98, 0x2A, 0xE8, 0x87, 0x70, 0x13,
    0xD8, 0x81, 0xC4, 0x85, 0xF3, 0x20, 0xE6, 0x0F, 0xFD, 0x80, 0xFF, 0x2C, 0x40, 0xFA, 0x3F, 0x27,
    0xC3, 0x5F, 0x1E, 0xA0, 0x8A, 0xFF, 0x4C, 0x0C, 0x5F, 0x81, 0x9A, 0x1E, 0xCC, 0x67, 0x60, 0x38,
    0xB0, 0x9F, 0x81, 0xE1, 0xBB, 0x3C, 0x03, 0x83, 0xC3, 0x7F, 0x66, 0x86, 0x7F, 0x1C, 0x40, 0x35,
    0x7F, 0xB8, 0x12, 0xFE, 0x33, 0x82, 0x4C, 0xD5, 0xBF, 0x00, 0x36, 0xE8, 0xC0, 0xFA, 0xAF, 0xF2,
    0x20, 0xDA, 0xE0, 0xFF, 0x5F, 0x0E, 0xB0, 0xB9, 0xBF, 0xDF, 0x43, 0xCC, 0xFF, 0x5C, 0x0F, 0xA1,
    0x3F, 0xF8, 0x93, 0x41, 0x03, 0x00, 0xDB, 0x6D, 0x29, 0x53, 0x78, 0x9C, 0xFB, 0xCF, 0xC2, 0x00,
    0x04, 0xFF, 0x31, 0xC9, 0xFF, 0xEF, 0xD7, 0xB2, 0x00, 0xC9, 0xFF, 0xFF, 0xE7, 0x83, 0x44, 0x26,
    0xFD, 0x67, 0x03, 0x89, 0xFF, 0xE4, 0x03, 0x91, 0x9F, 0xF4, 0x41, 0xE4, 0x07, 0x7B, 0x04, 0xFB,
    0x07, 0x48, 0xBC, 0xE0, 0x3F, 0xFB, 0xFF, 0xF7, 0xEF, 0xFE, 0xAF, 0x07, 0xE9, 0xDA, 0xC7, 0x8A,
    0xCD, 0x4C, 0x30, 0x09, 0x00, 0x31, 0x62, 0x28, 0x3C, 0x78, 0x9C, 0x15, 0xCD, 0x31, 0x0E, 0x40,
    0x40, 0x14, 0x84, 0xE1, 0x89, 0xEC, 0x92, 0x28, 0xC4, 0x11, 0x9C, 0x00, 0x37, 0x70, 0x00, 0x05,
    0xAD, 0x8A, 0x13, 0xB2, 0xC7, 0xD0, 0x29, 0x1D, 0xC0, 0x01, 0x88, 0x44, 0x04, 0xC9, 0x8E, 0xF7,
    0x9A, 0x2F, 0x7F, 0xA6, 0x19, 0xAC, 0x7B, 0x0D, 0x38, 0x92, 0x16, 0x57, 0x9F, 0x7E, 0x09, 0xBE,
    0x18, 0x67, 0x01, 0x6F, 0x71, 0x54, 0xA0, 0xD1, 0x16, 0xEF, 0x44, 0xF5, 0x91, 0x98, 0x31, 0x10,
    0x4B, 0x42, 0x4C, 0x19, 0xEA, 0xFE, 0x34, 0xAA, 0xA3, 0x15, 0xF1, 0x56, 0xAA, 0x5B, 0xD4, 0x96,
    0xEA, 0xB0, 0xD3, 0x74, 0xD8, 0x26, 0x1A, 0xB9, 0xC9, 0x69, 0x66, 0x3F, 0x06, 0x3F, 0x4F, 0xDA,
    0x32, 0x24, 0x78, 0x9C, 0x35, 0x89, 0xB1, 0x0D, 0x40, 0x50, 0x18, 0x06, 0xBF, 0xF0, 0xF3, 0x48,
    0x14, 0x12, 0x8B, 0x98, 0x80, 0x0D, 0xCC, 0xC0, 0x44, 0x36, 0x40, 0x61, 0x00, 0xBD, 0x4A, 0x23,
    0x51, 0x29, 0x0C, 0x20, 0x4A, 0x85, 0x5A, 0x48, 0xF8, 0xBC, 0x57, 0xB8, 0xE2, 0x8A, 0x3B, 0xDC,
    0x01, 0x34, 0x5D, 0x69, 0x8C, 0xC7, 0x36, 0x2E, 0x04, 0x3F, 0x23, 0x2B, 0x0B, 0x03, 0xC9, 0x14,
    0x77, 0x86, 0x65, 0x45, 0x2F, 0x88, 0x69, 0x99, 0x45, 0x1B, 0xED, 0x41, 0x4A, 0xA3, 0x2F, 0xE5,
    0xAC, 0x23, 0x50, 0x1E, 0x5F, 0x77, 0xA1, 0x18, 0xBF, 0x2E, 0x72, 0xCA, 0x95, 0xE0, 0xA4, 0xB3,
    0x91, 0x33, 0x55, 0xB8, 0xAF, 0x6A, 0xF2, 0x3E, 0x0F, 0x0F, 0x2B, 0xE4, 0x78, 0x9C, 0x63, 0x60,
    0x60, 0xF8, 0x25, 0xCB, 0xC0, 0xC0, 0x10, 0x70, 0x9F, 0x11, 0x48, 0x7E, 0x92, 0x03, 0x12, 0x0C,
    0xC9, 0x4C, 0x0C, 0x30, 0xB0, 0xED, 0xDF, 0x3C, 0x26, 0x86, 0x03, 0xFF, 0xFF, 0xFF, 0xB7, 0x67,
    0xF8, 0xE9, 0xC7, 0x70, 0xF9, 0x3E, 0xC3, 0x5B, 0x56, 0x06, 0x83, 0xFF, 0x60, 0xF9, 0xFF, 0xCC,
    0x0C, 0x01, 0x33, 0x56, 0xFD, 0x67, 0x49, 0x00, 0xCA, 0xFE, 0x67, 0xF9, 0x3A, 0x5F, 0x98, 0xE1,
    0x3F, 0xCB, 0x1F, 0x4E, 0xA0, 0x38, 0xCB, 0x7F, 0x16, 0x10, 0xF9, 0x8F, 0x8D, 0x21, 0xE1, 0x3F,
    0xCB, 0x2F, 0x3B, 0x86, 0xEF, 0xFF, 0x59, 0x1F, 0xFE, 0xFF, 0x7F, 0xFE, 0x3F, 0xBB, 0xC0, 0xCB,
    0xFB, 0xEC, 0x27, 0x39, 0x00, 0xD9, 0xB2, 0x2A, 0xD6, 0x78, 0x9C, 0x63, 0x60, 0xF8, 0xC9, 0xCD,
    0xC0, 0xC0, 0x50, 0x30, 0x7F, 0x3D, 0x90, 0xFC, 0xC6, 0xF6, 0x85, 0x93, 0x81, 0x41, 0x89, 0x41,
    0x81, 0x99, 0x01, 0x0A, 0x8E, 0xFD, 0x9F, 0xC7, 0xC4, 0x70, 0xF0, 0xFF, 0xFF, 0xFF, 0xF6, 0x0C,
    0xBF, 0xFC, 0x18, 0x2E, 0xDF, 0x67, 0xD8, 0xCD, 0xC2, 0x60, 0xF0, 0x9F, 0x09, 0x24, 0xF5, 0x9F,
    0x99, 0x61, 0xC9, 0xDB, 0xFF, 0xFF, 0x59, 0x16, 0x00, 0x65, 0xFF, 0xB3, 0x7C, 0x9F, 0x2F, 0xCC,
    0xF0, 0x9F, 0xE5, 0x2F, 0x50, 0xFB, 0x7F, 0x96, 0xFF, 0x2C, 0x20, 0xF2, 0x1F, 0x1B, 0x43, 0xC2,
    0x7F, 0x96, 0x9F, 0x76, 0x0C, 0xDF, 0xFF, 0xB3, 0x3E, 0xFC, 0xFF, 0xFF, 0xFC, 0x7F, 0x76, 0x81,
    0x97, 0xF7, 0xD9, 0x4F, 0x72, 0x00, 0x00, 0x96, 0x48, 0x2D, 0x3A, 0x78, 0x9C, 0x63, 0x60, 0x60,
    0x60, 0x50, 0x60, 0x60, 0x78, 0xB1, 0x8E, 0xF9, 0x39, 0x43, 0xC1, 0xFF, 0xFF, 0xFF, 0xE7, 0x33,
    0x6C, 0xB0, 0x0F, 0x78, 0xC3, 0xC5, 0x80, 0x02, 0x8E, 0xFD, 0x9F, 0xC7, 0xC4, 0x70, 0x10, 0x28,
    0x6B, 0xCF, 0xF0, 0xCB, 0x8F, 0xE1, 0xF2, 0x7D, 0x86, 0xDD, 0x2C, 0x0C, 0x06, 0xFF, 0x99, 0x40,
    0x52, 0xFF, 0x99, 0x19, 0x26, 0xBF, 0xF9, 0xF7, 0x9F, 0xA5, 0x01, 0x28, 0xFB, 0x9F, 0xE5, 0xDB,
    0x7A, 0x61, 0x86, 0xFF, 0x2C, 0x7F, 0x39, 0x81, 0xE2, 0x2C, 0xFF, 0x59, 0x40, 0xE4, 0x3F, 0x36,
    0x06, 0x85, 0xFF, 0x2C, 0x3F, 0xFD, 0x18, 0x9E, 0xFE, 0x67, 0xBD, 0xF8, 0xFF, 0xFF, 0xFB, 0xFF,
    0xEC, 0x02, 0x2F, 0xDF, 0x4B, 0x1E, 0xE5, 0x00, 0x00, 0x31, 0x52, 0x30, 0xE3, 0x78, 0x9C, 0x63,
    0xB8, 0xC5, 0xB0, 0x80, 0x97, 0x81, 0xE1, 0x3F, 0xF3, 0x07, 0x7B, 0x06, 0x86, 0x1D, 0x0C, 0x0D,
    0xDC, 0x0C, 0x28, 0xE0, 0xD8, 0xFF, 0x79, 0x4C, 0x0C, 0x07, 0xFF, 0xFF, 0xFF, 0x6F, 0xCF, 0xF0,
    0xCB, 0x8F, 0xE1, 0xF2, 0x7D, 0x86, 0xDD, 0x2C, 0x0C, 0x06, 0xFF, 0x99, 0x40, 0x52, 0xFF, 0x99,
    0x19, 0x96, 0xBC, 0xFD, 0xFF, 0x9F, 0x65, 0x01, 0x50, 0xF6, 0x3F, 0xCB, 0xF7, 0xF9, 0xC2, 0x0C,
    0xFF, 0x59, 0xFE, 0x72, 0x02, 0xC5, 0x59, 0xFE, 0xB3, 0x82, 0xC8, 0x7F, 0x6C, 0x0C, 0x09, 0xFF,
    0x59, 0x7E, 0xD9, 0x31, 0x7C, 0xFF, 0xCF, 0xFA, 0xF0, 0xFF, 0xFF, 0xF9, 0xFF, 0xD9, 0x05, 0x5E,
    0xDD, 0x67, 0x3D, 0xC5, 0x01, 0x00, 0x9D, 0x79, 0x2D, 0x07, 0x78, 0x9C, 0x63, 0x10, 0xF8, 0x23,
    0xCD, 0xC0, 0xC0, 0xB0, 0x81, 0x7D, 0x27, 0x90, 0xFC, 0xC0, 0xF0, 0x19, 0x48, 0x1E, 0x60, 0x3F,
    0x09, 0x24, 0x15, 0xFE, 0xC8, 0x30, 0xA0, 0x82, 0x63, 0xFF, 0xE7, 0x31, 0x31, 0x1C, 0xFC, 0xFF,
    0xFF, 0xBF, 0x3D, 0xC3, 0x2F, 0x3F, 0x86, 0xCB, 0xF7, 0x19, 0x76, 0xB3, 0x30, 0x18, 0xFC, 0x67,
    0x02, 0x49, 0xFD, 0x67, 0x66, 0x58, 0xFA, 0xF6, 0xFD, 0x7F, 0x96, 0x0D, 0x40, 0xD9, 0xFF, 0x2C,
    0xDF, 0xE7, 0x33, 0x31, 0xFC, 0x67, 0xF9, 0xCB, 0x09, 0x14, 0x67, 0xF9, 0xCF, 0xCA, 0x20, 0xF0,
    0x9F, 0xE5, 0x1F, 0x1B, 0xC3, 0x84, 0xFF, 0x2C, 0xBF, 0xEC, 0x04, 0x7E, 0xFE, 0x67, 0x7D, 0xF8,
    0xFF, 0xFF, 0xFA, 0xFF, 0xEC, 0x02, 0xAF, 0xEE, 0xB3, 0x9E, 0xE1, 0x00, 0x00, 0xBC, 0x22, 0x2F,
    0xA2, 0x78, 0x9C, 0x63, 0x38, 0xF6, 0x7F, 0x2E, 0x63, 0xC1, 0xDF, 0x7D, 0xAC, 0x0C, 0x07, 0xFE,
    0xFF, 0xFF, 0xEF, 0xF7, 0xF7, 0xFF, 0xFF, 0xF9, 0x0C, 0x3F, 0xF3, 0x19, 0x2E, 0xFD, 0xBF, 0xCF,
    0x9C, 0xF0, 0x9F, 0xF5, 0x1F, 0x3B, 0x83, 0xC1, 0x7F, 0x7D, 0x06, 0x86, 0xEF, 0x3C, 0xC1, 0x8C,
    0x0C, 0x0C, 0xFF, 0xF9, 0x18, 0x18, 0x3E, 0xC9, 0x33, 0x00, 0xC1, 0x7F, 0x2E, 0x06, 0x86, 0x0F,
    0xF6, 0x02, 0x27, 0xFE, 0x43, 0x80, 0xFF, 0x23, 0x28, 0xE3, 0xBF, 0xFD, 0xEF, 0x78, 0x88, 0x2C,
    0x90, 0x64, 0x03, 0x62, 0x7E, 0x30, 0x8B, 0x95, 0x41, 0x00, 0x64, 0x0A, 0x03, 0xC3, 0x1F, 0x5D,
    0x81, 0x67, 0xFF, 0xDF, 0xB3, 0x32, 0x6C, 0xE1, 0xFC, 0x0C, 0x54, 0xAC, 0x0D, 0xB4, 0xED, 0x3F,
    0x8F, 0xC1, 0xEB, 0xF7, 0xD1, 0x0C, 0x09, 0x6F, 0x80, 0x04, 0x00, 0xD5, 0xAC, 0x43, 0xA4, 0x78,
    0x9C, 0x63, 0x68, 0xFC, 0xBB, 0x8F, 0x85, 0x41, 0xE1, 0xDF, 0xFF, 0xFF, 0xF3, 0x19, 0x2E, 0xDC,
    0x67, 0x0E, 0xF8, 0xC7, 0xFA, 0x4D, 0x9E, 0x81, 0xE1, 0x0B, 0xCF, 0x6F, 0x2E, 0x06, 0x86, 0x0B,
    0xBC, 0xFF, 0xD8, 0x18, 0x80, 0xE0, 0x3F, 0x0B, 0x82, 0x84, 0x88, 0x80, 0x64, 0x0B, 0x38, 0x40,
    0x2A, 0x3F, 0xF3, 0x02, 0x75, 0x39, 0xFC, 0x63, 0x05, 0x99, 0xD0, 0xCF, 0xC0, 0xD0, 0xF8, 0x6F,
    0x1F, 0x48, 0xD9, 0x2F, 0x31, 0x90, 0xAA, 0xE6, 0xF7, 0x20, 0xD2, 0xE1, 0x3F, 0x33, 0x90, 0xFC,
    0x0B, 0x66, 0xBF, 0x95, 0x64, 0x60, 0x00, 0x00, 0xDE, 0xC6, 0x24, 0x2F, 0x78, 0x9C, 0x63, 0xF8,
    0x29, 0xCF, 0x00, 0x04, 0x0B, 0xCE, 0x83, 0x48, 0x86, 0xDF, 0xEC, 0x20, 0x32, 0x81, 0x95, 0x01,
    0x06, 0x12, 0xFE, 0xEC, 0x63, 0x65, 0x10, 0xF8, 0xF3, 0xFF, 0x7F, 0x3F, 0xC3, 0x86, 0xFB, 0x2C,
    0x05, 0xFF, 0x59, 0xBE, 0xE8, 0x33, 0x30, 0xFC, 0xE4, 0xFE, 0xC5, 0xC5, 0xC0, 0xF0, 0x99, 0xFF,
    0x1F, 0x1B, 0x03, 0xC3, 0x07, 0xFD, 0xFF, 0x20, 0x60, 0xFF, 0xFF, 0xFD, 0xBB, 0x77, 0xEF, 0xEC,
    0xFE, 0x81, 0x75, 0xFE, 0xE6, 0x02, 0x91, 0xDF, 0xEC, 0x19, 0x18, 0x02, 0x98, 0x2E, 0xBC, 0x67,
    0x55, 0xF8, 0xC9, 0x2B, 0xF0, 0xF7, 0xFF, 0xFF, 0xF7, 0x4C, 0x0C, 0x05, 0x7F, 0xEE, 0x4B, 0x30,
    0x00, 0x00, 0x17, 0x70, 0x2A, 0x05, 0x78, 0x9C, 0x63, 0x60, 0x60, 0xF8, 0x66, 0xCF, 0xC0, 0xC0,
    0xA0, 0xF0, 0x9F, 0x05, 0x48, 0x1E, 0xF0, 0x07, 0x12, 0x0C, 0x89, 0xCC, 0x0C, 0x30, 0x90, 0xF0,
    0x67, 0x1F, 0x2B, 0x83, 0xC0, 0x9F, 0xFF, 0xFF, 0xFB, 0x19, 0x36, 0xDC, 0x67, 0x29, 0xF8, 0xCF,
    0xF2, 0x45, 0x9F, 0x81, 0xE1, 0x27, 0xF7, 0x2F, 0x2E, 0x06, 0x86, 0xCF, 0xFC, 0xFF, 0xD8, 0x18,
    0x18, 0x3E, 0xE8, 0xFF, 0x07, 0x01, 0xFB, 0xFF, 0xEF, 0xDF, 0xBD, 0x7B, 0x67, 0xF7, 0x8F, 0x15,
    0xA4, 0xE9, 0x37, 0x17, 0x88, 0x04, 0x19, 0x1B, 0xC0, 0x74, 0xE1, 0x3D, 0xAB, 0xC2, 0x4F, 0x5E,
    0x81, 0xBF, 0xFF, 0xFF, 0xBF, 0x67, 0x62, 0x28, 0xF8, 0x73, 0x5F, 0x82, 0x01, 0x00, 0x05, 0x04,
    0x29, 0xE2, 0x78, 0x9C, 0x63, 0x60, 0xF8, 0x26, 0xCB, 0xC0, 0xC0, 0x90, 0xB0, 0xFE, 0x1E, 0x23,
    0x03, 0xC3, 0x57, 0xAE, 0x47, 0x32, 0x0C, 0x0C, 0x46, 0x0C, 0x02, 0xC2, 0x0C, 0x50, 0x90, 0xF0,
    0x67, 0x1F, 0x2B, 0x83, 0xC0, 0x9F, 0xFF, 0xFF, 0xFB, 0x19, 0x36, 0xDC, 0x67, 0x29, 0xF8, 0xCF,
    0xF2, 0x45, 0x9F, 0x81, 0xE1, 0x27, 0xF7, 0x2F, 0x2E, 0x06, 0x86, 0xCF, 0xFC, 0xFF, 0xD8, 0x18,
    0x18, 0x3E, 0xE8, 0xFF, 0x07, 0x01, 0x7B, 0x08, 0xF9, 0x8F, 0x15, 0xA4, 0xE9, 0x37, 0x17, 0x88,
    0xFC, 0x66, 0xCF, 0xC0, 0x10, 0xC0, 0x78, 0xE1, 0x3D, 0xAB, 0xC2, 0x0F, 0x5E, 0x81, 0xBF, 0xFF,
    0xFF, 0xBF, 0x67, 0x62, 0x28, 0xF8, 0x73, 0x5F, 0x82, 0x01, 0x00, 0xAE, 0x08, 0x2B, 0xAC, 0x78,
    0x9C, 0x63, 0xB8, 0xC5, 0xB0, 0x80, 0x97, 0x81, 0xE1, 0x3F, 0xF3, 0x07, 0x7B, 0x06, 0x86, 0x1D,
    0x0C, 0x0D, 0xDC, 0x0C, 0x28, 0x20, 0xE1, 0xCF, 0x3E, 0x56, 0x06, 0x81, 0x3F, 0xFF, 0xFF, 0xF7,
    0x33, 0x6C, 0xB8, 0xCF, 0x52, 0xF0, 0x9F, 0xE5, 0x8B, 0x3E, 0x03, 0xC3, 0x4F, 0xEE, 0x5F, 0x5C,
    0x0C, 0x0C, 0x9F, 0xF9, 0xFF, 0xB1, 0x31, 0x30, 0x7C, 0xD0, 0xFF, 0x0F, 0x02, 0xF6, 0x10, 0x12,
    0x24, 0xC2, 0xC0, 0xF0, 0x9B, 0x0B, 0x44, 0x7E, 0x03, 0xAA, 0x4C, 0x60, 0xB8, 0xF0, 0x9E, 0xC5,
    0xE1, 0x2F, 0xB7, 0xC2, 0xDF, 0xFF, 0xFF, 0xDF, 0x33, 0x31, 0x14, 0xFC, 0xB9, 0x2F, 0xC1, 0x00,
    0x00, 0x97, 0xDD, 0x2B, 0x86, 0x78, 0x9C, 0xFB, 0x5C, 0xCF, 0x60, 0xF0, 0x9F, 0x99, 0xE1, 0x0B,
    0x2F, 0x83, 0x82, 0x08, 0x03, 0x10, 0x7C, 0xF0, 0x27, 0x12, 0x01, 0x00, 0x40, 0x1F, 0x15, 0x4C,
    0x78, 0x9C, 0x63, 0x78, 0xD8, 0xCF, 0xC0, 0xF0, 0x87, 0x83, 0xA1, 0x01, 0x48, 0x19, 0x30, 0x33,
    0x80, 0xC1, 0x07, 0x7F, 0xF2, 0x30, 0x00, 0x0F, 0x02, 0x15, 0x29, 0x78, 0x9C, 0x63, 0x78, 0x14,
    0xCF, 0xA0, 0x70, 0xEF, 0x27, 0xEB, 0x23, 0xD9, 0x09, 0xF1, 0x02, 0x0C, 0x0C, 0x82, 0x0C, 0x20,
    0xF0, 0xC1, 0x9F, 0x2C, 0x0C, 0x00, 0x68, 0xA9, 0x16, 0xBF, 0x78, 0x9C, 0xBB, 0xC5, 0x28, 0xB0,
    0xF6, 0x3F, 0xB3, 0xC1, 0xFF, 0x1D, 0x0C, 0x0C, 0xDD, 0x0C, 0x30, 0xF0, 0x85, 0x9F, 0x2C, 0x0C,
    0x00, 0xFF, 0xE5, 0x13, 0x37, 0x78, 0x9C, 0x63, 0x30, 0x63, 0x00, 0x02, 0x81, 0xFF, 0x3E, 0x0C,
    0x45, 0x0C, 0x06, 0x7F, 0xFE, 0x67, 0xBE, 0x67, 0x64, 0x30, 0xF8, 0xFD, 0x5F, 0x06, 0x28, 0xF6,
    0xF9, 0x3F, 0x37, 0x03, 0x43, 0xC1, 0xFB, 0x5F, 0xF1, 0x0C, 0x0C, 0x0D, 0xD2, 0x0B, 0xDE, 0x43,
    0x94, 0xB1, 0x32, 0x4C, 0x7C, 0x1B, 0xF3, 0x8B, 0x4B, 0xE1, 0xDF, 0xFF, 0xFF, 0xFF, 0xF9, 0x2E,
    0xDC, 0x67, 0x49, 0xFC, 0x2F, 0xFF, 0x4D, 0x9F, 0x81, 0xE1, 0xAB, 0xFD, 0x6F, 0x4E, 0x06, 0x86,
    0x0F, 0xFE, 0xFF, 0xD8, 0x40, 0xE4, 0x7F, 0x16, 0x06, 0x86, 0x8F, 0xF6, 0x20, 0xF6, 0x27, 0xF9,
    0x3F, 0x40, 0xF1, 0xEF, 0x7C, 0x20, 0x35, 0x7F, 0x39, 0x2E, 0xBC, 0x67, 0xDE, 0xF8, 0x9E, 0x11,
    0xA4, 0xD7, 0x9F, 0x81, 0xA1, 0xF1, 0xEF, 0x3A, 0x26, 0x06, 0x00, 0xD0, 0x1A, 0x32, 0x51, 0x78,
    0x9C, 0x63, 0x60, 0x60, 0x60, 0x60, 0x62, 0x30, 0xF8, 0x63, 0x5D, 0xC0, 0xC7, 0xF0, 0xE0, 0xFF,
    0xFF, 0xFF, 0x5C, 0x0C, 0x9F, 0xED, 0x27, 0x9E, 0x67, 0x64, 0x40, 0x06, 0xFF, 0x43, 0xFE, 0xEC,
    0x67, 0x61, 0xF8, 0xFF, 0xF7, 0xFF, 0x7F, 0x7B, 0x86, 0xFF, 0xFD, 0x8C, 0x97, 0xF7, 0x33, 0xFC,
    0xE7, 0x65, 0x48, 0xF8, 0xCF, 0xF0, 0x9F, 0x95, 0xC1, 0xE0, 0x3F, 0xE3, 0x7F, 0x16, 0x06, 0x05,
    0xD2, 0x49, 0x00, 0xC7, 0x58, 0x2A, 0xA8, 0x78, 0x9C, 0x63, 0xF8, 0xAE, 0xCF, 0x00, 0x04, 0x0D,
    0xF7, 0x41, 0x24, 0xC3, 0x4F, 0x0E, 0x10, 0x19, 0xC0, 0xC6, 0x00, 0x03, 0x09, 0x7F, 0xCE, 0xB3,
    0x31, 0x08, 0xFC, 0xF9, 0xFF, 0xFF, 0x3C, 0xE3, 0x86, 0xF7, 0x2C, 0x01, 0xFF, 0xB8, 0xBF, 0xD8,
    0x33, 0x30, 0x7C, 0xF6, 0xFF, 0xC5, 0xCD, 0xC0, 0xB0, 0x61, 0xFD, 0x3F, 0xA0, 0xBA, 0x82, 0xF7,
    0xFF, 0x59, 0x80, 0x3A, 0xFE, 0x83, 0x48, 0x87, 0xFF, 0x20, 0x91, 0x84, 0xF7, 0x10, 0xD9, 0xAF,
    0x60, 0x95, 0x07, 0xDE, 0xB3, 0x38, 0xFC, 0xE3, 0x01, 0x99, 0x70, 0x9F, 0x91, 0xA1, 0xE0, 0xCF,
    0x79, 0x76, 0x06, 0x00, 0xC4, 0x0D, 0x29, 0x0A, 0x78, 0x9C, 0x63, 0x60, 0x60, 0xF8, 0xEA, 0xCF,
    0xC0, 0xC0, 0x20, 0xF0, 0x8F, 0x05, 0x48, 0x6E, 0x88, 0x07, 0x12, 0x0C, 0x89, 0x20, 0x26, 0x04,
    0x24, 0xFC, 0x39, 0xCF, 0xC6, 0x20, 0xF0, 0xE7, 0xFF, 0xFF, 0xF3, 0x8C, 0x1B, 0xDE, 0xB3, 0x04,
    0xFC, 0xE3, 0xFE, 0x62, 0xCF, 0xC0, 0xF0, 0xD9, 0xFF, 0x17, 0x37, 0x50, 0xED, 0xFA, 0x7F, 0x6C,
    0x0C, 0x0C, 0x05, 0xEF, 0xFF, 0x03, 0x55, 0x07, 0xFC, 0x07, 0x91, 0x0E, 0xFF, 0x41, 0x22, 0x09,
    0xEF, 0x21, 0xB2, 0x5F, 0xC1, 0x2A, 0x0F, 0xBC, 0x67, 0x71, 0xF8, 0xC7, 0x03, 0x32, 0xE1, 0x3E,
    0x23, 0x43, 0xC1, 0x9F, 0xF3, 0xEC, 0x0C, 0x00, 0xB7, 0xE0, 0x28, 0xF8, 0x78, 0x9C, 0x63, 0x60,
    0xF8, 0xA2, 0xC7, 0xC0, 0xC0, 0xE0, 0xB0, 0xFF, 0x2D, 0x23, 0x03, 0xC3, 0x67, 0xEE, 0x8B, 0xB2,
    0x0C, 0x0C, 0x46, 0x0C, 0x02, 0xC2, 0x0C, 0x50, 0x90, 0xF0, 0xE7, 0x3C, 0x1B, 0x83, 0xC0, 0x9F,
    0xFF, 0xFF, 0xCF, 0x33, 0x6E, 0x78, 0xCF, 0x12, 0xF0, 0x8F, 0xFB, 0x8B, 0x3D, 0x50, 0x99, 0xFF,
    0x2F, 0x6E, 0x06, 0x86, 0x0D, 0xEB, 0xFF, 0xB1, 0x31, 0x30, 0x14, 0xBC, 0xFF, 0xCF, 0xC2, 0xC0,
    0x10, 0xF0, 0x1F, 0x42, 0x82, 0x44, 0x12, 0xDE, 0x43, 0x64, 0xBF, 0x82, 0x55, 0x1E, 0x78, 0xCF,
    0xE2, 0xF0, 0x8F, 0x07, 0x64, 0xC2, 0x7D, 0x46, 0x86, 0x82, 0x3F, 0xE7, 0xD9, 0x19, 0x00, 0x58,
    0x94, 0x2A, 0x8E, 0x78, 0x9C, 0x63, 0x60, 0x60, 0x60, 0x10, 0x62, 0x60, 0xF8, 0x59, 0x6B, 0xF8,
    0x9E, 0xA1, 0xE1, 0xFF, 0xFF, 0xFF, 0xF3, 0x19, 0x36, 0xD8, 0x07, 0xBC, 0xE1, 0x62, 0x40, 0x01,
    0x09, 0x7F, 0xCE, 0xB3, 0x31, 0x08, 0xFC, 0xF9, 0xFF, 0xFF, 0x3C, 0xE3, 0x86, 0xF7, 0x2C, 0x01,
    0xFF, 0xB8, 0xBF, 0xD8, 0x33, 0x30, 0x7C, 0xF6, 0xFF, 0xC5, 0xCD, 0xC0, 0xB0, 0x61, 0xFD, 0x3F,
    0x36, 0x06, 0x86, 0x82, 0xF7, 0xFF, 0x59, 0x18, 0x18, 0x02, 0xFE, 0x43, 0x48, 0x90, 0x48, 0xC2,
    0x7B, 0x88, 0xEC, 0x57, 0xB0, 0xCA, 0x03, 0xEF, 0x59, 0x1C, 0xFE, 0xF1, 0x80, 0x4C, 0xB8, 0xCF,
    0xC8, 0x50, 0xF0, 0xE7, 0x3C, 0x3B, 0x03, 0x00, 0xE8, 0x99, 0x2E, 0x37, 0x78, 0x9C, 0x63, 0xB8,
    0xC5, 0x20, 0xB0, 0x96, 0x81, 0xE1, 0x3F, 0xB3, 0xC1, 0x7F, 0x06, 0x86, 0x1D, 0x0C, 0x0C, 0xDD,
    0x0C, 0x28, 0x20, 0xE1, 0xCF, 0x79, 0x36, 0x06, 0x81, 0x3F, 0xFF, 0xFF, 0x9F, 0x67, 0xDC, 0xF0,
    0x9E, 0x25, 0xE0, 0x1F, 0xF7, 0x17, 0x7B, 0x06, 0x86, 0xCF, 0xFE, 0xBF, 0xB8, 0x19, 0x18, 0x36,
    0xAC, 0xFF, 0xC7, 0xC6, 0xC0, 0x50, 0xF0, 0xFE, 0x3F, 0x0B, 0x03, 0x43, 0xC0, 0x7F, 0x08, 0x09,
    0x12, 0x49, 0x78, 0x0F, 0x91, 0xFD, 0x0A, 0x56, 0x79, 0xE0, 0x3D, 0x8B, 0xC3, 0x3F, 0x1E, 0x90,
    0x09, 0xF7, 0x19, 0x19, 0x0A, 0xFE, 0x9C, 0x67, 0x67, 0x00, 0x00, 0x45, 0x8E, 0x2A, 0x49, 0x78,
    0x9C, 0x63, 0x60, 0x58, 0xC0, 0xCB, 0x00, 0x04, 0x1F, 0xEC, 0x41, 0x64, 0x03, 0x37, 0x03, 0x0A,
    0xF8, 0x8F, 0x04, 0x18, 0xB0, 0x00, 0x88, 0x7A, 0x88, 0xDE, 0x05, 0xB2, 0x0C, 0x0C, 0x00, 0xBC,
    0x20, 0x10, 0xD3, 0x78, 0x9C, 0x63, 0x60, 0x60, 0x60, 0x48, 0x60, 0x05, 0x12, 0x0C, 0x9F, 0xD8,
    0x18, 0x12, 0xFE, 0x9C, 0x7F, 0xCF, 0x20, 0xF0, 0xE7, 0xFF, 0xFF, 0xFF, 0x8C, 0x1B, 0xDE, 0xB3,
    0x5C, 0xF8, 0xCF, 0xFD, 0xC5, 0x9E, 0xE1, 0xE3, 0x6F, 0xFF, 0x5F, 0xDC, 0x0C, 0xDF, 0x37, 0xAE,
    0xFF, 0xC7, 0xC6, 0xD0, 0x57, 0xF0, 0xFE, 0x3F, 0x4B, 0x81, 0x7C, 0xC0, 0xFF, 0xFF, 0x2C, 0x0F,
    0x38, 0x03, 0xFE, 0xFF, 0x63, 0xFB, 0xC6, 0x98, 0xF0, 0xFE, 0x17, 0xF7, 0x5A, 0x86, 0x0D, 0xEB,
    0xBF, 0xF6, 0xEB, 0x33, 0x7C, 0xF6, 0x3F, 0xF0, 0x9F, 0xDF, 0xE1, 0x1F, 0x8F, 0x00, 0xD0, 0x80,
    0xFB, 0x8C, 0x0C, 0x7F, 0xFE, 0x9C, 0x67, 0x67, 0x30, 0xF0, 0x07, 0x99, 0xED, 0xC0, 0x0E, 0x22,
    0x01, 0x6D, 0x6C, 0x2F, 0xBF, 0x78, 0x9C, 0x53, 0xF8, 0xC7, 0xCE, 0x00, 0x04, 0x8F, 0xED, 0x41,
    0xA4, 0xC1, 0x7D, 0x10, 0xC9, 0x60, 0xC4, 0xC8, 0x00, 0x05, 0xFF, 0x59, 0x40, 0x98, 0x3C, 0xF2,
    0x2F, 0x07, 0x83, 0xC3, 0x7F, 0x96, 0x9F, 0xFE, 0x02, 0xCF, 0xFE, 0xB3, 0x3C, 0xFC, 0xFF, 0xFF,
    0xFD, 0x7F, 0x16, 0x85, 0x57, 0xF7, 0x25, 0xFF, 0xB3, 0x00, 0x00, 0x70, 0xE0, 0x25, 0x25, 0x78,
    0x9C, 0x63, 0x60, 0x50, 0xF8, 0xCF, 0xCE, 0xC0, 0xC0, 0x70, 0xA0, 0x1E, 0x48, 0x30, 0xFC, 0x00,
    0x31, 0x19, 0x8C, 0x19, 0x60, 0xE0, 0x3F, 0x0B, 0x08, 0x93, 0x47, 0xFE, 0xE5, 0x60, 0x30, 0xF8,
    0xCF, 0xF2, 0xD3, 0x9F, 0xE1, 0xE9, 0x7F, 0x96, 0x87, 0xFF, 0xFF, 0xBF, 0xFF, 0xCF, 0xA2, 0xF0,
    0xEA, 0xBE, 0xE4, 0x7F, 0x16, 0x00, 0x70, 0xD0, 0x25, 0x12, 0x78, 0x9C, 0x63, 0x10, 0xF8, 0xC7,
    0xCA, 0xC0, 0xC0, 0x70, 0x71, 0xAE, 0x3F, 0x03, 0x83, 0xC0, 0x5D, 0xC6, 0x9F, 0x2C, 0x0C, 0x0C,
    0x8C, 0x0C, 0x02, 0x0C, 0x50, 0xF0, 0x9F, 0x05, 0x84, 0xC9, 0x23, 0xFF, 0x72, 0x30, 0x38, 0xFC,
    0x67, 0xF9, 0xE9, 0x2F, 0xF0, 0xEC, 0x3F, 0xCB, 0xC3, 0xFF, 0xFF, 0xDF, 0xFF, 0x67, 0x51, 0x78,
    0x75, 0x5F, 0xF2, 0x3F, 0x0B, 0x00, 0xF0, 0xCC, 0x26, 0x68, 0x78, 0x9C, 0x13, 0x58, 0xCB, 0x70,
    0x91, 0x8B, 0xC1, 0xE0, 0x3F, 0xC3, 0x67, 0x7E, 0x06, 0x86, 0x6E, 0x86, 0x0D, 0x1C, 0x0C, 0xC8,
    0xE0, 0x3F, 0x0B, 0x08, 0x93, 0x47, 0xFE, 0xE5, 0x00, 0x1A, 0xCB, 0xF2, 0xD3, 0x9F, 0xE1, 0xE9,
    0x7F, 0x96, 0x87, 0xFF, 0xFF, 0xBF, 0xFF, 0xCF, 0xA2, 0xF0, 0xEA, 0xBE, 0xE4, 0x7F, 0x16, 0x00,
    0x10, 0x5D, 0x26, 0x87, 0x78, 0x9C, 0x63, 0x60, 0x60, 0x78, 0xD8, 0xCF, 0x00, 0x04, 0x7F, 0x38,
    0x80, 0x44, 0x03, 0x98, 0x69, 0xC0, 0xCC, 0x00, 0x05, 0x3F, 0xF8, 0x18, 0x18, 0x3E, 0xC4, 0x7F,
    0xB6, 0x67, 0x60, 0xF8, 0xCA, 0x7F, 0x01, 0x28, 0xF7, 0x8B, 0xAB, 0xE1, 0x3D, 0x03, 0xC3, 0x3F,
    0x56, 0x85, 0xFF, 0xCC, 0x0E, 0xFF, 0x41, 0x7A, 0x1A, 0xD6, 0x33, 0x30, 0x7C, 0xE7, 0xBD, 0x10,
    0xCF, 0xC0, 0xF0, 0xD1, 0xFE, 0x13, 0x3F, 0x03, 0xC3, 0x86, 0xFE, 0xEF, 0x5C, 0x0C, 0x0C, 0x09,
    0xF7, 0xFF, 0xB0, 0x30, 0x30, 0x08, 0xFC, 0x7F, 0x0F, 0x32, 0xE3, 0xD7, 0x7C, 0x10, 0xF9, 0xD5,
    0x1F, 0x44, 0x7E, 0xE4, 0x07, 0x91, 0xDF, 0x38, 0x41, 0xE4, 0x5F, 0x90, 0x92, 0x45, 0xF7, 0x81,
    0xAC, 0x0F, 0xFF, 0x81, 0x16, 0x30, 0x5C, 0x38, 0x0F, 0xB2, 0x16, 0x00, 0xFF, 0x62, 0x27, 0xCA,
    0x78, 0x9C, 0xFB, 0xCF, 0xC2, 0x00, 0x04, 0xFF, 0x71, 0x91, 0x21, 0x7F, 0xCE, 0xB3, 0x32, 0xFC,
    0xFF, 0xFB, 0xFF, 0x7F, 0x3F, 0xC3, 0xFF, 0x7E, 0xC6, 0x4D, 0xFF, 0x59, 0xFE, 0xF3, 0x30, 0x30,
    0xFC, 0xE5, 0x06, 0xC9, 0x7E, 0xE3, 0x07, 0x91, 0x9F, 0xF4, 0x41, 0xE4, 0x07, 0x7B, 0x04, 0x09,
    0x11, 0x01, 0xCA, 0x42, 0x54, 0xF6, 0x33, 0x6C, 0xFA, 0xCF, 0xFC, 0xFF, 0x1F, 0xD8, 0x84, 0x14,
    0xB0, 0x69, 0x78, 0x6D, 0x04, 0x00, 0x09, 0x42, 0x30, 0xF0, 0x78, 0x9C, 0x63, 0xB8, 0xC5, 0x28,
    0xB0, 0x96, 0x81, 0xE1, 0x3F, 0xB3, 0xC1, 0x7F, 0x06, 0x86, 0x1D, 0x0C, 0x0C, 0xDD, 0x0C, 0xC8,
    0xE0, 0x2F, 0x27, 0x03, 0xC3, 0x47, 0xFD, 0x1F, 0x7C, 0x0C, 0x0C, 0xDF, 0x78, 0x3F, 0xF9, 0x33,
    0x30, 0xFC, 0x66, 0xBF, 0x30, 0x1F, 0xA8, 0x98, 0xA9, 0xE1, 0x3D, 0x43, 0xC0, 0x79, 0x06, 0x83,
    0xFF, 0xAC, 0x0B, 0xEA, 0x81, 0x8A, 0xB8, 0x3E, 0xC8, 0x33, 0x30, 0xFC, 0xE0, 0xFF, 0xC2, 0xC3,
    0xC0, 0xF0, 0x39, 0xFE, 0x27, 0x1B, 0x03, 0xC3, 0x83, 0xFD, 0xFF, 0x18, 0x19, 0x18, 0x26, 0xFC,
    0xDF, 0x0F, 0x34, 0xC2, 0xE0, 0x7F, 0x3E, 0xC8, 0xA4, 0x7F, 0xF2, 0x20, 0xF2, 0x17, 0x0F, 0x88,
    0xFC, 0xC9, 0x0A, 0x24, 0x04, 0xFE, 0x83, 0x88, 0xC3, 0x40, 0xE3, 0x18, 0x3E, 0xFF, 0x97, 0x03,
    0x91, 0xEB, 0x81, 0x7A, 0x18, 0x00, 0xB2, 0xEA, 0x29, 0x1D, 0x78, 0x9C, 0x63, 0x60, 0xF8, 0x0F,
    0x04, 0x0C, 0x40, 0x00, 0xA3, 0xE1, 0xE0, 0x17, 0x0F, 0x84, 0xFE, 0xAF, 0x0F, 0xA6, 0x1C, 0xFE,
    0xF7, 0x83, 0xE9, 0x05, 0xE7, 0xDF, 0x83, 0xE9, 0x0F, 0xFA, 0xFF, 0x59, 0x40, 0xF4, 0x57, 0x9E,
    0x9F, 0x5C, 0x60, 0xE5, 0xEC, 0x9F, 0xF9, 0xC1, 0xCA, 0x99, 0x1E, 0xE4, 0x03, 0xA9, 0x80, 0xFB,
    0x0C, 0x0D, 0xE7, 0x81, 0xF4, 0x86, 0x7E, 0x06, 0x85, 0xFF, 0x4C, 0x40, 0xE5, 0xF6, 0x0C, 0x0C,
    0x7F, 0x38, 0x80, 0xCA, 0x79, 0x19, 0x18, 0xBE, 0xF1, 0x31, 0x30, 0xFC, 0x06, 0xD9, 0xE7, 0xCF,
    0x20, 0x00, 0xA2, 0xFE, 0xAF, 0x67, 0x48, 0x00, 0x19, 0x1A, 0xF0, 0x9F, 0x61, 0xC3, 0x7C, 0x90,
    0x19, 0xFF, 0xD8, 0x3E, 0xFA, 0x83, 0xE8, 0x9F, 0x3C, 0xDF, 0xC0, 0x66, 0x7E, 0xD6, 0xFF, 0x03,
    0xB6, 0xE3, 0x42, 0x3F, 0x00, 0xB9, 0xBB, 0x36, 0xAB, 0x78, 0x9C, 0x63, 0xF8, 0x0F, 0x04, 0x0C,
    0x0C, 0x10, 0x12, 0x13, 0x1C, 0xFB, 0x3F, 0x8F, 0x89, 0xE1, 0x20, 0x50, 0xD2, 0x9E, 0xE1, 0x97,
    0x1F, 0xC3, 0xE5, 0xFB, 0x0C, 0xBB, 0x59, 0x18, 0x0C, 0xFE, 0x33, 0x81, 0xA4, 0xFE, 0x33, 0x33,
    0x4C, 0x79, 0xFB, 0xFF, 0x3F, 0xCB, 0x02, 0x90, 0x5E, 0x96, 0xEF, 0xF3, 0x85, 0x19, 0xFE, 0xB3,
    0xFC, 0xE5, 0x04, 0x8A, 0xB3, 0xFC, 0x67, 0x01, 0x91, 0xFF, 0xD8, 0x18, 0x02, 0xFE, 0xB3, 0xFC,
    0xB4, 0x63, 0xF8, 0xFE, 0x9F, 0xF5, 0xE1, 0xFF, 0xFF, 0xF7, 0xFF, 0xB3, 0x0B, 0xBC, 0x7C, 0xCF,
    0x71, 0x82, 0x03, 0x00, 0xEA, 0x7C, 0x30, 0x32, 0x78, 0x9C, 0x1D, 0xCD, 0xC1, 0x0D, 0x82, 0x50,
    0x10, 0x04, 0xD0, 0x51, 0x82, 0x06, 0x44, 0x6D, 0xC0, 0x44, 0x3A, 0xC0, 0x0E, 0xB4, 0x03, 0x7E,
    0x47, 0xD2, 0x01, 0x76, 0x60, 0x07, 0x6A, 0x07, 0xC6, 0x0A, 0xA4, 0x03, 0xB8, 0x73, 0x30, 0x06,
    0x83, 0x41, 0x94, 0x71, 0x77, 0xF7, 0xF2, 0x92, 0x9F, 0x3F, 0x33, 0x00, 0x7D, 0x47, 0xC8, 0xF5,
    0xAB, 0xDB, 0x55, 0x6D, 0xC8, 0xAD, 0xBA, 0xA9, 0x4F, 0x9E, 0x8A, 0xF7, 0xDC, 0xC0, 0xCF, 0x9E,
    0x11, 0xF3, 0x68, 0x66, 0x77, 0x8B, 0xA1, 0x48, 0xE8, 0x5B, 0x2E, 0xEA, 0x66, 0x6A, 0x37, 0x6D,
    0xD6, 0xEA, 0x30, 0xAE, 0xF6, 0xC2, 0xAE, 0x44, 0x56, 0x8A, 0x87, 0x5C, 0x92, 0x52, 0x58, 0x49,
    0xCB, 0x37, 0x00, 0x5E, 0xD2, 0xDA, 0x2E, 0x80, 0x0F, 0xE5, 0x52, 0x40, 0xE1, 0x19, 0xEE, 0x21,
    0x7F, 0x1D, 0x47, 0x17, 0x1B, 0x19, 0x26, 0xCF, 0xD4, 0x3A, 0xA3, 0x76, 0x69, 0x1B, 0x49, 0x1F,
    0xDA, 0x66, 0xFE, 0x07, 0xE2, 0xB3, 0x38, 0x33, 0x78, 0x9C, 0x63, 0xF8, 0xC7, 0xE1, 0xF0, 0x9F,
    0x89, 0xE1, 0xFB, 0xFF, 0xFF, 0xFB, 0x19, 0x18, 0x02, 0xDE, 0xDC, 0xE7, 0x60, 0x40, 0x01, 0xDB,
    0xFE, 0xCD, 0x63, 0x62, 0xD8, 0xF0, 0xFF, 0xFF, 0x7F, 0x7B, 0x86, 0x1F, 0x71, 0x0C, 0x97, 0xEF,
    0x33, 0xFC, 0x63, 0x63, 0x30, 0x00, 0xAA, 0x07, 0x82, 0xFF, 0xCC, 0x0C, 0x0E, 0x33, 0x56, 0xFD,
    0x67, 0x09, 0xF8, 0x07, 0x94, 0x66, 0xF9, 0xB2, 0x5E, 0x98, 0xE1, 0x3F, 0xCB, 0x1F, 0x4E, 0xA0,
    0x38, 0xCB, 0x7F, 0x16, 0x10, 0x09, 0x56, 0xC9, 0xFA, 0xD3, 0x8E, 0xE1, 0xDB, 0x7F, 0xD6, 0x8B,
    0x40, 0x25, 0xFF, 0xD9, 0x19, 0x6E, 0xFC, 0x8F, 0x39, 0xC6, 0x01, 0x00, 0xAC, 0x20, 0x2F, 0x77,
    0x78, 0x9C, 0x63, 0x60, 0x60, 0xF8, 0xC5, 0xC3, 0x00, 0x06, 0xFF, 0xF5, 0xC1, 0x54, 0xC0, 0xFF,
    0x7E, 0x30, 0xBD, 0x60, 0xFF, 0x7B, 0x30, 0xFD, 0x41, 0xFF, 0x1F, 0x2B, 0x88, 0xFE, 0xCA, 0xF3,
    0x83, 0x1B, 0x44, 0xFF, 0x66, 0xFF, 0x24, 0x0F, 0x56, 0xCE, 0x74, 0x00, 0xA4, 0x30, 0xE0, 0x3E,
    0x43, 0x02, 0x48, 0xE1, 0x86, 0x7E, 0x06, 0x81, 0xFF, 0x2C, 0x0C, 0x0C, 0x1F, 0xED, 0x81, 0x26,
    0x72, 0x31, 0x30, 0x7C, 0xE3, 0x65, 0x60, 0xF8, 0x02, 0x54, 0xF8, 0xFB, 0x3F, 0x10, 0xEC, 0x07,
    0xCA, 0x81, 0x01, 0x44, 0xAD, 0xC2, 0x7F, 0xE6, 0x0D, 0xF3, 0x41, 0x66, 0xFC, 0xE1, 0xFC, 0xE8,
    0x0F, 0x36, 0x9B, 0xFF, 0x1B, 0x3F, 0xD8, 0xAE, 0xFC, 0x3F, 0x5C, 0x20, 0xFA, 0x02, 0xC4, 0x6A,
    0x86, 0x9F, 0x52, 0x60, 0xAA, 0x61, 0x3E, 0x84, 0xFB, 0x21, 0x5F, 0x00, 0x4C, 0x5F, 0xF8, 0xBF,
    0x1E, 0x4C, 0x1B, 0xFC, 0xA9, 0x03, 0x00, 0x97, 0xEA, 0x37, 0xBF, 0x78, 0x9C, 0x63, 0x38, 0xF6,
    0x7F, 0x1E, 0x13, 0xC3, 0xC1, 0xFF, 0xFF, 0xFF, 0xDB, 0x33, 0xFC, 0xF2, 0x63, 0xB8, 0x7C, 0x9F,
    0x61, 0x17, 0x0B, 0x83, 0xC1, 0x7F, 0x26, 0x06, 0x20, 0xF8, 0xCF, 0xCC, 0x30, 0xF9, 0xEF, 0xFF,
    0xFF, 0x2C, 0x13, 0x80, 0xB2, 0xFF, 0x59, 0xBE, 0xCD, 0x67, 0x62, 0xF8, 0xCF, 0xF2, 0x97, 0x13,
    0x28, 0xCE, 0xF2, 0x9F, 0x05, 0x44, 0xFE, 0x63, 0x63, 0x50, 0xF8, 0xCF, 0xF2, 0xD3, 0x8F, 0xE1,
    0xE9, 0x7F, 0xD6, 0x8B, 0xFF, 0xFF, 0xBF, 0xFF, 0xCF, 0x2E, 0xF0, 0xF2, 0xBD, 0xE4, 0x4F, 0x2E,
    0xA0, 0xD6, 0x80, 0xFD, 0x20, 0x03, 0x3E, 0xE8, 0x83, 0xC8, 0xCF, 0xF2, 0x20, 0xF2, 0xD3, 0x7F,
    0x76, 0x20, 0x59, 0x70, 0x8F, 0x15, 0x00, 0x90, 0xBD, 0x2E, 0xC3, 0x78, 0x9C, 0x63, 0x60, 0x60,
    0x28, 0xF8, 0xCF, 0xCC, 0x00, 0x04, 0x9F, 0xEC, 0x41, 0x24, 0xC3, 0x1F, 0x16, 0x10, 0xA9, 0xE0,
    0xC1, 0x80, 0x00, 0x02, 0x27, 0xFE, 0xCF, 0x65, 0x62, 0x60, 0x78, 0xF2, 0xFF, 0xFF, 0xFF, 0x7C,
    0x06, 0x83, 0xFF, 0xD6, 0x0C, 0x8B, 0xFE, 0xB3, 0x5C, 0xD8, 0x0F, 0x94, 0xF8, 0xC5, 0xFB, 0x45,
    0x1E, 0xAC, 0xF3, 0x27, 0x17, 0x90, 0x7A, 0x50, 0xFF, 0x97, 0x1D, 0xA4, 0x5A, 0xE8, 0x1F, 0x2B,
    0x58, 0xDB, 0x7F, 0x16, 0x2C, 0x14, 0x54, 0x0E, 0xA2, 0x52, 0x10, 0xAA, 0x0F, 0x6A, 0xCA, 0x85,
    0xF5, 0x60, 0x33, 0x0D, 0xFE, 0x6B, 0x83, 0x6C, 0x60, 0xF8, 0x02, 0xB6, 0x8F, 0x41, 0xE0, 0xC6,
    0xFF, 0x5E, 0x26, 0x06, 0x00, 0x71, 0x44, 0x2D, 0x78, 0x78, 0x9C, 0x63, 0x60, 0x60, 0xF8, 0xCB,
    0xC5, 0xC0, 0xC0, 0x30, 0x61, 0x3F, 0x90, 0x60, 0xF8, 0xC2, 0x0D, 0x22, 0x53, 0x18, 0xE0, 0xA0,
    0xF1, 0xEF, 0x3E, 0x16, 0x06, 0x85, 0x7F, 0xFF, 0xFF, 0xCF, 0x67, 0xB8, 0x70, 0x9E, 0xB9, 0xE0,
    0x3F, 0xEB, 0x37, 0x79, 0x06, 0x86, 0x1F, 0x3C, 0xBF, 0x81, 0x5A, 0x1E, 0xF1, 0xFE, 0x63, 0x03,
    0x29, 0xF9, 0xCF, 0x82, 0x20, 0x21, 0x22, 0xBF, 0x39, 0x81, 0x1A, 0x39, 0x40, 0x2A, 0xBF, 0xF3,
    0x02, 0x75, 0x25, 0xFC, 0x67, 0x05, 0x99, 0xD0, 0x0F, 0x35, 0x0D, 0x00, 0x95, 0x10, 0x21, 0x7D,
    0x78, 0x9C, 0x63, 0x60, 0x08, 0xB8, 0xCF, 0x00, 0x02, 0x5F, 0xFE, 0x70, 0x03, 0x49, 0x83, 0xF3,
    0x01, 0xF3, 0x81, 0x54, 0x82, 0x38, 0x43, 0x2B, 0x13, 0x03, 0x0C, 0x08, 0x9C, 0xF8, 0x3F, 0x17,
    0xC8, 0x7B, 0xF2, 0xFF, 0xFF, 0xFF, 0x7C, 0x06, 0x83, 0xFF, 0xD6, 0x0C, 0x8B, 0xFE, 0xB3, 0x5C,
    0xD8, 0x0F, 0x94, 0xF8, 0xC5, 0xFB, 0x45, 0x1E, 0x48, 0x7D, 0xB2, 0xFF, 0xC9, 0x05, 0xA4, 0x1E,
    0xD4, 0xFF, 0x65, 0x07, 0xA9, 0x16, 0xFA, 0xC7, 0x0A, 0xD6, 0xF6, 0x9F, 0x05, 0x0B, 0x05, 0x95,
    0x83, 0xA8, 0x14, 0x84, 0xEA, 0x83, 0x9A, 0x72, 0x61, 0x3D, 0xD8, 0x4C, 0x83, 0xFF, 0xDA, 0x20,
    0x1B, 0x18, 0xBE, 0x80, 0xED, 0x63, 0x10, 0xB8, 0xF1, 0xBF, 0x97, 0x89, 0x01, 0x00, 0xA6, 0xD1,
    0x2F, 0x83, 0x78, 0x9C, 0x63, 0x60, 0xF8, 0xC3, 0xCE, 0xC0, 0xC0, 0xB0, 0x61, 0x7E, 0x3E, 0x90,
    0xFC, 0xCD, 0xFC, 0x83, 0x95, 0x81, 0x41, 0x99, 0xC1, 0x80, 0x89, 0x01, 0x0A, 0x1A, 0xFF, 0xEE,
    0x63, 0x61, 0x50, 0xF8, 0xF7, 0xFF, 0xFF, 0x7C, 0x86, 0x0B, 0xE7, 0x99, 0x0B, 0xFE, 0xB3, 0x7E,
    0x93, 0x67, 0x60, 0xF8, 0xC1, 0xF3, 0x9B, 0x8B, 0x81, 0xE1, 0x11, 0xEF, 0x3F, 0x36, 0x90, 0x92,
    0xFF, 0x2C, 0x08, 0x12, 0x22, 0xF2, 0x9B, 0x13, 0xA8, 0x91, 0x03, 0xA4, 0xF2, 0x3B, 0x2F, 0x50,
    0x57, 0xC2, 0x7F, 0x56, 0x90, 0x09, 0xFD, 0x50, 0xD3, 0x00, 0x20, 0x40, 0x22, 0xD5, 0x78, 0x9C,
    0x63, 0x60, 0x10, 0x58, 0xCB, 0x00, 0x02, 0x06, 0xFF, 0xC1, 0x14, 0x43, 0x37, 0x03, 0x02, 0x08,
    0xDC, 0xF8, 0x3F, 0x97, 0x89, 0x81, 0xE1, 0xC9, 0xFF, 0xFF, 0xFF, 0xE3, 0x81, 0x0A, 0xAC, 0x19,
    0x36, 0xFD, 0x67, 0xBE, 0xB0, 0x1F, 0x28, 0xF1, 0x9B, 0xE7, 0x8B, 0x3C, 0x90, 0xFA, 0xA2, 0xFF,
    0x93, 0x0B, 0x48, 0x7D, 0x88, 0xFF, 0xCB, 0x0E, 0xA4, 0x14, 0x84, 0xFE, 0xB1, 0x82, 0xB5, 0xFD,
    0x67, 0xC1, 0x42, 0x41, 0xE5, 0xC0, 0x2A, 0x05, 0x18, 0x21, 0xFA, 0xF2, 0xA1, 0xA6, 0x5C, 0x58,
    0x0F, 0x36, 0xD3, 0xE0, 0xBF, 0x16, 0xC3, 0xE6, 0xFF, 0xCC, 0x0C, 0x5F, 0xC0, 0xF6, 0x01, 0x6D,
    0x7F, 0xDF, 0xCB, 0xC8, 0x00, 0x00, 0x69, 0x8F, 0x2B, 0xB5, 0x78, 0x9C, 0x63, 0x60, 0xB8, 0xC5,
    0x00, 0x02, 0xFF, 0x99, 0x41, 0xE4, 0x0E, 0x06, 0x34, 0xD0, 0xF8, 0x77, 0x1F, 0x0B, 0x83, 0xC2,
    0xBF, 0xFF, 0xFF, 0xE7, 0x33, 0x5C, 0x38, 0xCF, 0x34, 0xF1, 0x3F, 0xEB, 0x37, 0x79, 0x06, 0x86,
    0xDF, 0x3C, 0xBF, 0x39, 0x19, 0x18, 0x9E, 0xF2, 0xFE, 0x63, 0x03, 0xEB, 0x64, 0x41, 0x90, 0x10,
    0x11, 0x90, 0x6C, 0x13, 0x07, 0x48, 0xE5, 0x4F, 0x5E, 0xA0, 0xAE, 0x86, 0xFF, 0xAC, 0x20, 0x13,
    0xFA, 0xA1, 0xA6, 0x01, 0x00, 0x2E, 0xBA, 0x20, 0x9F, 0x78, 0x9C, 0x63, 0x98, 0x10, 0xCF, 0xF0,
    0x87, 0x99, 0x81, 0x81, 0xE1, 0xD7, 0x16, 0x7F, 0x20, 0xC9, 0x70, 0xE0, 0x3F, 0x2B, 0x88, 0x12,
    0x08, 0x67, 0x40, 0x00, 0x81, 0x13, 0xFF, 0xE7, 0x32, 0x31, 0x30, 0x3C, 0xF9, 0xFF, 0xFF, 0x7F,
    0x3E, 0x83, 0xC1, 0x7F, 0x6B, 0x86, 0x45, 0xFF, 0x59, 0x2E, 0xEC, 0x07, 0xE9, 0xE1, 0xFD, 0x22,
    0x0F, 0xA4, 0x3E, 0xD9, 0xFF, 0xE4, 0x02, 0x52, 0x0F, 0xEA, 0xFF, 0xB2, 0x83, 0x54, 0x0B, 0xFD,
    0x03, 0x1B, 0xC1, 0xF0, 0x9F, 0x05, 0x0B, 0x05, 0x95, 0x83, 0xA8, 0x14, 0x84, 0xEA, 0x83, 0x9A,
    0x72, 0x61, 0x3D, 0xD8, 0x4C, 0x83, 0xFF, 0xDA, 0x20, 0x1B, 0x18, 0xBE, 0x80, 0xED, 0x63, 0x10,
    0xB8, 0xF1, 0xBF, 0x97, 0x89, 0x01, 0x00, 0xB5, 0x4E, 0x2F, 0x83, 0x78, 0x9C, 0x13, 0xB8, 0xCB,
    0xF8, 0x95, 0x8B, 0x81, 0xE1, 0x61, 0xEC, 0x7E, 0x06, 0x06, 0x06, 0x85, 0x7F, 0xDC, 0x40, 0x92,
    0xC1, 0x89, 0x01, 0x0E, 0x1A, 0xFF, 0xEE, 0x63, 0x01, 0x0A, 0xFF, 0xFF, 0xDF, 0xCF, 0x70, 0xE1,
    0x3C, 0x73, 0xC1, 0x7F, 0x96, 0x6F, 0xF2, 0x0C, 0x0C, 0x3F, 0xB8, 0x7F, 0x03, 0xB5, 0x7C, 0xE2,
    0xFF, 0xC7, 0x06, 0x52, 0xF2, 0x9F, 0x05, 0x41, 0x42, 0x44, 0x7E, 0x73, 0x02, 0x35, 0xB2, 0x83,
    0x54, 0x7E, 0xE3, 0x05, 0xEA, 0x4A, 0xF8, 0xCF, 0x0A, 0x31, 0x01, 0x62, 0x1A, 0x00, 0x46, 0x5E,
    0x23, 0x17, 0x78, 0x9C, 0x13, 0x08, 0x67, 0x28, 0x10, 0x67, 0x60, 0x60, 0xF8, 0xC1, 0xF6, 0x93,
    0x1D, 0x48, 0x2D, 0xD8, 0xDF, 0xCF, 0x00, 0x02, 0x7F, 0x38, 0x19, 0xE0, 0xE0, 0xFF, 0xFF, 0xFF,
    0x6B, 0x59, 0xC0, 0xD4, 0xFF, 0xFD, 0x40, 0x8A, 0x85, 0x21, 0xF1, 0x1F, 0x0F, 0x88, 0x62, 0x78,
    0x34, 0x1F, 0x4C, 0x39, 0xFC, 0x67, 0x02, 0x51, 0x0C, 0x7F, 0xD8, 0xC1, 0xD4, 0x0F, 0x6E, 0x30,
    0xF5, 0x95, 0x0F, 0x4C, 0x7D, 0xE1, 0xC7, 0x42, 0x7D, 0xE3, 0x43, 0x56, 0xF9, 0x17, 0xAC, 0x2F,
    0x00, 0x62, 0xCA, 0x63, 0xB0, 0x99, 0x4D, 0xFF, 0x79, 0xC0, 0xF6, 0xAD, 0x07, 0x5B, 0x3B, 0x97,
    0x99, 0x81, 0x01, 0x00, 0xAC, 0xF7, 0x37, 0x68, 0x78, 0x9C, 0x63, 0x60, 0x60, 0x60, 0xF8, 0xE0,
    0xFF, 0x85, 0x9F, 0x01, 0x4C, 0x7F, 0xE5, 0x83, 0xD0, 0x3F, 0xB8, 0x20, 0xF4, 0x3F, 0x26, 0x08,
    0xED, 0xC4, 0xC0, 0xB0, 0xE8, 0x5F, 0xEF, 0x07, 0x7F, 0x06, 0x06, 0x83, 0xFF, 0xFF, 0xFF, 0xFF,
    0x01, 0xD2, 0x0F, 0xEE, 0x33, 0x27, 0xFC, 0x07, 0xD2, 0xDF, 0xE4, 0x19, 0x18, 0xBE, 0x00, 0xE9,
    0xDF, 0x5C, 0x20, 0x75, 0x0C, 0x0C, 0xFF, 0xD8, 0x20, 0xF4, 0x7F, 0x16, 0x54, 0x1A, 0x26, 0x0E,
    0x53, 0x07, 0xD3, 0x77, 0xE1, 0x3E, 0x73, 0xC0, 0x7F, 0x24, 0x73, 0x41, 0xF6, 0x5C, 0x00, 0xD2,
    0x00, 0x9F, 0x66, 0x33, 0x30, 0x78, 0x9C, 0x63, 0xF8, 0xFF, 0xFF, 0xFF, 0x5A, 0x16, 0x06, 0x06,
    0x06, 0x20, 0xFD, 0x7F, 0x3F, 0x88, 0x66, 0x61, 0x48, 0xFC, 0xC7, 0x03, 0xA6, 0x19, 0x1E, 0xCE,
    0x87, 0xD0, 0x0E, 0xFF, 0x19, 0xC1, 0x34, 0xC3, 0x1F, 0x76, 0x08, 0xFD, 0x83, 0x1B, 0x42, 0x7F,
    0xE5, 0x83, 0xD0, 0x5F, 0xF8, 0x81, 0xBA, 0xEF, 0x43, 0xE9, 0xF3, 0x20, 0x1A, 0x22, 0xFE, 0x8D,
    0x0F, 0x55, 0xFD, 0x5F, 0x88, 0xFE, 0x00, 0xA8, 0x79, 0x8F, 0x21, 0xE6, 0x37, 0xFD, 0xE7, 0x81,
    0xD8, 0xBF, 0x1E, 0xE2, 0x8E, 0xB9, 0xCC, 0x0C, 0x0C, 0x00, 0x7C, 0xC6, 0x37, 0x28, 0x78, 0x9C,
    0x63, 0x60, 0x60, 0x60, 0xF8, 0xE0, 0x0F, 0x24, 0x0C, 0xFE, 0xFF, 0xFF, 0x5F, 0xCF, 0xC0, 0xE0,
    0x00, 0xA4, 0xFA, 0x19, 0x60, 0x82, 0x10, 0x6A, 0xD1, 0xBF, 0x5E, 0x20, 0x05, 0x52, 0xF0, 0xC7,
    0x9F, 0xE1, 0xC1, 0x7D, 0xE6, 0x84, 0xFF, 0xFE, 0x0C, 0xDF, 0xE4, 0x19, 0x18, 0xBE, 0xF8, 0x33,
    0xFC, 0xE6, 0x02, 0x2B, 0xF9, 0xC7, 0x06, 0xA6, 0xFE, 0xB3, 0x20, 0x53, 0x50, 0x41, 0xA8, 0x12,
    0xA8, 0x86, 0x0B, 0xF7, 0x99, 0x03, 0xFE, 0xC3, 0x0D, 0x03, 0x19, 0x7D, 0xC1, 0x9F, 0x01, 0x00,
    0x16, 0x16, 0x33, 0xE0, 0x78, 0x9C, 0x63, 0xF8, 0x0F, 0x04, 0x0C, 0x0C, 0x10, 0x12, 0x09, 0x80,
    0x04, 0xFE, 0xF7, 0x83, 0xC9, 0xFA, 0xFF, 0x2C, 0x60, 0x11, 0xFC, 0x24, 0xD8, 0x04, 0x28, 0x49,
    0x8C, 0x7A, 0x84, 0xAE, 0x7A, 0x88, 0x5D, 0x00, 0x87, 0x30, 0x35, 0x1E, 0x78, 0x9C, 0x63, 0xF8,
    0x0F, 0x04, 0x0C, 0x0C, 0x10, 0x12, 0x13, 0x24, 0xFC, 0xD9, 0xC7, 0xCA, 0x20, 0xF0, 0xE7, 0xFF,
    0xFF, 0x7E, 0x86, 0x0D, 0xF7, 0x59, 0x0A, 0xFE, 0xB3, 0x7C, 0xD1, 0x67, 0x60, 0xF8, 0xC9, 0xFD,
    0x8B, 0x8B, 0x81, 0xE1, 0x33, 0xFF, 0x3F, 0x36, 0x06, 0x86, 0x0F, 0xFA, 0x20, 0xAD, 0xFF, 0xED,
    0x21, 0xE4, 0x3F, 0x56, 0x90, 0xA6, 0xDF, 0x5C, 0x20, 0xF2, 0x9B, 0x3D, 0x03, 0x43, 0x00, 0xE3,
    0x85, 0xF7, 0xAC, 0x02, 0x3F, 0x78, 0x05, 0xFE, 0xFE, 0xFF, 0xFF, 0x9E, 0x89, 0xA1, 0xE0, 0xCF,
    0x7D, 0x09, 0x06, 0x00, 0xE3, 0xA3, 0x2E, 0x41, 0x78, 0x9C, 0x33, 0xF8, 0xCF, 0xF8, 0xD1, 0x9E,
    0x81, 0xE1, 0x3F, 0xC7, 0x0F, 0x7E, 0x06, 0x86, 0xEF, 0xFF, 0xFF, 0xB3, 0x33, 0x30, 0x24, 0xBC,
    0xC9, 0x01, 0x0A, 0x80, 0x40, 0x3F, 0x98, 0xAC, 0xFF, 0xCF, 0xC2, 0x00, 0x04, 0x04, 0x48, 0x10,
    0x80, 0x91, 0xC4, 0xA8, 0x47, 0xE8, 0xAA, 0x87, 0xD8, 0x05, 0x00, 0xF2, 0x07, 0x36, 0x48, 0x78,
    0x9C, 0x63, 0xF8, 0xC7, 0xFE, 0x9D, 0x8F, 0x81, 0xE1, 0xC7, 0xFF, 0xFF, 0x1C, 0x0C, 0x0C, 0x05,
    0x7F, 0xFB, 0x18, 0x50, 0x41, 0xC2, 0x9F, 0x7D, 0xAC, 0x0C, 0x02, 0x7F, 0xFE, 0xFF, 0xEF, 0x67,
    0xD8, 0x70, 0x9F, 0xA5, 0xE0, 0x3F, 0xCB, 0x17, 0x7D, 0x06, 0x86, 0x9F, 0xDC, 0xBF, 0xB8, 0x18,
    0x18, 0x3E, 0xF3, 0xFF, 0x63, 0x63, 0x60, 0xF8, 0xA0, 0xFF, 0x1F, 0x04, 0xEC, 0xFF, 0xBF, 0x7F,
    0xF7, 0xEE, 0x9D, 0x1D, 0x48, 0x84, 0x81, 0xE1, 0x37, 0x17, 0x88, 0xFC, 0x06, 0x54, 0x59, 0xC0,
    0x70, 0xE1, 0x3D, 0x8B, 0xC1, 0x1F, 0x1E, 0x85, 0xBF, 0xFF, 0xFF, 0xBF, 0x67, 0x62, 0x28, 0xF8,
    0x73, 0x5F, 0x82, 0x01, 0x00, 0x63, 0xB6, 0x2D, 0x4A, 0x78, 0x9C, 0x63, 0x60, 0xD8, 0xC0, 0xC1,
    0x00, 0x04, 0x9F, 0xF9, 0x41, 0xE4, 0x43, 0x2E, 0x06, 0x28, 0xF8, 0x0F, 0x02, 0xFD, 0x60, 0xB2,
    0xFE, 0x3F, 0x0B, 0x58, 0x04, 0x3F, 0x09, 0x02, 0x30, 0x92, 0x18, 0xF5, 0x08, 0x5D, 0xF5, 0x10,
    0xBB, 0x00, 0xBD, 0x9E, 0x2F, 0xCB, 0x78, 0x9C, 0x63, 0x60, 0xB8, 0xC8, 0xC5, 0x00, 0x04, 0x9F,
    0xF9, 0x41, 0xE4, 0x06, 0x0E, 0x06, 0x54, 0x90, 0xF0, 0x67, 0x1F, 0x2B, 0x83, 0xC0, 0x9F, 0xFF,
    0xFF, 0xFB, 0x19, 0x36, 0xDC, 0x67, 0x29, 0xF8, 0xCF, 0xF2, 0x45, 0x9F, 0x81, 0xE1, 0x27, 0xF7,
    0x2F, 0x2E, 0x90, 0x8E, 0x7F, 0x6C, 0x0C, 0x0C, 0x1F, 0xF4, 0xFF, 0x83, 0x80, 0x3D, 0x84, 0xFC,
    0xC7, 0x0A, 0xD2, 0xF4, 0x1B, 0x6C, 0xE2, 0x37, 0x7B, 0x06, 0x86, 0x00, 0xC6, 0x0B, 0xEF, 0x59,
    0x15, 0x7E, 0xF0, 0x0A, 0xFC, 0xFD, 0xFF, 0xFF, 0x3D, 0x13, 0x43, 0xC1, 0x9F, 0xFB, 0x12, 0x0C,
    0x00, 0x96, 0x3C, 0x28, 0xEE, 0x78, 0x9C, 0xFB, 0xFF, 0x1F, 0x08, 0xFA, 0x41, 0xC4, 0xFF, 0xFA,
    0xFF, 0x2C, 0x0C, 0x40, 0x40, 0x80, 0x04, 0x01, 0x18, 0x49, 0x8C, 0x7A, 0x84, 0xAE, 0x7A, 0x30,
    0xD9, 0x0F, 0xE4, 0x4E, 0x58, 0xCF, 0x08, 0x24, 0x7F, 0x72, 0x82, 0xA5, 0xD8, 0x40, 0xEC, 0xBF,
    0xFF, 0xB9, 0x80, 0xE4, 0xE1, 0xF7, 0x6C, 0x00, 0x0C, 0xA0, 0x34, 0x2C, 0x78, 0x9C, 0x63, 0x48,
    0xF8, 0xB3, 0x8F, 0x95, 0x41, 0xE0, 0xCF, 0xFF, 0xFF, 0xFD, 0x0C, 0x1B, 0xEE, 0xB3, 0x14, 0xFC,
    0x67, 0xF9, 0xA2, 0xCF, 0xC0, 0xF0, 0x93, 0xFB, 0x17, 0x17, 0x03, 0xC3, 0x67, 0xFE, 0x7F, 0x6C,
    0x0C, 0x0C, 0x1F, 0xF4, 0xFF, 0x83, 0x80, 0x3D, 0x84, 0xFC, 0xC7, 0xCA, 0x00, 0x04, 0xBF, 0xB9,
    0x40, 0xE4, 0x37, 0x7B, 0x06, 0x86, 0x00, 0xC6, 0x0B, 0xEF, 0x59, 0x15, 0x7E, 0xF0, 0x0A, 0xFC,
    0xFD, 0xFF, 0xFF, 0x3D, 0x13, 0x43, 0xC1, 0x9F, 0xFF, 0xF2, 0x40, 0x99, 0x82, 0xFD, 0x20, 0xF9,
    0x8F, 0xFA, 0x20, 0xF2, 0xB3, 0x3C, 0x23, 0x88, 0xFD, 0x9F, 0x1F, 0x48, 0x06, 0xFC, 0xE3, 0x66,
    0x00, 0x00, 0x68, 0x93, 0x2D, 0x3A, 0x78, 0x9C, 0x13, 0x48, 0x67, 0x28, 0x60, 0x67, 0x60, 0xF8,
    0xCE, 0xFE, 0x93, 0x8D, 0x81, 0x61, 0xC2, 0xFE, 0x7A, 0x06, 0x20, 0xF8, 0xCD, 0xC9, 0x00, 0x05,
    0xFF, 0x41, 0xA0, 0x1F, 0x4C, 0xD6, 0xFF, 0x67, 0x01, 0x8B, 0xE0, 0x27, 0x41, 0x00, 0x46, 0x12,
    0xA3, 0x1E, 0xA1, 0xAB, 0x1E, 0x62, 0x17, 0x00, 0x62, 0x46, 0x32, 0xE3, 0x78, 0x9C, 0x63, 0xF8,
    0xC1, 0x76, 0xC0, 0x9F, 0x81, 0x61, 0x42, 0xFE, 0x6F, 0x16, 0x06, 0x06, 0x86, 0x5F, 0x40, 0x26,
    0x03, 0x83, 0x03, 0x13, 0x03, 0x0C, 0x24, 0xFC, 0xD9, 0xC7, 0xCA, 0x20, 0xF0, 0xE7, 0xFF, 0xFF,
    0x7E, 0x86, 0x0D, 0xF7, 0x59, 0x0A, 0xFE, 0xB3, 0x7C, 0xD1, 0x67, 0x60, 0xF8, 0xC9, 0xFD, 0x8B,
    0x8B, 0x81, 0xE1, 0x33, 0xFF, 0x3F, 0x36, 0x06, 0x86, 0x0F, 0xFA, 0xFF, 0x41, 0xC0, 0xFE, 0xFF,
    0xFB, 0x77, 0xEF, 0xDE, 0xD9, 0xFD, 0x63, 0x05, 0x69, 0xFA, 0xCD, 0x05, 0x22, 0xBF, 0xD9, 0x33,
    0x30, 0x04, 0x30, 0x5D, 0x78, 0xCF, 0xAA, 0xF0, 0x93, 0x57, 0xE0, 0xEF, 0xFF, 0xFF, 0xEF, 0x99,
    0x18, 0x0A, 0xFE, 0xDC, 0x97, 0x60, 0x00, 0x00, 0xCA, 0x01, 0x2B, 0xAD, 0x78, 0x9C, 0x63, 0x60,
    0x08, 0x78, 0xCF, 0xC8, 0x00, 0x04, 0x5F, 0xDE, 0xC8, 0x02, 0x49, 0x83, 0xF3, 0x06, 0xE7, 0x81,
    0x54, 0x81, 0x38, 0x43, 0x33, 0x0B, 0x03, 0x0C, 0x08, 0x1C, 0xFF, 0xB7, 0x8F, 0x95, 0x81, 0xE1,
    0xC9, 0xFF, 0xFF, 0xFF, 0xF7, 0x33, 0x18, 0xFC, 0xF7, 0x61, 0x28, 0xFC, 0xCF, 0x7D, 0x61, 0x3F,
    0x48, 0x8F, 0xFF, 0x17, 0x79, 0x20, 0xB5, 0x61, 0xFD, 0x4F, 0x6E, 0x20, 0x15, 0x70, 0xF6, 0x2F,
    0x3B, 0x58, 0xFD, 0x3F, 0x56, 0x30, 0xF5, 0x9F, 0x05, 0x8D, 0x9A, 0x00, 0x34, 0x00, 0x28, 0x07,
    0xA2, 0xFE, 0x70, 0x00, 0x85, 0x1C, 0xFE, 0xFF, 0xE0, 0x01, 0x53, 0x9F, 0xFD, 0xC1, 0xD4, 0x86,
    0xFB, 0x8C, 0x20, 0x4A, 0xE0, 0x5F, 0x1E, 0xA3, 0xC0, 0xB3, 0xFB, 0x0C, 0x97, 0x80, 0xEA, 0xFE,
    0xCB, 0x30, 0x30, 0x6C, 0xFB, 0x77, 0xDF, 0x8B, 0x01, 0x00, 0xBE, 0x4C, 0x39, 0xF9, 0x78, 0x9C,
    0x63, 0x60, 0xF8, 0xC1, 0xC3, 0xC0, 0xC0, 0xD0, 0x30, 0xFF, 0x3C, 0x90, 0xFC, 0xCE, 0xFE, 0x99,
    0x9B, 0x81, 0x41, 0x99, 0x41, 0x40, 0x98, 0x01, 0x0A, 0x16, 0xFD, 0xAB, 0xBD, 0xE0, 0x6F, 0xF0,
    0xFF, 0xFF, 0xFF, 0x3F, 0xFE, 0x0F, 0xEE, 0x33, 0x27, 0xFC, 0xF7, 0xFF, 0x26, 0xCF, 0xC0, 0xF0,
    0xD5, 0xFF, 0x37, 0x17, 0x03, 0xC3, 0x07, 0xFF, 0x7F, 0x6C, 0x20, 0xF2, 0x3F, 0x0B, 0x82, 0x84,
    0x88, 0x40, 0x64, 0x41, 0x2A, 0xBF, 0x80, 0x74, 0x05, 0xFC, 0x87, 0x9A, 0x00, 0x34, 0xAD, 0xF7,
    0x83, 0x3D, 0xC8, 0xD8, 0x4F, 0xFA, 0x0E, 0x4C, 0x0C, 0x0C, 0x3F, 0xF8, 0x3E, 0xE5, 0x31, 0x16,
    0xFE, 0x67, 0x6F, 0x00, 0xCA, 0xAE, 0x67, 0x60, 0x58, 0xFC, 0x77, 0x1F, 0x2B, 0x03, 0x00, 0xD2,
    0xB6, 0x39, 0xA0, 0x78, 0x9C, 0x63, 0x68, 0xE4, 0x50, 0xA8, 0x60, 0x60, 0x60, 0xF8, 0x18, 0x3F,
    0xE1, 0x3E, 0x90, 0x5A, 0xF0, 0xFF, 0x7F, 0x3E, 0x90, 0x62, 0xB8, 0x71, 0x9F, 0x8D, 0x01, 0x0E,
    0x04, 0x8E, 0xFF, 0xDB, 0xC7, 0xCA, 0xC0, 0xF0, 0xE4, 0xFF, 0xFF, 0xFF, 0xFB, 0x19, 0x0C, 0xFE,
    0xFB, 0x30, 0x14, 0xFE, 0xE7, 0xBE, 0xB0, 0x1F, 0x28, 0xF1, 0xC5, 0xFF, 0x8B, 0x3C, 0x90, 0xDA,
    0xB0, 0xFE, 0x27, 0x37, 0x90, 0x0A, 0x38, 0xFB, 0x97, 0x1D, 0xAC, 0xFE, 0x1F, 0x2B, 0x98, 0xFA,
    0xCF, 0x82, 0x46, 0x7D, 0x06, 0x1A, 0x00, 0x94, 0x03, 0x51, 0x7F, 0x38, 0x80, 0x42, 0x0E, 0xFF,
    0x7F, 0xF0, 0x80, 0xA9, 0xCF, 0xFE, 0x60, 0x6A, 0xC3, 0x7D, 0x46, 0x10, 0x25, 0xF0, 0x2F, 0x8F,
    0x51, 0xE0, 0xD9, 0x7D, 0x86, 0x4B, 0x40, 0x75, 0xFF, 0x65, 0x18, 0x18, 0xB6, 0xFD, 0xBB, 0xEF,
    0xC5, 0x00, 0x00, 0x52, 0xCB, 0x3D, 0x20, 0x78, 0x9C, 0x33, 0xF8, 0xCF, 0xFC, 0xD9, 0x9E, 0x81,
    0xE1, 0xCF, 0xFF, 0xFF, 0x3C, 0x0C, 0x0C, 0x8D, 0x7F, 0xE7, 0x31, 0x32, 0xA0, 0x80, 0x45, 0xFF,
    0x6A, 0x2F, 0xF8, 0x1B, 0xFC, 0xFF, 0xFF, 0xFF, 0x8F, 0xFF, 0x83, 0xFB, 0xCC, 0x09, 0xFF, 0xFD,
    0xBF, 0xC9, 0x33, 0x30, 0x7C, 0xF5, 0xFF, 0xCD, 0xC5, 0xC0, 0xF0, 0xC1, 0xFF, 0x1F, 0x1B, 0x88,
    0xFC, 0xCF, 0x82, 0x20, 0x21, 0x22, 0x10, 0x59, 0x90, 0xCA, 0x2F, 0x20, 0x5D, 0x01, 0xFF, 0xA1,
    0x26, 0x00, 0x4D, 0xEB, 0xFD, 0x60, 0x0F, 0x32, 0xF6, 0x93, 0x7E, 0x02, 0x90, 0xFC, 0xC1, 0xF7,
    0x39, 0x96, 0xA1, 0xF1, 0x3F, 0xDB, 0x04, 0xA0, 0xEC, 0x7A, 0x06, 0x86, 0xC5, 0x7F, 0xF7, 0xB1,
    0x32, 0x00, 0x00, 0x1D, 0x38, 0x3C, 0x1F, 0x78, 0x9C, 0x63, 0x60, 0x10, 0x58, 0xCB, 0x00, 0x02,
    0x06, 0xFF, 0xC1, 0x14, 0x43, 0x37, 0x03, 0x02, 0x08, 0x1C, 0xFF, 0xB7, 0x8F, 0x95, 0x81, 0xE1,
    0xC9, 0xFF, 0xFF, 0xFF, 0xF7, 0x03, 0x15, 0xF8, 0x30, 0x14, 0xFE, 0xE7, 0xBE, 0xB0, 0x1F, 0x28,
    0xF1, 0xC5, 0xFF, 0x8B, 0x3C, 0x90, 0xDA, 0xB0, 0xFE, 0x27, 0x37, 0x90, 0x0A, 0x38, 0xFB, 0x97,
    0x1D, 0xAC, 0xFE, 0x1F, 0x2B, 0x98, 0xFA, 0xCF, 0x82, 0x46, 0x6D, 0x00, 0x1A, 0x00, 0x94, 0x5B,
    0x00, 0xA4, 0xFE, 0x70, 0x00, 0x85, 0x1C, 0xFE, 0xFF, 0xE0, 0x01, 0x53, 0x9F, 0xFD, 0xC1, 0xD4,
    0x86, 0xFB, 0x8C, 0x20, 0x4A, 0xE0, 0x5F, 0x1E, 0xA3, 0xC0, 0xB3, 0xFB, 0x0C, 0x97, 0x80, 0xEA,
    0xFE, 0xCB, 0x30, 0x30, 0x6C, 0xFB, 0x77, 0xDF, 0x8B, 0x01, 0x00, 0x6F, 0xBC, 0x36, 0x57, 0x78,
    0x9C, 0x63, 0x60, 0xB8, 0xC8, 0xC5, 0x00, 0x04, 0x9F, 0xF9, 0x41, 0xE4, 0x06, 0x0E, 0x06, 0x54,
    0xB0, 0xE8, 0x5F, 0xED, 0x05, 0x7F, 0x83, 0xFF, 0xFF, 0xFF, 0xFF, 0xF1, 0x7F, 0x70, 0x9F, 0x39,
    0xE1, 0xBF, 0xFF, 0x37, 0x79, 0x06, 0x86, 0xAF, 0xFE, 0xBF, 0x81, 0x7A, 0x3E, 0xF8, 0xFF, 0x63,
    0x03, 0x91, 0xFF, 0x59, 0x10, 0x24, 0x44, 0x04, 0x22, 0x0B, 0x52, 0xF9, 0x05, 0xA4, 0x2B, 0xE0,
    0x3F, 0xD4, 0x04, 0xA0, 0x69, 0xBD, 0x1F, 0xEC, 0x41, 0xC6, 0x7E, 0xD2, 0x77, 0x60, 0x62, 0x60,
    0xF8, 0xC1, 0xF7, 0x29, 0x8F, 0xB1, 0xF0, 0x3F, 0x7B, 0x03, 0x50, 0x76, 0x3D, 0x03, 0xC3, 0xE2,
    0xBF, 0xFB, 0x58, 0x19, 0x00, 0x78, 0x78, 0x37, 0x01, 0x78, 0x9C, 0x63, 0x10, 0x38, 0xFE, 0x6F,
    0x1F, 0x2B, 0x03, 0xC3, 0x93, 0xFF, 0xFF, 0xFF, 0xEF, 0x67, 0x30, 0xF8, 0xEF, 0xC3, 0x50, 0xF8,
    0x9F, 0xFB, 0xC2, 0x7E, 0x06, 0x06, 0x86, 0x2F, 0xFE, 0x5F, 0xE4, 0x81, 0xD4, 0x86, 0xF5, 0x3F,
    0xB9, 0x81, 0x54, 0xC0, 0xD9, 0xBF, 0xEC, 0x0C, 0x20, 0xF0, 0x8F, 0x15, 0x4C, 0xFD, 0x67, 0x41,
    0xA3, 0x3E, 0x00, 0x0D, 0x00, 0xCA, 0x81, 0xA8, 0x3F, 0x1C, 0x40, 0x21, 0x87, 0xFF, 0x3F, 0x78,
    0xC0, 0xD4, 0x67, 0x7F, 0x30, 0xB5, 0xE1, 0x3E, 0x23, 0x88, 0x12, 0xF8, 0x97, 0xC7, 0x28, 0xF0,
    0xEC, 0x3E, 0xC3, 0x25, 0xA0, 0xBA, 0xFF, 0x32, 0x0C, 0x0C, 0xDB, 0xFE, 0xDD, 0xF7, 0x62, 0x40,
    0x80, 0x0E, 0x26, 0x24, 0x63, 0x15, 0xFE, 0x83, 0x79, 0x01, 0xF7, 0xC1, 0x62, 0x0B, 0xE2, 0x21,
    0x4A, 0x40, 0xF6, 0x03, 0x00, 0x96, 0x56, 0x39, 0x51, 0x78, 0x9C, 0x63, 0x60, 0x10, 0x90, 0x66,
    0x00, 0x82, 0x09, 0xFD, 0x20, 0xF2, 0x83, 0x3E, 0x88, 0xFC, 0xCC, 0x0F, 0x22, 0xBF, 0x80, 0xC9,
    0x26, 0x0E, 0x06, 0x54, 0xB0, 0xE8, 0x5F, 0xED, 0x05, 0x7F, 0x83, 0xFF, 0xFF, 0xFF, 0xFF, 0xF1,
    0x7F, 0x70, 0x9F, 0x39, 0xE1, 0xBF, 0xFF, 0x37, 0x79, 0x06, 0x86, 0xAF, 0xFE, 0xBF, 0xB9, 0x80,
    0xBA, 0xFD, 0xFF, 0xB1, 0x81, 0xC8, 0xFF, 0x2C, 0x08, 0x12, 0x22, 0x02, 0x91, 0x05, 0xA9, 0xFC,
    0x02, 0xD2, 0x15, 0xF0, 0x1F, 0x6A, 0x02, 0xD0, 0xB4, 0xDE, 0x0F, 0xF6, 0x20, 0x63, 0x3F, 0xE9,
    0x3B, 0x30, 0x31, 0x30, 0xFC, 0xE0, 0xFB, 0x94, 0xC7, 0x58, 0xF8, 0x9F, 0xBD, 0x01, 0x28, 0xBB,
    0x9E, 0x81, 0x61, 0xF1, 0xDF, 0x7D, 0xAC, 0x0C, 0x00, 0xE3, 0xFB, 0x39, 0x64, 0x78, 0x9C, 0x63,
    0x60, 0x30, 0xD0, 0x60, 0x00, 0x81, 0x47, 0xF7, 0x19, 0x81, 0xA4, 0xC0, 0xBD, 0xC7, 0x3C, 0x40,
    0xEA, 0x80, 0x9E, 0xC1, 0x7C, 0x06, 0x18, 0xF8, 0xCF, 0x02, 0x24, 0x3E, 0xF8, 0x93, 0x4E, 0x81,
    0x01, 0x9C, 0x22, 0xD7, 0x14, 0x08, 0x05, 0x00, 0xE0, 0xAE, 0x38, 0xA9, 0x78, 0x9C, 0x63, 0x70,
    0x90, 0x60, 0x00, 0x82, 0xCF, 0xF7, 0x81, 0x84, 0xC2, 0xBD, 0x2F, 0xDC, 0x0C, 0x0C, 0x17, 0xE5,
    0x1C, 0xFA, 0x19, 0xA0, 0xE0, 0x3F, 0x0B, 0x5E, 0xD2, 0xE4, 0xF5, 0x79, 0x56, 0x86, 0xFF, 0x3F,
    0xFF, 0xFF, 0x8F, 0x67, 0xF8, 0xBF, 0x9E, 0xF1, 0xD0, 0x7B, 0x86, 0xFF, 0xFC, 0x0C, 0x06, 0xFF,
    0x99, 0xFE, 0x73, 0x00, 0xE5, 0x98, 0x41, 0x6A, 0xFE, 0xB3, 0x90, 0x4A, 0x02, 0x00, 0x38, 0x56,
    0x2C, 0x1A, 0x78, 0x9C, 0x63, 0xF8, 0xCF, 0xC2, 0xC0, 0xC0, 0xF0, 0xC1, 0x9F, 0x81, 0x01, 0x37,
    0xE3, 0xDA, 0xFF, 0xFB, 0x77, 0xEF, 0xDE, 0xFD, 0xFB, 0x3F, 0xF7, 0xC7, 0x7F, 0x08, 0xE8, 0xC7,
    0xA6, 0x18, 0x0C, 0x50, 0x18, 0x84, 0x4D, 0x26, 0x89, 0x01, 0x00, 0x11, 0x91, 0x3E, 0xA5, 0x78,
    0x9C, 0x63, 0xF8, 0xCF, 0xC2, 0x00, 0x04, 0xFF, 0xFF, 0xFF, 0x9F, 0x0F, 0xA1, 0xD6, 0x83, 0xB9,
    0x60, 0x41, 0x38, 0x65, 0xF2, 0xFA, 0x3C, 0x2B, 0x90, 0xFA, 0xF5, 0xFF, 0x7F, 0x3E, 0x90, 0x9A,
    0xCF, 0x78, 0xE8, 0x3D, 0x90, 0xE2, 0x67, 0x30, 0xF8, 0xCF, 0xC4, 0xF0, 0x9F, 0x0D, 0xC8, 0x64,
    0x06, 0xAB, 0x04, 0x62, 0x32, 0x29, 0x00, 0xEF, 0xFF, 0x2B, 0x76, 0x78, 0x9C, 0x63, 0x60, 0x60,
    0x50, 0x60, 0xDC, 0x78, 0x9E, 0xF5, 0x2B, 0xCF, 0xAF, 0xFF, 0xFF, 0xFF, 0xB3, 0xBF, 0x63, 0xBC,
    0xD6, 0xC7, 0x00, 0x01, 0x1F, 0xFC, 0x69, 0x49, 0x00, 0x00, 0x52, 0x50, 0x20, 0xA6, 0x78, 0x9C,
    0x63, 0x60, 0x60, 0x50, 0x60, 0xDC, 0x78, 0x9E, 0xF5, 0x0B, 0xCF, 0xAF, 0xFF, 0xFF, 0xFF, 0xB3,
    0xFF, 0x67, 0x7C, 0x3E, 0x9F, 0x01, 0x09, 0x7C, 0xF0, 0xA7, 0x02, 0x01, 0x00, 0xA5, 0x1C, 0x1A,
    0x9D, 0x78, 0x9C, 0xFB, 0xFF, 0x1F, 0x02, 0x18, 0x60, 0xE0, 0x83, 0x3F, 0xD5, 0x30, 0x00, 0x57,
    0x70, 0x1F, 0xA6, 0x78, 0x9C, 0xFB, 0xFF, 0x1F, 0x02, 0x18, 0x90, 0xC1, 0x17, 0x7E, 0xB2, 0x30,
    0x00, 0xDC, 0x25, 0x16, 0x23, 0x78, 0x9C, 0xFB, 0xC7, 0xFA, 0xC1, 0xFE, 0x37, 0xF7, 0x77, 0xFE,
    0xCF, 0xFF, 0xFF, 0x73, 0x38, 0xBC, 0xC9, 0x65, 0x60, 0xF8, 0xC2, 0x4F, 0x35, 0x0C, 0x00, 0xDB,
    0x32, 0x1C, 0x0A, 0x78, 0x9C, 0xFB, 0xC7, 0xFA, 0xC1, 0xFE, 0xB7, 0xF4, 0x77, 0xFE, 0xCF, 0xFF,
    0xFF, 0x73, 0x38, 0xBC, 0xC9, 0x65, 0x00, 0x83, 0x2F, 0xFC, 0x64, 0x61, 0x00, 0xFF, 0xD2, 0x17,
    0x0B, 0x78, 0x9C, 0x63, 0xF8, 0xCF, 0xC2, 0x40, 0x16, 0x3A, 0x18, 0xCF, 0xF0, 0x8B, 0x83, 0xE1,
    0x3F, 0x2B, 0xC3, 0xDF, 0xFF, 0xCC, 0x97, 0xCF, 0x33, 0x02, 0x00, 0x82, 0xB2, 0x1A, 0x02, 0x78,
    0x9C, 0x63, 0x78, 0xC6, 0xC8, 0xF0, 0x8B, 0x99, 0x61, 0x2B, 0x03, 0x14, 0xFC, 0x66, 0x21, 0x0A,
    0xFD, 0x67, 0xD9, 0x50, 0xCF, 0xF0, 0x93, 0x83, 0xE1, 0x3F, 0x2B, 0xC3, 0xDF, 0xFF, 0xCC, 0x97,
    0xCF, 0x33, 0x01, 0x00, 0xE4, 0x1C, 0x17, 0x67, 0x78, 0x9C, 0xDB, 0xC1, 0xF0, 0x9F, 0xF9, 0x16,
    0x23, 0x03, 0xC3, 0x7F, 0x16, 0x62, 0x20, 0x00, 0xF1, 0xB7, 0x15, 0xCF, 0x78, 0x9C, 0xFB, 0xCF,
    0xF2, 0x1F, 0x27, 0x04, 0x00, 0xD4, 0x5A, 0x0E, 0x2B, 0x78, 0x9C, 0xFB, 0xCF, 0xC2, 0x00, 0x02,
    0xFF, 0x59, 0xFE, 0xD3, 0x95, 0x91, 0x20, 0x06, 0x62, 0x30, 0xFF, 0x67, 0x79, 0x10, 0xCF, 0xC0,
    0xA0, 0xF0, 0x9F, 0xE9, 0x3F, 0xCB, 0x86, 0xFD, 0x0C, 0x0C, 0x0D, 0xEF, 0x81, 0x92, 0x0E, 0xFF,
    0x25, 0x05, 0xBE, 0xE7, 0x03, 0x19, 0x0C, 0x3F, 0xFE, 0xFF, 0xFF, 0xCF, 0x05, 0x62, 0x38, 0xBC,
    0x7A, 0x1F, 0xCD, 0xC0, 0x00, 0x00, 0xEA, 0xA7, 0x30, 0x58, 0x78, 0x9C, 0xBB, 0xC5, 0xC0, 0x70,
    0x8B, 0xF1, 0x3F, 0x33, 0xC3, 0x7F, 0xE6, 0x1D, 0x0C, 0x0C, 0x40, 0x04, 0x07, 0xFF, 0x59, 0x80,
    0x88, 0x62, 0x02, 0x62, 0x10, 0x90, 0x60, 0x66, 0x60, 0x48, 0xF8, 0xCF, 0xC8, 0x30, 0xE1, 0xFF,
    0x7E, 0x06, 0x86, 0x86, 0xF7, 0x52, 0x0C, 0x00, 0x5B, 0x0F, 0x28, 0xBA, 0x78, 0x9C, 0x63, 0x60,
    0x60, 0x60, 0x28, 0x60, 0x65, 0x00, 0x81, 0xDF, 0xF1, 0x20, 0x72, 0x41, 0xFC, 0x2F, 0x16, 0x20,
    0xF5, 0x83, 0xFD, 0x80, 0x1E, 0x03, 0x02, 0x7C, 0xF0, 0xA7, 0x09, 0x95, 0xC6, 0x08, 0xA4, 0xEC,
    0x19, 0xFE, 0x01, 0x1D, 0xF0, 0x49, 0x9F, 0xE1, 0x37, 0x37, 0xD0, 0x5E, 0x3E, 0x86, 0x2F, 0xF3,
    0x19, 0x0B, 0xFF, 0xB3, 0x33, 0x34, 0xFC, 0xFF, 0xFF, 0x7F, 0x3D, 0x50, 0xD9, 0x92, 0x7F, 0xFB,
    0x80, 0xD2, 0x00, 0x0A, 0xBB, 0x25, 0x4F, 0x78, 0x9C, 0x63, 0x10, 0xF8, 0xC7, 0xC2, 0xC0, 0x70,
    0xF1, 0x9C, 0x3D, 0x03, 0xC3, 0x1B, 0xA6, 0x37, 0x4C, 0x0A, 0x6A, 0x0C, 0x89, 0x40, 0x3E, 0x18,
    0xFC, 0x67, 0xA1, 0x16, 0xA1, 0xF0, 0x9F, 0x89, 0x81, 0x61, 0xC2, 0x7F, 0x06, 0x86, 0x07, 0xFF,
    0xEB, 0x81, 0xC4, 0x7D, 0x36, 0x06, 0x06, 0x00, 0x17, 0x26, 0x1B, 0x78, 0x78, 0x9C, 0x25, 0xCD,
    0xD1, 0x09, 0xC2, 0x40, 0x10, 0x04, 0xD0, 0x49, 0x8C, 0x9C, 0x11, 0x0F, 0x6D, 0x40, 0xBF, 0xAC,
    0xC0, 0x06, 0xB4, 0x83, 0xB3, 0x04, 0x4B, 0xB0, 0x83, 0x40, 0x1A, 0x39, 0x4B, 0xB0, 0x13, 0x6B,
    0x50, 0xB0, 0x02, 0x0F, 0xE1, 0xC4, 0x38, 0xDE, 0x6C, 0xF6, 0x63, 0x1E, 0xBB, 0x30, 0x2C, 0x1B,
    0xE0, 0xC0, 0x96, 0x85, 0xC7, 0x0D, 0x85, 0xD5, 0xB0, 0x16, 0x57, 0xD6, 0x22, 0x07, 0x14, 0x4E,
    0x74, 0x22, 0x45, 0x14, 0xB6, 0x5C, 0x88, 0x27, 0x27, 0x82, 0xE3, 0xC6, 0xDC, 0x89, 0x70, 0xD1,
    0x95, 0x73, 0x0C, 0x5E, 0x05, 0xBC, 0xA2, 0x71, 0xE6, 0x54, 0xE0, 0xBB, 0x31, 0xEE, 0xF6, 0x08,
    0x47, 0x3A, 0x81, 0xBC, 0x07, 0xFA, 0x19, 0x34, 0x69, 0x69, 0xBC, 0xBD, 0xF1, 0x69, 0x8D, 0x5F,
    0x65, 0xEC, 0x14, 0x7F, 0x33, 0xDA, 0x34, 0xF5, 0x78, 0x9C, 0xFB, 0xCF, 0xC2, 0x00, 0x04, 0xFF,
    0x71, 0x93, 0x0B, 0xDE, 0x33, 0x01, 0xC9, 0x9F, 0xF6, 0x40, 0x76, 0x03, 0x90, 0xF1, 0x9F, 0xE5,
    0x5B, 0x3E, 0x50, 0x3C, 0xE4, 0x3F, 0x3B, 0x90, 0xFC, 0xBE, 0x1F, 0xA4, 0xE6, 0xFF, 0x79, 0x10,
    0xF9, 0xFE, 0x3F, 0x07, 0x90, 0xE4, 0xFF, 0x61, 0x0F, 0x24, 0x59, 0x0F, 0xBC, 0x07, 0xE9, 0x15,
    0xF8, 0xC7, 0x05, 0x32, 0xE1, 0x6B, 0x3C, 0x88, 0x9C, 0xF0, 0x1F, 0x64, 0x0E, 0xC3, 0x5F, 0x1E,
    0x06, 0x85, 0x0E, 0x90, 0xD1, 0x0E, 0xFF, 0x41, 0x64, 0xC2, 0x7D, 0x10, 0xB9, 0x60, 0x3E, 0x88,
    0xFC, 0x28, 0x0F, 0x22, 0x15, 0x98, 0x81, 0x04, 0x00, 0x02, 0x11, 0x2D, 0x3F, 0x78, 0x9C, 0xFB,
    0xCF, 0xC2, 0x60, 0xF0, 0x9F, 0xE3, 0x3F, 0x0B, 0xC3, 0xC3, 0xFD, 0x0C, 0x40, 0xF2, 0x8F, 0x2C,
    0x90, 0x9C, 0xF0, 0x9F, 0x09, 0x48, 0x7E, 0xF3, 0x67, 0x60, 0xF8, 0x6F, 0xF2, 0x9F, 0x1D, 0x48,
    0xFE, 0xBF, 0xCF, 0x00, 0x22, 0xDF, 0x33, 0x02, 0x49, 0xD5, 0xFF, 0x3C, 0x40, 0x92, 0xE5, 0xF3,
    0x7A, 0x10, 0x99, 0x00, 0x94, 0x06, 0xEA, 0xFA, 0xE1, 0x0F, 0x22, 0x37, 0xFC, 0x67, 0x02, 0x92,
    0x0C, 0x7F, 0xE5, 0x00, 0xC9, 0x41, 0x22, 0x33, 0x78, 0x9C, 0x63, 0x28, 0xC8, 0x60, 0x00, 0x82,
    0x6F, 0xF6, 0x20, 0xF2, 0x1F, 0x2B, 0x90, 0x68, 0xA8, 0x07, 0x31, 0x0B, 0xD8, 0x40, 0xE4, 0x07,
    0x7F, 0xBA, 0x90, 0xFF, 0x41, 0x00, 0x42, 0x02, 0x00, 0x14, 0xBA, 0x25, 0x8B, 0x78, 0x9C, 0x63,
    0x28, 0x88, 0x60, 0xF8, 0xA6, 0xA7, 0xF0, 0x9E, 0xE9, 0x80, 0x3D, 0x03, 0x04, 0x7C, 0xF0, 0x27,
    0x13, 0x01, 0x00, 0xD5, 0x48, 0x1B, 0xAA, 0x78, 0x9C, 0xFB, 0xCF, 0xC2, 0x00, 0x04, 0xFF, 0x69,
    0x4D, 0x82, 0x00, 0x3F, 0x84, 0x64, 0x80, 0x82, 0x0E, 0x26, 0xB8, 0xBC, 0xC0, 0x7F, 0x10, 0x3B,
    0xE0, 0x3E, 0x48, 0x60, 0x42, 0x3C, 0x58, 0x96, 0x15, 0x88, 0x01, 0x93, 0x3D, 0x20, 0x09, 0x78,
    0x9C, 0xFB, 0xE0, 0xFF, 0x81, 0x08, 0xC8, 0xC0, 0xD0, 0xA0, 0xF1, 0xC1, 0xFF, 0x93, 0xFE, 0x57,
    0xDE, 0xDF, 0xAC, 0x01, 0x0C, 0x00, 0x46, 0xD0, 0x1D, 0x08, 0x78, 0x9C, 0xFB, 0xCF, 0xE2, 0xF0,
    0x9F, 0x81, 0xE1, 0x3F, 0x4B, 0x00, 0x98, 0x2C, 0x38, 0x0F, 0x22, 0x2F, 0xE4, 0x83, 0xC8, 0x03,
    0x3C, 0x20, 0x92, 0x81, 0x81, 0x2A, 0x24, 0x08, 0xF0, 0x43, 0x48, 0x00, 0x00, 0xCB, 0x21, 0x20,
    0x78, 0x9C, 0xFB, 0xCF, 0xF2, 0x9F, 0xE5, 0xBF, 0xC8, 0x7F, 0xE6, 0xFF, 0x26, 0xFF, 0x19, 0xFE,
    0xB7, 0xCC, 0x67, 0xF8, 0xEF, 0xC2, 0xCD, 0xF0, 0x9F, 0x85, 0x81, 0x2C, 0x0C, 0x00, 0x3C, 0x85,
    0x17, 0xE8, 0x78, 0x9C, 0xFB, 0xCF, 0xC2, 0x00, 0x04, 0xFF, 0x89, 0x22, 0x1B, 0xB8, 0x41, 0xE4,
    0x07, 0x7B, 0x10, 0xB9, 0x40, 0x96, 0x58, 0x5D, 0x60, 0x12, 0x04, 0xF8, 0x21, 0x24, 0x00, 0x51,
    0xFE, 0x1D, 0xBF, 0x78, 0x9C, 0xFB, 0xCF, 0xC2, 0xF0, 0x1F, 0x2B, 0x12, 0x59, 0xFB, 0xDF, 0xE4,
    0xFF, 0x7F, 0x96, 0x6E, 0xEC, 0xB2, 0x2C, 0x0C, 0x00, 0x86, 0x93, 0x15, 0xB1, 0x78, 0x9C, 0x63,
    0xF8, 0xCF, 0xC2, 0x00, 0x02, 0x24, 0x50, 0xA1, 0xD5, 0x60, 0xEA, 0x7F, 0x1C, 0x90, 0x7C, 0xFA,
    0xDF, 0x0F, 0xC4, 0x59, 0x4E, 0xBA, 0x29, 0x20, 0xC0, 0x0F, 0xA5, 0x00, 0x87, 0xEC, 0x1F, 0x43,
    0x78, 0x9C, 0x63, 0xF8, 0xCF, 0xC2, 0x80, 0x05, 0xB9, 0x30, 0xFC, 0xFF, 0x7F, 0xEC, 0xBF, 0xED,
    0xFE, 0xFF, 0x2C, 0x4C, 0xD8, 0x15, 0xB0, 0x00, 0x00, 0x86, 0x2A, 0x16, 0x35, 0x78, 0x9C, 0x63,
    0x60, 0x60, 0x60, 0x68, 0x67, 0x03, 0x12, 0x0C, 0x05, 0xFF, 0x99, 0x40, 0xD4, 0x27, 0x7F, 0x10,
    0xC9, 0xF0, 0x1B, 0x2C, 0x26, 0x90, 0x01, 0x24, 0xFE, 0x73, 0x02, 0x09, 0x87, 0xFF, 0xFF, 0xED,
    0x21, 0xD4, 0x7D, 0x08, 0xF5, 0x9F, 0x03, 0x4C, 0xFD, 0xD5, 0x07, 0x53, 0x4F, 0xCF, 0x83, 0xA9,
    0x90, 0xFF, 0xEC, 0x20, 0x8A, 0xE5, 0xB7, 0x3E, 0x98, 0xFA, 0xB8, 0x1F, 0x4C, 0x25, 0xFC, 0x67,
    0x03, 0x51, 0x0C, 0x7F, 0xE4, 0xC0, 0xD4, 0xA7, 0xF5, 0x60, 0xAA, 0xE0, 0xBF, 0x2B, 0x88, 0x62,
    0xF8, 0x1B, 0x07, 0xA6, 0x3E, 0xDF, 0x07, 0x53, 0x0D, 0xFF, 0xC1, 0x14, 0xC3, 0x5F, 0x08, 0xF5,
    0x05, 0x42, 0x4D, 0xF8, 0x0F, 0x00, 0x22, 0xDB, 0x44, 0x06, 0x78, 0x9C, 0x63, 0x60, 0x10, 0xF8,
    0xC7, 0xC1, 0xC0, 0xC0, 0xB0, 0x60, 0x3E, 0x90, 0x60, 0xF8, 0xCA, 0x05, 0x22, 0x43, 0x19, 0x60,
    0xE0, 0xBF, 0xCB, 0xEF, 0xF3, 0xAC, 0x0C, 0xFF, 0xFF, 0xFC, 0xFF, 0x1F, 0xCF, 0xF0, 0xBF, 0x9F,
    0xF1, 0xD0, 0x7B, 0x86, 0xFF, 0xBC, 0x0C, 0x06, 0xFF, 0x99, 0xFE, 0xB3, 0x02, 0xE5, 0x98, 0xFF,
    0xB3, 0x00, 0x49, 0x16, 0x52, 0x49, 0x00, 0xAD, 0xB2, 0x24, 0xCD, 0x78, 0x9C, 0x2D, 0xCC, 0xC1,
    0x0D, 0x40, 0x40, 0x14, 0x04, 0xD0, 0x9F, 0x20, 0xE2, 0x40, 0x74, 0x40, 0x07, 0x4A, 0xA0, 0x14,
    0x07, 0x7D, 0xD8, 0x38, 0x49, 0x14, 0xB1, 0xDB, 0x09, 0x25, 0xE8, 0x60, 0x4F, 0x0A, 0x20, 0x22,
    0x0E, 0xF8, 0xEC, 0x7C, 0x73, 0x98, 0x77, 0x99, 0x0C, 0x47, 0x44, 0xA4, 0x46, 0x2E, 0x05, 0x2B,
    0x70, 0x08, 0xEE, 0x02, 0x2C, 0x23, 0x68, 0x38, 0x70, 0xF8, 0x57, 0x02, 0x36, 0x0D, 0x14, 0x7B,
    0x0E, 0xBA, 0x63, 0xB0, 0xB7, 0xC0, 0x70, 0xE7, 0x48, 0x9F, 0xC1, 0x41, 0x87, 0x05, 0x13, 0x83,
    0x5C, 0xA0, 0x53, 0x98, 0xBF, 0xFB, 0x3F, 0x79, 0x0F, 0x2A, 0x06, 0xB5, 0x05, 0x46, 0x83, 0x35,
    0x93, 0x89, 0xF7, 0xD5, 0x0B, 0xBC, 0x7C, 0x44, 0x17, 0x78, 0x9C, 0xFB, 0xEF, 0xF2, 0xFB, 0x3C,
    0x2B, 0xC3, 0xFF, 0x3F, 0xFF, 0xFF, 0xC7, 0x33, 0xFC, 0xEF, 0x67, 0x3C, 0xF4, 0x9E, 0xE1, 0x3F,
    0x2F, 0x83, 0xC1, 0x7F, 0xA6, 0xFF, 0xAC, 0x0C, 0x0C, 0xFF, 0x99, 0xFF, 0xB3, 0x00, 0x49, 0x16,
    0x52, 0x49, 0x06, 0x28, 0xE8, 0x60, 0x02, 0x91, 0x60, 0xBE, 0xC2, 0x7F, 0x10, 0x3B, 0xE0, 0x3E,
    0x48, 0x60, 0x41, 0x3C, 0x58, 0x16, 0x68, 0x01, 0x03, 0x00, 0x04, 0x76, 0x26, 0x05, 0x78, 0x9C,
    0x63, 0x48, 0x90, 0x60, 0x68, 0x62, 0x63, 0x60, 0x50, 0xB8, 0xA7, 0xF8, 0x8E, 0x89, 0x81, 0x81,
    0xE1, 0xF3, 0x1D, 0x3B, 0x20, 0xC9, 0xE0, 0xF0, 0x9F, 0x99, 0x01, 0x06, 0xFE, 0x73, 0x82, 0x05,
    0xFE, 0xDB, 0x43, 0xA8, 0xFB, 0x10, 0xEA, 0x3F, 0x07, 0x98, 0xFA, 0xAB, 0x0F, 0xA6, 0x9E, 0x9E,
    0x07, 0x53, 0x21, 0xFF, 0xD9, 0x41, 0x14, 0xCB, 0x6F, 0x7D, 0x30, 0xF5, 0x71, 0x3F, 0x98, 0x4A,
    0xF8, 0xCF, 0x06, 0xA2, 0x18, 0xFE, 0xC8, 0x81, 0xA9, 0x4F, 0xEB, 0xC1, 0x54, 0xC1, 0x7F, 0x57,
    0x10, 0xC5, 0xF0, 0x37, 0x0E, 0x4C, 0x7D, 0xBE, 0x0F, 0xA6, 0x1A, 0xFE, 0x83, 0x29, 0x86, 0xBF,
    0x10, 0xEA, 0x0B, 0x84, 0x9A, 0xF0, 0x1F, 0x00, 0x2E, 0x7C, 0x45, 0xAC, 0x78, 0x9C, 0x13, 0xB8,
    0xC7, 0xF8, 0x8D, 0x83, 0x81, 0xE1, 0x51, 0xCE, 0x7C, 0x06, 0x06, 0x06, 0x83, 0xFF, 0x5C, 0x40,
    0x92, 0xC1, 0x89, 0x01, 0x06, 0xFE, 0xBB, 0xFC, 0x3E, 0xCF, 0xCA, 0xF0, 0xFF, 0xCF, 0xFF, 0xFF,
    0xF1, 0x0C, 0xFF, 0xFB, 0x19, 0x0F, 0xBD, 0x67, 0xF8, 0xCF, 0x0B, 0x54, 0xC5, 0xF4, 0x9F, 0x15,
    0x28, 0xC7, 0xFC, 0x9F, 0x05, 0x48, 0xB2, 0x90, 0x4A, 0x02, 0x00, 0x65, 0xA3, 0x26, 0x79, 0x78,
    0x9C, 0xFB, 0xE0, 0xCF, 0x00, 0x02, 0x1F, 0xED, 0xC1, 0xD4, 0x17, 0x3E, 0x30, 0xF5, 0x9B, 0x0D,
    0x4C, 0x05, 0x32, 0x40, 0xC0, 0x17, 0xFE, 0x6B, 0xFF, 0xAD, 0x81, 0xD4, 0xFE, 0xFF, 0xFF, 0xFF,
    0x33, 0x31, 0x7C, 0xF9, 0xCF, 0xE6, 0xF0, 0x8F, 0x93, 0xE1, 0x4B, 0x3C, 0x03, 0xC3, 0x77, 0x5E,
    0xA0, 0x1C, 0x48, 0x9E, 0x42, 0x0A, 0x00, 0x89, 0x0D, 0x26, 0x5C, 0x78, 0x9C, 0x25, 0xCD, 0xC1,
    0x0D, 0x40, 0x30, 0x18, 0x86, 0xE1, 0x2F, 0x42, 0x9A, 0x88, 0x34, 0x36, 0x30, 0x42, 0x57, 0xB0,
    0x41, 0x97, 0x70, 0x95, 0xD8, 0xC4, 0x08, 0x6C, 0x62, 0x05, 0x1B, 0x38, 0xB9, 0xA3, 0x12, 0x21,
    0xE5, 0x97, 0x7E, 0xBD, 0xBC, 0xCF, 0xF1, 0x95, 0x02, 0xC0, 0x66, 0xC5, 0x44, 0xA6, 0x88, 0x64,
    0xE4, 0xD5, 0x64, 0xED, 0x49, 0x23, 0x49, 0x20, 0xF5, 0x39, 0x71, 0x96, 0x8C, 0x0B, 0x29, 0x45,
    0x05, 0x70, 0x55, 0x64, 0x1E, 0x48, 0x2D, 0x2E, 0x80, 0xC7, 0x93, 0x5D, 0x48, 0x17, 0xC1, 0x1B,
    0x39, 0x2D, 0xC0, 0x2D, 0x39, 0x0C, 0xB9, 0x75, 0xE8, 0x27, 0x8A, 0xB4, 0xF8, 0x01, 0x69, 0x54,
    0x42, 0xBD, 0x78, 0x9C, 0xFB, 0x1F, 0xF8, 0xE7, 0x3C, 0x0B, 0xC3, 0xFF, 0x9F, 0xFF, 0xFF, 0xFB,
    0x33, 0xFC, 0x8F, 0x67, 0xB8, 0x7C, 0x9F, 0xE1, 0x3F, 0x07, 0x83, 0xC3, 0x7F, 0xC6, 0xFF, 0x2C,
    0x0C, 0x0C, 0xFF, 0x99, 0xC1, 0x24, 0x0B, 0xA9, 0x24, 0x03, 0x03, 0x94, 0x14, 0xF8, 0xCF, 0x0C,
    0x24, 0x1B, 0xFE, 0x03, 0x89, 0x03, 0xFF, 0xEB, 0x81, 0xE4, 0x85, 0xFB, 0xEC, 0x0C, 0x00, 0x5F,
    0x11, 0x28, 0x7F, 0x78, 0x9C, 0x63, 0xF8, 0xF0, 0xFF, 0xFF, 0x7F, 0x7E, 0x06, 0x06, 0x06, 0x18,
    0x8D, 0x01, 0x8E, 0xFF, 0x9B, 0xCB, 0x04, 0xA4, 0x1E, 0x03, 0xE5, 0xF3, 0x19, 0x18, 0x14, 0xFE,
    0xF9, 0x30, 0x4C, 0xFA, 0xCF, 0xCA, 0xB0, 0xE1, 0x3C, 0x50, 0xEC, 0x87, 0x1C, 0xC3, 0x67, 0x7D,
    0x20, 0x7D, 0xA1, 0x9E, 0xE1, 0x07, 0x0F, 0x90, 0x2E, 0xB8, 0xCF, 0xF0, 0x87, 0x1D, 0x48, 0x1B,
    0xFC, 0x67, 0xF8, 0xC7, 0x0A, 0xA4, 0x05, 0xFE, 0x33, 0xFD, 0x67, 0x01, 0x99, 0xF1, 0x9F, 0x19,
    0x4A, 0xB3, 0xC0, 0xF8, 0x30, 0xF9, 0x3F, 0x1C, 0x10, 0xF5, 0x30, 0xFD, 0x30, 0xF3, 0xC0, 0xE6,
    0x7F, 0x97, 0x87, 0xDB, 0xC7, 0xF0, 0x08, 0x62, 0x3F, 0xCC, 0x3D, 0x00, 0x31, 0x53, 0x38, 0xAD,
    0x78, 0x9C, 0x63, 0xF8, 0x0F, 0x04, 0x0C, 0x0C, 0x10, 0x12, 0x13, 0x24, 0xFC, 0x39, 0xCF, 0xC6,
    0x20, 0xF0, 0xE7, 0xFF, 0xFF, 0xF3, 0x8C, 0x1B, 0xDE, 0xB3, 0x04, 0xFC, 0xE3, 0xFE, 0x62, 0xCF,
    0xC0, 0xF0, 0xD9, 0xFF, 0x17, 0x37, 0x03, 0xC3, 0x86, 0xF5, 0xFF, 0xD8, 0x18, 0x18, 0x0A, 0xDE,
    0xFF, 0x67, 0x61, 0x60, 0x08, 0xF8, 0x0F, 0x21, 0x41, 0x22, 0x09, 0xEF, 0x21, 0xB2, 0x5F, 0xC1,
    0x2A, 0x0F, 0xBC, 0x67, 0x71, 0xF8, 0xC7, 0x03, 0x32, 0xE1, 0x3E, 0x23, 0x43, 0xC1, 0x9F, 0xF3,
    0xEC, 0x0C, 0x00, 0x8F, 0xD0, 0x2D, 0x36, 0x78, 0x9C, 0x63, 0xF8, 0xEC, 0xCF, 0xF0, 0x83, 0x8F,
    0x81, 0x81, 0xE1, 0xC0, 0xFF, 0xFF, 0xFF, 0xD9, 0x81, 0x34, 0xC3, 0xF5, 0xFF, 0x39, 0x0C, 0xC8,
    0xE0, 0xF8, 0xBF, 0xB9, 0x4C, 0x40, 0xEA, 0x31, 0x50, 0x3E, 0x9F, 0x81, 0x41, 0xE1, 0x9F, 0x0F,
    0xC3, 0xA4, 0xFF, 0xAC, 0x0C, 0x1B, 0xCE, 0x03, 0xC5, 0x7E, 0xC8, 0x31, 0x7C, 0xD6, 0x07, 0xD2,
    0x17, 0xEA, 0x19, 0x7E, 0xF0, 0x00, 0xE9, 0x82, 0xFB, 0x0C, 0x7F, 0x40, 0x66, 0x18, 0xFC, 0x67,
    0xF8, 0xC7, 0x0A, 0xA4, 0x05, 0xFE, 0x33, 0xFD, 0x67, 0x01, 0x99, 0xF1, 0x9F, 0x19, 0x4A, 0xB3,
    0xC0, 0xF8, 0x30, 0xF9, 0x3F, 0x1C, 0x10, 0xF5, 0x30, 0xFD, 0x30, 0xF3, 0xC0, 0xE6, 0x7F, 0x97,
    0x87, 0xDB, 0xC7, 0xF0, 0x08, 0x62, 0x3F, 0xCC, 0x3D, 0x00, 0x4B, 0x3B, 0x39, 0x03, 0x78, 0x9C,
    0x63, 0xF8, 0xC7, 0xD1, 0xF0, 0x9E, 0x81, 0xE1, 0xC7, 0xFF, 0xFF, 0xF5, 0x0C, 0x0C, 0x01, 0x7F,
    0xCE, 0xB3, 0x31, 0xA0, 0x80, 0x04, 0x90, 0x88, 0xC0, 0x9F, 0xFF, 0xFF, 0xCF, 0x33, 0x6E, 0x78,
    0xCF, 0x6A, 0xF0, 0x97, 0xFB, 0x8B, 0x3D, 0x03, 0xC3, 0x43, 0xFF, 0x5F, 0xDC, 0x40, 0xA9, 0xF5,
    0xFF, 0x80, 0x8A, 0x15, 0xDE, 0xFF, 0x67, 0x01, 0xAA, 0xFB, 0x0F, 0x21, 0x21, 0x22, 0x20, 0xD9,
    0x82, 0xF5, 0x5F, 0x81, 0x2A, 0x1F, 0xF8, 0x1F, 0x00, 0xEA, 0xFA, 0xC3, 0x03, 0x32, 0xE1, 0x3E,
    0x23, 0x43, 0xC1, 0x9F, 0xF3, 0xEC, 0x0C, 0x00, 0x2A, 0x18, 0x2B, 0x33, 0x78, 0x9C, 0x63, 0x60,
    0x10, 0xF8, 0x2F, 0xF2, 0x8F, 0x9D, 0x81, 0x81, 0x61, 0xC2, 0xFC, 0x05, 0xEB, 0x81, 0x14, 0xC3,
    0x27, 0xBE, 0x6F, 0x3C, 0x20, 0xFA, 0x97, 0xCA, 0x7B, 0x46, 0x06, 0x24, 0x70, 0xFC, 0xDF, 0x5C,
    0x26, 0x20, 0xF5, 0xF8, 0xFF, 0xFF, 0xFF, 0xF9, 0x0C, 0x0C, 0x0A, 0xFF, 0x7C, 0x18, 0x26, 0xFD,
    0x67, 0x65, 0xD8, 0x70, 0x1E, 0x28, 0xF6, 0x43, 0x8E, 0xE1, 0xB3, 0x3E, 0x90, 0xBE, 0x50, 0xCF,
    0xF0, 0x03, 0xA4, 0xB7, 0xE0, 0x3E, 0xC3, 0x1F, 0x90, 0x91, 0x06, 0xFF, 0x19, 0xFE, 0xB1, 0x02,
    0x69, 0x81, 0xFF, 0x4C, 0xFF, 0x59, 0x40, 0x66, 0xFC, 0x67, 0x86, 0xD2, 0x2C, 0x30, 0x3E, 0x4C,
    0xFE, 0x0F, 0x07, 0x44, 0x3D, 0x4C, 0x3F, 0xCC, 0x3C, 0xB0, 0xF9, 0xDF, 0xE5, 0xE1, 0xF6, 0x31,
    0x3C, 0x82, 0xD8, 0x0F, 0x73, 0x0F, 0x00, 0xB0, 0xC7, 0x39, 0x6B, 0x78, 0x9C, 0x63, 0x60, 0xF8,
    0x2A, 0xF7, 0xC5, 0x9E, 0x81, 0xE1, 0xAF, 0xE8, 0x3F, 0x56, 0x86, 0x80, 0xF5, 0x0B, 0xFA, 0x19,
    0x18, 0x2E, 0xC8, 0x7D, 0xE3, 0x66, 0x80, 0x82, 0x84, 0x3F, 0xE7, 0xD9, 0x18, 0x04, 0xFE, 0xFC,
    0xFF, 0x7F, 0x9E, 0x71, 0xC3, 0x7B, 0x96, 0x80, 0x7F, 0xDC, 0x20, 0xB5, 0x9F, 0xFD, 0x7F, 0x01,
    0x15, 0x6C, 0x58, 0xFF, 0x8F, 0x8D, 0x81, 0xA1, 0xE0, 0xFD, 0x7F, 0x16, 0x06, 0x86, 0x80, 0xFF,
    0x10, 0x12, 0x24, 0x92, 0xF0, 0x1E, 0x22, 0xFB, 0x15, 0xAC, 0xF2, 0xC0, 0x7B, 0x16, 0x87, 0x7F,
    0x3C, 0x20, 0x13, 0xEE, 0x33, 0x32, 0x14, 0xFC, 0x39, 0xCF, 0xCE, 0x00, 0x00, 0x93, 0xB3, 0x2D,
    0xB6, 0x78, 0x9C, 0x63, 0x10, 0xB8, 0xF1, 0x1F, 0x02, 0x38, 0x18, 0xBE, 0x41, 0x59, 0xFF, 0xD9,
    0x03, 0xFE, 0x6B, 0x32, 0x38, 0xFC, 0x67, 0x00, 0x81, 0x8F, 0xF5, 0x0C, 0x30, 0xE6, 0x77, 0x5E,
    0x38, 0xF3, 0x0F, 0x07, 0x9C, 0xF9, 0x8F, 0x15, 0xCE, 0xFC, 0xCF, 0x82, 0xC6, 0x04, 0x82, 0x7A,
    0x04, 0xB3, 0x1F, 0x53, 0x01, 0xBA, 0x09, 0x48, 0xE6, 0x22, 0xD9, 0x86, 0xE4, 0x06, 0x24, 0x97,
    0x21, 0xB9, 0x97, 0x01, 0xE1, 0x0B, 0x00, 0xBB, 0xA5, 0x4C, 0x6B, 0x78, 0x9C, 0x63, 0x28, 0xF8,
    0x73, 0x9E, 0x9D, 0xA1, 0xF1, 0xEF, 0x3E, 0x16, 0x06, 0x81, 0xBF, 0xFF, 0xFF, 0xDF, 0x37, 0xFC,
    0xF7, 0xFF, 0x7F, 0x3F, 0xC3, 0x81, 0xF7, 0x2C, 0x0E, 0xFF, 0xDE, 0xEE, 0x67, 0x2A, 0xFC, 0xCF,
    0xF2, 0x55, 0x9F, 0x81, 0xE1, 0xF3, 0x7F, 0x3E, 0x06, 0x86, 0x9F, 0x5C, 0xBF, 0xB8, 0x19, 0x18,
    0x36, 0xFC, 0x67, 0x63, 0x60, 0xF8, 0xC2, 0xF7, 0x0F, 0x48, 0x4E, 0xF8, 0x0F, 0x02, 0xFC, 0xFF,
    0x59, 0x18, 0x18, 0x1A, 0x90, 0x99, 0x0C, 0x20, 0x00, 0x51, 0xC0, 0x04, 0x62, 0xFE, 0xE2, 0x82,
    0x6A, 0x63, 0x60, 0x00, 0x19, 0xF6, 0xE9, 0x3F, 0x2F, 0x03, 0x83, 0x02, 0xC4, 0x8A, 0x7F, 0xE7,
    0x99, 0x14, 0x7E, 0x32, 0xC3, 0x2D, 0xFE, 0xCF, 0xCA, 0x00, 0x75, 0xCE, 0x7D, 0x09, 0x06, 0x00,
    0x7B, 0xE1, 0x45, 0x0A, 0x78, 0x9C, 0x63, 0x60, 0x60, 0x68, 0x65, 0x67, 0x00, 0x02, 0x85, 0xFF,
    0xAC, 0x20, 0x6A, 0x43, 0x3F, 0x88, 0x64, 0xF8, 0xCA, 0x0D, 0xA6, 0xCA, 0x40, 0xC4, 0xFF, 0xFF,
    0xFF, 0xEF, 0x49, 0x80, 0xA9, 0xFF, 0xFF, 0x59, 0x18, 0x80, 0xC8, 0xE0, 0x8F, 0x3E, 0x88, 0x62,
    0xB8, 0xD0, 0x0F, 0xA6, 0x0A, 0xEE, 0x83, 0xA9, 0x80, 0xFF, 0xC8, 0x54, 0x03, 0x44, 0xF0, 0x21,
    0x58, 0x89, 0xE3, 0x5F, 0x3E, 0xB0, 0xF6, 0xFB, 0x4C, 0x60, 0x8A, 0x9F, 0x01, 0x24, 0xF8, 0xD9,
    0x1F, 0x4C, 0x2D, 0x38, 0x0F, 0xA6, 0x40, 0xD6, 0x83, 0x34, 0xFC, 0xE4, 0x05, 0x53, 0x1F, 0xF3,
    0x21, 0x46, 0xBF, 0x07, 0x53, 0x0C, 0xFF, 0x38, 0x00, 0x73, 0x44, 0x38, 0xCF, 0x78, 0x9C, 0x63,
    0x60, 0xF8, 0xCB, 0xCD, 0x30, 0xE1, 0x3C, 0x03, 0xC3, 0x17, 0x1E, 0x06, 0x86, 0x14, 0x06, 0x30,
    0xF8, 0x9F, 0xF2, 0x97, 0xFD, 0xFF, 0xEF, 0xFF, 0xEC, 0xFF, 0xFB, 0x19, 0x19, 0xFE, 0xF3, 0x02,
    0xF9, 0xEC, 0x40, 0xCC, 0x42, 0x18, 0x03, 0x00, 0x7D, 0x02, 0x15, 0xEF, 0x78, 0x9C, 0xFB, 0xFF,
    0xFF, 0xFF, 0x3D, 0x09, 0x06, 0x86, 0xFF, 0x20, 0xC0, 0xC2, 0x00, 0x44, 0x06, 0x7F, 0xF4, 0x41,
    0x14, 0xC3, 0x85, 0x7E, 0x30, 0x55, 0x70, 0x1F, 0x4C, 0x05, 0xFC, 0x47, 0xA6, 0x1A, 0x20, 0x82,
    0x0F, 0xEB, 0x41, 0x94, 0xE3, 0x5F, 0x5E, 0xB0, 0xF6, 0xFB, 0x4C, 0x60, 0x8A, 0x9F, 0x01, 0x24,
    0xF8, 0xD5, 0x1E, 0x4C, 0x1D, 0x38, 0x0F, 0xA6, 0x0C, 0x20, 0x46, 0x33, 0xFC, 0xE2, 0x05, 0x53,
    0x1F, 0xF3, 0x21, 0xA6, 0xBC, 0x07, 0x53, 0x0C, 0xFF, 0x38, 0x18, 0x60, 0xA0, 0x83, 0x09, 0x4C,
    0x81, 0x85, 0x19, 0x04, 0xFE, 0x83, 0x79, 0x01, 0xF7, 0xC1, 0x62, 0x0B, 0xE2, 0x21, 0x4A, 0x58,
    0x41, 0x04, 0x00, 0x5C, 0xB6, 0x39, 0x5C, 0x78, 0x9C, 0xFB, 0xE0, 0x7F, 0xAD, 0xFE, 0xC3, 0xFE,
    0xFF, 0xF5, 0x1F, 0xFE, 0x4B, 0x30, 0x7C, 0xB8, 0xCF, 0xC0, 0xF0, 0xA1, 0x1E, 0x88, 0xFD, 0x09,
    0x63, 0x10, 0x68, 0xD0, 0x80, 0xB0, 0x3F, 0xEA, 0x33, 0x30, 0x7C, 0xE1, 0x63, 0x60, 0xF8, 0xC1,
    0xC6, 0xC0, 0x10, 0x00, 0x14, 0x07, 0x00, 0xB1, 0x8B, 0x1B, 0x95, 0x78, 0x9C, 0x13, 0x88, 0x60,
    0x28, 0x60, 0x67, 0x60, 0x60, 0xF8, 0xC9, 0xFA, 0x9B, 0x15, 0x48, 0x2D, 0xD8, 0x9F, 0xCF, 0x00,
    0x02, 0x7F, 0xD8, 0x19, 0xE0, 0xE0, 0xFF, 0xFF, 0xFF, 0xF7, 0x24, 0xC0, 0xD4, 0xFF, 0xFF, 0x2C,
    0x0C, 0x40, 0x64, 0xF0, 0x47, 0x1F, 0x44, 0x31, 0x5C, 0xE8, 0x07, 0x53, 0x05, 0xF7, 0xC1, 0x54,
    0xC0, 0x7F, 0x64, 0xAA, 0x01, 0x22, 0xF8, 0x10, 0xAC, 0xC4, 0xF1, 0xAF, 0x1C, 0x58, 0xFB, 0x7B,
    0x26, 0x30, 0xC5, 0xCF, 0x00, 0x12, 0xFC, 0xEC, 0x0F, 0xA6, 0x16, 0x9C, 0x07, 0x53, 0x0A, 0xFF,
    0x59, 0xC1, 0x1A, 0x7E, 0xF2, 0x82, 0xA9, 0x8F, 0xF9, 0x10, 0xA3, 0xDF, 0x83, 0x29, 0x86, 0x7F,
    0x1C, 0x00, 0x51, 0x98, 0x3A, 0x38, 0x78, 0x9C, 0x7B, 0x24, 0xEB, 0x70, 0x9E, 0x41, 0xE1, 0xDC,
    0x57, 0x1E, 0x06, 0x86, 0xCF, 0xE7, 0x19, 0x18, 0x18, 0x14, 0x58, 0x18, 0x20, 0xE0, 0x83, 0xFF,
    0xB5, 0x7A, 0x86, 0x0F, 0xFB, 0xFF, 0x03, 0x89, 0xFF, 0x12, 0x40, 0xEE, 0x7D, 0x90, 0x58, 0x3D,
    0x58, 0x82, 0x04, 0x02, 0x00, 0xBC, 0xF6, 0x1C, 0x21, 0x78, 0x9C, 0x63, 0x60, 0x60, 0x50, 0xE8,
    0x60, 0x66, 0x00, 0x82, 0x03, 0xEB, 0x41, 0x24, 0xC3, 0x0F, 0x6E, 0x10, 0x69, 0x70, 0x9E, 0x01,
    0x01, 0x1C, 0x5E, 0xBD, 0xAF, 0x01, 0x52, 0x3F, 0xFF, 0xFF, 0xFF, 0x6F, 0xCB, 0xD0, 0xF0, 0x5F,
    0x9C, 0xE1, 0xC8, 0x7B, 0xC6, 0x0F, 0xF9, 0x40, 0x91, 0xBF, 0x1C, 0x9F, 0xF9, 0x81, 0xD4, 0x37,
    0xDE, 0xCF, 0xF2, 0x40, 0x6A, 0x12, 0xC7, 0x87, 0xF9, 0x60, 0xF5, 0x0D, 0xFF, 0xBD, 0xC1, 0xF4,
    0xCF, 0xFF, 0xF3, 0x40, 0x26, 0x3B, 0xFC, 0xF9, 0x7F, 0x9E, 0x05, 0x48, 0x2B, 0xDC, 0xF8, 0x5F,
    0x0F, 0x16, 0x3F, 0xF2, 0x9F, 0x15, 0x4C, 0xFF, 0xE6, 0x99, 0xC9, 0x04, 0xA4, 0xBE, 0xF2, 0xFF,
    0x65, 0x03, 0x53, 0x3F, 0xE4, 0x80, 0xD4, 0x2F, 0x9E, 0x8B, 0xEF, 0xC5, 0x18, 0x16, 0xFD, 0x67,
    0x11, 0xF8, 0x03, 0xB4, 0x0F, 0xA8, 0x21, 0xE0, 0xF5, 0xFF, 0xB9, 0x4C, 0x0C, 0x00, 0xC7, 0x3A,
    0x33, 0x27, 0x78, 0x9C, 0x63, 0x60, 0x60, 0xF8, 0x29, 0xCB, 0xC0, 0xC0, 0x60, 0x70, 0x9F, 0x11,
    0x48, 0x5E, 0xD0, 0x03, 0x12, 0x0C, 0x89, 0x4C, 0x0C, 0x30, 0xB0, 0xE8, 0x5F, 0x2F, 0x23, 0x83,
    0xC3, 0xFF, 0xFF, 0xFF, 0x65, 0x19, 0x1E, 0xAC, 0x67, 0x7C, 0xBC, 0x9E, 0xE1, 0xB3, 0x3C, 0x43,
    0xC0, 0x7F, 0xC6, 0xCF, 0xFA, 0x0C, 0x0C, 0xFF, 0x99, 0x2F, 0xBC, 0x17, 0x03, 0x2A, 0x51, 0xF8,
    0xF3, 0xBF, 0x06, 0xA8, 0xD7, 0xE1, 0xE5, 0x7F, 0x3B, 0x90, 0x8E, 0xC3, 0xEF, 0x19, 0x8C, 0x81,
    0x82, 0xFF, 0x99, 0xFF, 0xB1, 0x31, 0x08, 0xFC, 0x67, 0xFE, 0x11, 0xC7, 0xB0, 0xE9, 0x3D, 0xC3,
    0x06, 0xA0, 0x09, 0xFE, 0x0C, 0x0C, 0xC7, 0xFE, 0xCD, 0x63, 0x64, 0x00, 0x00, 0x34, 0x87, 0x25,
    0xFE, 0x78, 0x9C, 0x63, 0x60, 0x10, 0x08, 0x67, 0x00, 0x81, 0x03, 0xFF, 0x59, 0x41, 0xD4, 0xEF,
    0x2D, 0xF6, 0x40, 0x72, 0x41, 0x3C, 0xC3, 0x1B, 0x26, 0x06, 0x18, 0x70, 0x78, 0xF5, 0xBE, 0x06,
    0x48, 0xFD, 0xFC, 0xFF, 0xFF, 0xBF, 0x2D, 0x43, 0xC3, 0x7F, 0x71, 0x86, 0x23, 0xEF, 0x19, 0x3F,
    0xE4, 0x03, 0x45, 0xFE, 0x72, 0x7C, 0xE6, 0x07, 0x52, 0xDF, 0x78, 0x3F, 0xCB, 0x03, 0xA9, 0x49,
    0x1C, 0x1F, 0xE6, 0x83, 0xD5, 0x37, 0xFC, 0xF7, 0x06, 0xD3, 0x3F, 0xFF, 0xCF, 0x63, 0x06, 0x69,
    0xFF, 0xF3, 0xFF, 0x3C, 0x0B, 0x90, 0x56, 0xB8, 0xF1, 0xBF, 0x1E, 0x2C, 0x7E, 0x04, 0x62, 0x15,
    0xC3, 0x6F, 0x9E, 0x99, 0x20, 0x4B, 0xBE, 0xF2, 0xFF, 0x65, 0x03, 0x53, 0x3F, 0xE4, 0x80, 0xD4,
    0x2F, 0x9E, 0x8B, 0xEF, 0xC5, 0x18, 0x16, 0xFD, 0x67, 0x11, 0xF8, 0x03, 0xB4, 0x0F, 0xA8, 0x21,
    0xE0, 0xF5, 0xFF, 0xB9, 0x4C, 0x0C, 0x00, 0xE3, 0xB6, 0x35, 0x11, 0x78, 0x9C, 0x63, 0x60, 0xF8,
    0xC6, 0xCD, 0xC0, 0xC0, 0x90, 0xB0, 0x7E, 0x3D, 0x90, 0xFC, 0xC6, 0xF5, 0x85, 0x93, 0x81, 0xC1,
    0x98, 0x41, 0x81, 0x99, 0x01, 0x0A, 0x16, 0xFD, 0x9B, 0xC7, 0xC4, 0xE0, 0xF0, 0xFF, 0xFF, 0x7F,
    0x7B, 0x86, 0x07, 0xEB, 0x19, 0x2F, 0xDD, 0x67, 0xF8, 0x2C, 0xCF, 0xA0, 0xF0, 0x9F, 0xE9, 0xB3,
    0x3E, 0x48, 0xD9, 0x85, 0xF7, 0x62, 0x40, 0x25, 0x0A, 0x7F, 0xFE, 0xD7, 0x30, 0x32, 0x30, 0x38,
    0xBC, 0xFC, 0x6F, 0x07, 0xD2, 0x71, 0xF8, 0x3D, 0x43, 0x39, 0x13, 0x50, 0x0D, 0xF3, 0x5F, 0x76,
    0x06, 0x81, 0xFF, 0xCC, 0xDF, 0xE3, 0x19, 0x36, 0xBD, 0x67, 0xD8, 0x00, 0x34, 0xC1, 0x9F, 0x81,
    0xE1, 0xE8, 0xBF, 0x79, 0x8C, 0x0C, 0x00, 0xBB, 0x23, 0x27, 0x23, 0x78, 0x9C, 0x63, 0x70, 0x78,
    0xF5, 0xBE, 0x86, 0x81, 0x81, 0xE1, 0xE7, 0xFF, 0xFF, 0xFF, 0x6D, 0x19, 0x1A, 0xFE, 0x8B, 0x33,
    0x1C, 0x79, 0xCF, 0xF8, 0x21, 0x1F, 0x28, 0xF2, 0x97, 0xE3, 0x33, 0x3F, 0x90, 0xFA, 0xC6, 0xFB,
    0x59, 0x1E, 0x48, 0x4D, 0xE2, 0xF8, 0x30, 0x9F, 0x01, 0x04, 0x1A, 0xFE, 0x7B, 0x83, 0xE9, 0x9F,
    0xFF, 0xE7, 0x31, 0x03, 0x29, 0x87, 0x3F, 0xFF, 0xCF, 0xB3, 0x00, 0x69, 0x85, 0x1B, 0xFF, 0xEB,
    0xC1, 0xE2, 0x47, 0xFE, 0xB3, 0x82, 0xE9, 0xDF, 0x3C, 0x33, 0x99, 0x80, 0xD4, 0x57, 0xFE, 0xBF,
    0x6C, 0x60, 0xEA, 0x87, 0x1C, 0x90, 0xFA, 0xC5, 0x73, 0xF1, 0xBD, 0x18, 0xC3, 0xA2, 0xFF, 0x2C,
    0x02, 0x7F, 0x80, 0xF6, 0x01, 0x35, 0x04, 0xFC, 0xFE, 0x3F, 0x17, 0xA4, 0x6C, 0x43, 0x2E, 0x58,
    0x93, 0xC2, 0x2F, 0x6E, 0x30, 0xFD, 0x03, 0x64, 0x33, 0xC3, 0x85, 0xFF, 0x5C, 0x60, 0xAA, 0x17,
    0x48, 0x00, 0x00, 0x2F, 0x5B, 0x35, 0x9A, 0x78, 0x9C, 0x63, 0x58, 0xF4, 0x6F, 0x1E, 0x13, 0x83,
    0xC3, 0xFF, 0xFF, 0xFF, 0xED, 0x19, 0x1E, 0xAC, 0x67, 0xBC, 0x74, 0x9F, 0xE1, 0xB3, 0x3C, 0x83,
    0xC2, 0x7F, 0xA6, 0xCF, 0xFA, 0x0C, 0x0C, 0xC6, 0x0C, 0x17, 0xDE, 0x8B, 0x31, 0x30, 0x30, 0x28,
    0xFC, 0xF9, 0x5F, 0xC3, 0xC8, 0xC0, 0xE0, 0xF0, 0xF2, 0xBF, 0x1D, 0x90, 0xC7, 0x70, 0xF8, 0x3D,
    0x43, 0x39, 0x13, 0x50, 0x0D, 0xF3, 0x5F, 0x76, 0x06, 0x81, 0xFF, 0xCC, 0xDF, 0xE3, 0x19, 0x36,
    0xBD, 0x67, 0xD8, 0x00, 0x34, 0xC1, 0x9F, 0x81, 0xE1, 0xE8, 0xFF, 0x79, 0x40, 0x95, 0x0C, 0x37,
    0x58, 0x41, 0x0A, 0x17, 0xAD, 0x07, 0x91, 0x05, 0xFF, 0x41, 0xE4, 0xAF, 0xFD, 0x20, 0xF2, 0x96,
    0x04, 0x03, 0x03, 0x00, 0x08, 0xB5, 0x28, 0x5A, 0x78, 0x9C, 0x63, 0x48, 0x60, 0x67, 0x68, 0x65,
    0x66, 0x60, 0x30, 0xD8, 0x1F, 0xB0, 0x9F, 0x01, 0x08, 0xBE, 0xFE, 0xE6, 0x01, 0x51, 0x09, 0xF7,
    0x19, 0x19, 0xE0, 0xC0, 0xE1, 0xD5, 0xFB, 0x1A, 0x20, 0xF5, 0xF3, 0xFF, 0xFF, 0xFF, 0xB6, 0x0C,
    0x0D, 0xFF, 0xC5, 0x19, 0x8E, 0xBC, 0x67, 0xFC, 0x90, 0x0F, 0x14, 0xF9, 0xCB, 0xF1, 0x99, 0x1F,
    0x48, 0x7D, 0xE3, 0xFD, 0x2C, 0x0F, 0xA4, 0x26, 0x71, 0x7C, 0x98, 0x0F, 0x56, 0xDF, 0xF0, 0xDF,
    0x1B, 0x4C, 0xFF, 0xFC, 0x3F, 0x8F, 0x19, 0xA4, 0xFD, 0xCF, 0xFF, 0xF3, 0x2C, 0x40, 0x5A, 0xE1,
    0xC6, 0xFF, 0x7A, 0xB0, 0xF8, 0x91, 0xFF, 0xAC, 0x60, 0xFA, 0x37, 0xCF, 0x4C, 0x26, 0x90, 0x95,
    0xFC, 0x7F, 0xD9, 0xC0, 0xD4, 0x0F, 0x39, 0x20, 0xF5, 0x8B, 0xE7, 0xE2, 0x7B, 0x31, 0x86, 0x45,
    0xFF, 0x59, 0x04, 0xFE, 0x00, 0xED, 0x03, 0x6A, 0x08, 0x78, 0xFD, 0x7F, 0x2E, 0x13, 0x03, 0x00,
    0x05, 0xD9, 0x35, 0x34, 0x78, 0x9C, 0x63, 0xF8, 0xC9, 0xFE, 0x48, 0x96, 0x81, 0x61, 0x42, 0xFC,
    0x5B, 0x46, 0x06, 0x06, 0x86, 0x5F, 0x7A, 0x40, 0x82, 0xC1, 0x81, 0x89, 0x01, 0x06, 0x16, 0xFD,
    0xEB, 0x65, 0x64, 0x70, 0xF8, 0xFF, 0xFF, 0xBF, 0x2C, 0xC3, 0x83, 0xF5, 0x8C, 0x8F, 0xD7, 0x33,
    0x7C, 0x96, 0x67, 0x08, 0xF8, 0xCF, 0xF8, 0x59, 0x9F, 0x81, 0xE1, 0x3F, 0xF3, 0x85, 0xF7, 0x62,
    0x40, 0x25, 0x0A, 0x7F, 0xFE, 0xD7, 0x00, 0xF5, 0x3A, 0xBC, 0xFA, 0x6F, 0x07, 0xD2, 0x71, 0xF8,
    0x3D, 0x83, 0x11, 0x50, 0xF0, 0x3F, 0xF3, 0x3F, 0x36, 0x06, 0x81, 0xFF, 0xCC, 0x3F, 0xFC, 0x18,
    0x36, 0xBE, 0x67, 0x38, 0x00, 0x34, 0xC1, 0x9F, 0x81, 0xE1, 0xD8, 0xBF, 0x79, 0x8C, 0x0C, 0x00,
    0xF4, 0xE0, 0x27, 0xBC, 0x78, 0x9C, 0xFB, 0xF1, 0x1F, 0x0C, 0xBE, 0x43, 0x28, 0x06, 0x06, 0x86,
    0xFF, 0x2C, 0x0C, 0x0C, 0x03, 0x40, 0xDD, 0x66, 0x02, 0x53, 0x2F, 0xE6, 0x83, 0xA9, 0x80, 0xFF,
    0x60, 0xEA, 0xDA, 0x7E, 0x30, 0x75, 0x5F, 0x82, 0x81, 0x01, 0x00, 0x91, 0xE6, 0x25, 0x56, 0x78,
    0x9C, 0x63, 0x68, 0xD0, 0x60, 0x60, 0x60, 0xF8, 0xE0, 0x8F, 0x4C, 0xFC, 0xF8, 0xFF, 0xFF, 0x3D,
    0xC3, 0xF7, 0xFF, 0xFF, 0xEF, 0xA3, 0x4B, 0x10, 0x20, 0x2E, 0xAC, 0x17, 0x60, 0x60, 0x68, 0xF8,
    0xFF, 0x1F, 0xC8, 0xFC, 0x09, 0xD4, 0xCB, 0xF0, 0x20, 0x17, 0x48, 0x18, 0xFC, 0xE2, 0x06, 0x92,
    0x3F, 0xF8, 0x19, 0x18, 0x3E, 0xFD, 0xE7, 0x62, 0x60, 0x78, 0xD4, 0xCB, 0x00, 0x00, 0x6A, 0xF2,
    0x24, 0x2E, 0x78, 0x9C, 0x63, 0x50, 0xF0, 0x60, 0x68, 0x62, 0x63, 0x60, 0x60, 0xF8, 0x25, 0xFC,
    0x96, 0x09, 0x48, 0x1D, 0x38, 0x67, 0x0F, 0x24, 0x19, 0x04, 0xFE, 0xB1, 0x30, 0xC0, 0xC0, 0x8F,
    0xFF, 0x60, 0xF0, 0x1D, 0x42, 0x01, 0x05, 0xFE, 0x43, 0xE4, 0xE8, 0x4A, 0x01, 0x00, 0x64, 0x7F,
    0x24, 0xE2, 0x78, 0x9C, 0x63, 0x60, 0x60, 0x50, 0xE8, 0x60, 0x60, 0x60, 0x70, 0xF8, 0x0F, 0x24,
    0x12, 0xEE, 0x03, 0x89, 0x05, 0xF3, 0x19, 0x1A, 0x34, 0x3E, 0xEA, 0x33, 0x7C, 0xF0, 0x37, 0x60,
    0x01, 0x12, 0x40, 0x11, 0x10, 0xF1, 0xE3, 0xFF, 0xFF, 0xFF, 0x0C, 0xDF, 0x41, 0x04, 0x42, 0x8C,
    0x18, 0xE2, 0xC2, 0x7C, 0x20, 0xD1, 0xF0, 0xFF, 0x3F, 0x23, 0x03, 0xC3, 0x8B, 0xFB, 0x0C, 0x00,
    0x69, 0x9A, 0x22, 0xF4, 0x78, 0x9C, 0xFB, 0xF1, 0x1F, 0x0C, 0xBE, 0x43, 0x28, 0x06, 0x06, 0x86,
    0xFF, 0x2C, 0x0C, 0x0C, 0x78, 0xA9, 0x06, 0xA0, 0x3A, 0x7E, 0x06, 0x86, 0x02, 0x08, 0x45, 0x84,
    0x06, 0xC2, 0x14, 0x00, 0x6B, 0x6A, 0x24, 0x19, 0x78, 0x9C, 0x63, 0x68, 0xD0, 0x60, 0x60, 0xF8,
    0xE0, 0x0F, 0xC7, 0x5F, 0xFE, 0xFF, 0xEF, 0xFF, 0xFC, 0xFF, 0x7F, 0x3D, 0x8C, 0xFF, 0xFD, 0xFF,
    0xFF, 0xFF, 0x3F, 0x80, 0x18, 0x59, 0x0D, 0x1C, 0x3F, 0x98, 0xCF, 0xC0, 0x30, 0xE1, 0x3F, 0x90,
    0xF8, 0x55, 0x0F, 0x00, 0xC4, 0x96, 0x21, 0x1F, 0x78, 0x9C, 0x63, 0x60, 0x60, 0x60, 0x50, 0x60,
    0x64, 0x60, 0x58, 0x78, 0x5F, 0xEC, 0x33, 0x1F, 0x03, 0xC3, 0xAF, 0xFF, 0xFF, 0xFF, 0x73, 0x32,
    0x30, 0xBC, 0x63, 0x3C, 0xB6, 0x8E, 0x01, 0x06, 0xFE, 0xB3, 0x00, 0x89, 0x2F, 0xFC, 0xB4, 0xA0,
    0xFE, 0xB1, 0x02, 0xA9, 0xAF, 0x7C, 0x7F, 0x38, 0x80, 0xD4, 0x0F, 0x9E, 0x6F, 0x72, 0x0C, 0x0C,
    0x02, 0xFF, 0xD8, 0x2E, 0xBC, 0x67, 0x65, 0x78, 0x7A, 0x9E, 0x41, 0xE1, 0x2F, 0xD0, 0x2D, 0x32,
    0x0C, 0x0C, 0x09, 0xAF, 0xDF, 0x47, 0x33, 0x30, 0x00, 0x00, 0xC3, 0xBB, 0x33, 0xE3, 0x78, 0x9C,
    0x63, 0x60, 0x60, 0x60, 0x60, 0x62, 0x50, 0xF8, 0xE3, 0x5D, 0xC0, 0xC7, 0x70, 0xE1, 0xFF, 0xFF,
    0xFF, 0x9C, 0x0C, 0x0F, 0x99, 0x8F, 0xAE, 0x63, 0x40, 0x01, 0xFF, 0x19, 0x18, 0x14, 0xFE, 0x33,
    0x92, 0x41, 0x1A, 0xFC, 0x67, 0xFC, 0xCB, 0xCC, 0x30, 0xE1, 0x3F, 0xE3, 0x4F, 0x1D, 0x81, 0xEF,
    0xFF, 0x19, 0x3F, 0xFD, 0xFF, 0x7F, 0xFF, 0x3F, 0xA3, 0xC2, 0xEF, 0xFB, 0xE6, 0xFF, 0x19, 0x01,
    0x8E, 0x73, 0x2B, 0x17, 0x78, 0x9C, 0x63, 0xF8, 0xF0, 0xFF, 0xFF, 0x7F, 0x7E, 0x06, 0x06, 0x28,
    0x85, 0x02, 0xFE, 0xB3, 0x00, 0x89, 0x2F, 0xFC, 0xB4, 0xA0, 0xFE, 0xB1, 0x02, 0xA9, 0xAF, 0x7C,
    0x7F, 0x38, 0x80, 0xD4, 0x0F, 0x9E, 0x6F, 0x72, 0x0C, 0x0C, 0x02, 0xFF, 0xD8, 0x2E, 0xBC, 0x67,
    0x65, 0x78, 0x7A, 0x9E, 0x41, 0xE1, 0x2F, 0xD0, 0x2D, 0x32, 0x0C, 0x0C, 0x09, 0xAF, 0xDF, 0x47,
    0x33, 0x30, 0x00, 0x00, 0x30, 0x3C, 0x32, 0xC0, 0x78, 0x9C, 0xFB, 0xF0, 0xFF, 0xFF, 0x7F, 0x7E,
    0x86, 0x0F, 0x60, 0x12, 0x13, 0xFC, 0x67, 0x01, 0x61, 0xF2, 0xC8, 0xBF, 0x1C, 0x0C, 0x06, 0xFF,
    0x59, 0x7E, 0xFA, 0x33, 0x3C, 0xFD, 0xCF, 0xF2, 0xE9, 0xFF, 0xFF, 0xFD, 0xFF, 0x59, 0x14, 0x7E,
    0xDF, 0x67, 0xFF, 0xCF, 0x02, 0x00, 0x5E, 0xCC, 0x29, 0x53, 0x78, 0x9C, 0x63, 0xF8, 0x64, 0x6F,
    0xF0, 0x9F, 0x99, 0x81, 0xE1, 0xC0, 0xFF, 0xFF, 0xE7, 0x19, 0x18, 0x18, 0x04, 0x6E, 0xBE, 0x97,
    0x64, 0x80, 0x81, 0xFF, 0x2C, 0x40, 0xE2, 0x0B, 0x3F, 0x2D, 0xA8, 0x7F, 0xAC, 0x40, 0xEA, 0x2B,
    0xDF, 0x1F, 0x0E, 0x20, 0xF5, 0x83, 0xE7, 0x9B, 0x1C, 0xD0, 0xE6, 0x7F, 0x6C, 0x17, 0xDE, 0xB3,
    0x32, 0x3C, 0x3D, 0xCF, 0xA0, 0xF0, 0xF7, 0xFF, 0xFF, 0xFF, 0x32, 0x0C, 0x0C, 0x09, 0xAF, 0xDF,
    0x47, 0x33, 0x30, 0x00, 0x00, 0x0A, 0x0F, 0x32, 0xA9, 0x78, 0x9C, 0x63, 0xF8, 0xC7, 0xFE, 0x9D,
    0x8F, 0x81, 0xE1, 0xC7, 0xFF, 0xFF, 0x1C, 0x0C, 0x0C, 0x05, 0x7F, 0x6B, 0x19, 0x50, 0xC0, 0x7F,
    0x16, 0x10, 0x26, 0x8F, 0xFC, 0xCB, 0xC1, 0x60, 0xF0, 0x9F, 0xE5, 0xA7, 0x3F, 0xC3, 0xD3, 0xFF,
    0x2C, 0x0F, 0xFF, 0xFF, 0x7F, 0xFF, 0x9F, 0x45, 0xE1, 0xD5, 0x7D, 0xC9, 0xFF, 0x2C, 0x00, 0xD8,
    0x21, 0x28, 0x6D, 0x78, 0x9C, 0x63, 0x60, 0x38, 0xB8, 0x9F, 0x91, 0x01, 0x08, 0x6A, 0x0A, 0xB8,
    0x41, 0x14, 0x3F, 0x10, 0x82, 0x79, 0x3C, 0x20, 0xEA, 0xD0, 0x79, 0xB0, 0x1C, 0x18, 0xFC, 0x67,
    0x01, 0x12, 0x5F, 0xF8, 0x69, 0x41, 0xFD, 0x63, 0x05, 0x52, 0x5F, 0xF9, 0xFE, 0x70, 0x00, 0xA9,
    0x1F, 0x3C, 0xDF, 0xE4, 0x18, 0x18, 0x04, 0xFE, 0xB1, 0x5D, 0x78, 0xCF, 0xCA, 0xF0, 0xF4, 0x3C,
    0x83, 0xC2, 0xDF, 0xFF, 0xFF, 0xFF, 0xCB, 0x30, 0x30, 0x24, 0xBC, 0x7E, 0x1F, 0xCD, 0xC0, 0x00,
    0x00, 0x88, 0xA9, 0x2F, 0xE8, 0x78, 0x9C, 0x63, 0x10, 0xF8, 0x23, 0xCD, 0xC0, 0xC0, 0xB0, 0x81,
    0x7D, 0x3B, 0x90, 0xFC, 0x00, 0x84, 0x0C, 0x0C, 0x07, 0xD8, 0x8F, 0x03, 0x49, 0x85, 0x3F, 0x32,
    0x0C, 0x28, 0xE0, 0x3F, 0x0B, 0x08, 0x93, 0x47, 0xFE, 0xE5, 0x60, 0x30, 0xF8, 0xCF, 0xF2, 0xD3,
    0x9F, 0xE1, 0xE9, 0x7F, 0x96, 0x87, 0xFF, 0xFF, 0xBF, 0xFF, 0xCF, 0xA2, 0xF0, 0xEA, 0xBE, 0xE4,
    0x7F, 0x16, 0x00, 0x1F, 0xB0, 0x28, 0xB6, 0x78, 0x9C, 0x63, 0x60, 0x38, 0xB0, 0x7E, 0xC2, 0x7D,
    0x06, 0x06, 0x86, 0x2F, 0x72, 0x5F, 0xF4, 0x80, 0xD4, 0x5F, 0x91, 0x7F, 0x2C, 0x0C, 0x0C, 0x01,
    0xF3, 0x37, 0xD4, 0x33, 0xC0, 0xC0, 0x7F, 0x16, 0x90, 0x34, 0x3F, 0x2D, 0xA8, 0x7F, 0xAC, 0x40,
    0xEA, 0x2B, 0xDF, 0x1F, 0x0E, 0x20, 0xF5, 0x83, 0xE7, 0x9B, 0x1C, 0x03, 0x83, 0xC0, 0x3F, 0xB6,
    0x0B, 0xEF, 0x59, 0x19, 0x9E, 0x9E, 0x67, 0x50, 0xF8, 0xFB, 0xFF, 0xFF, 0x7F, 0x19, 0x06, 0x86,
    0x84, 0xD7, 0xEF, 0xA3, 0x19, 0x18, 0x00, 0xFB, 0xA3, 0x34, 0x0B, 0x78, 0x9C, 0x63, 0x10, 0xF8,
    0xAF, 0xFC, 0x9F, 0x8D, 0xA1, 0x61, 0xFE, 0x81, 0xF9, 0x0C, 0x0C, 0x1F, 0xF9, 0xBE, 0x73, 0x33,
    0x30, 0xFC, 0x50, 0xB9, 0xCF, 0xC8, 0x00, 0x01, 0xFF, 0x59, 0x40, 0x98, 0x3C, 0xF2, 0x2F, 0x07,
    0x83, 0xC1, 0x7F, 0x96, 0x9F, 0xFE, 0x0C, 0x4F, 0xFF, 0xB3, 0x3C, 0xFC, 0xFF, 0xFF, 0xFD, 0x7F,
    0x16, 0x85, 0x57, 0xF7, 0x25, 0xFF, 0xB3, 0x00, 0x00, 0x76, 0xF7, 0x2A, 0x2D, 0x78, 0x9C, 0xFB,
    0xCF, 0xC2, 0xC0, 0xC0, 0xF0, 0x85, 0xFF, 0x3F, 0x0D, 0xA8, 0x7F, 0xAC, 0x40, 0xEA, 0x2B, 0xDF,
    0x1F, 0x0E, 0x20, 0xF5, 0x83, 0xE7, 0x9B, 0x1C, 0x03, 0x83, 0xC0, 0x3F, 0xB6, 0x0B, 0xEF, 0x59,
    0x19, 0x9E, 0x9E, 0x67, 0x50, 0xF8, 0xFB, 0xFF, 0xFF, 0x7F, 0x19, 0x06, 0x86, 0x84, 0xD7, 0xFF,
    0xFF, 0x33, 0x80, 0xC0, 0x4F, 0x6E, 0x10, 0x29, 0xF0, 0x9F, 0x09, 0x44, 0x19, 0xFC, 0x17, 0x82,
    0xF0, 0x20, 0xDC, 0xAB, 0xFB, 0x19, 0x19, 0x00, 0xBE, 0xCB, 0x32, 0x77, 0x78, 0x9C, 0xFB, 0xCF,
    0xC2, 0xC0, 0xF0, 0x9F, 0xE5, 0x3F, 0x59, 0xE4, 0x5F, 0x0E, 0x06, 0x83, 0xFF, 0x2C, 0x3F, 0xFD,
    0x19, 0x9E, 0xFE, 0x67, 0x79, 0xF8, 0xFF, 0xFF, 0xFB, 0xFF, 0x2C, 0x0A, 0xAF, 0xEE, 0x4B, 0x82,
    0xE4, 0x18, 0x16, 0xD4, 0x03, 0x09, 0x86, 0x9F, 0x1C, 0x20, 0xF2, 0x3F, 0x2B, 0x88, 0xFC, 0x0B,
    0x16, 0xBF, 0x7C, 0x9E, 0x09, 0x00, 0x3A, 0xEC, 0x28, 0x43, 0x78, 0x9C, 0x55, 0x8F, 0x4D, 0x92,
    0xC1, 0x00, 0x14, 0x84, 0xBF, 0x28, 0x32, 0x52, 0x21, 0x66, 0x6B, 0xC5, 0x0D, 0xB8, 0x41, 0x72,
    0x00, 0x55, 0x6E, 0x80, 0x1B, 0xB0, 0xB1, 0x96, 0x1B, 0x38, 0x02, 0x37, 0xE0, 0x06, 0x71, 0x03,
    0x73, 0x82, 0x91, 0x1B, 0x24, 0x41, 0x2A, 0x11, 0x3F, 0xCF, 0x8B, 0x31, 0x0B, 0xBD, 0xE8, 0x7A,
    0x8B, 0xEE, 0x7E, 0xDD, 0xA0, 0x98, 0x1B, 0xBC, 0xE1, 0x49, 0xE3, 0xFF, 0x3C, 0x0D, 0x36, 0xEF,
    0xAB, 0xFB, 0x6B, 0xA4, 0x75, 0x3E, 0x70, 0x74, 0x95, 0xA4, 0x06, 0x3F, 0xCB, 0x70, 0xAA, 0x0A,
    0xB1, 0x20, 0x1E, 0x6E, 0xD5, 0x31, 0x11, 0x47, 0xBD, 0x9D, 0xD9, 0x01, 0xD6, 0xD2, 0x83, 0xAC,
    0xD9, 0x17, 0x83, 0x30, 0x50, 0x55, 0x61, 0x21, 0x55, 0x4E, 0x23, 0x55, 0x3D, 0x4C, 0x6E, 0x5F,
    0x64, 0xED, 0x88, 0x6F, 0xA9, 0x90, 0xDB, 0x5C, 0x6B, 0xF7, 0x8A, 0x17, 0x41, 0xEA, 0x20, 0xC6,
    0xC5, 0xF4, 0x03, 0x48, 0x7A, 0xDE, 0x9E, 0xB3, 0xBD, 0x5D, 0x40, 0x38, 0xF6, 0x97, 0xC4, 0x4E,
    0x38, 0xD4, 0xD0, 0xD5, 0xCE, 0x65, 0xE7, 0x1E, 0x5B, 0xFA, 0x6A, 0x9F, 0xB4, 0xF0, 0x17, 0x69,
    0x13, 0xFA, 0x92, 0xDA, 0x78, 0x41, 0x6E, 0x95, 0xB5, 0x0A, 0x13, 0xA2, 0x42, 0xCB, 0x71, 0xD5,
    0xF0, 0x3F, 0x22, 0xD7, 0x42, 0x64, 0x51, 0x59, 0xFE, 0xBC, 0x2A, 0xE7, 0xBD, 0xD6, 0x25, 0x63,
    0xA5, 0x58, 0x3F, 0x3C, 0x01, 0xB8, 0x38, 0x50, 0xCD, 0x78, 0x9C, 0x5D, 0x8E, 0xC1, 0x0D, 0x82,
    0x40, 0x14, 0x05, 0x07, 0x12, 0x17, 0x03, 0x06, 0xB8, 0x6B, 0xD4, 0x0E, 0xA4, 0x03, 0xEC, 0x40,
    0x3B, 0xD0, 0x0E, 0x28, 0x01, 0x2A, 0x10, 0x3B, 0xD0, 0x0E, 0x6C, 0xC1, 0x0E, 0xC4, 0x0A, 0xB4,
    0x01, 0xB3, 0x81, 0x04, 0x88, 0x01, 0x5D, 0x17, 0xF1, 0xE4, 0x3B, 0x4D, 0x7E, 0xDE, 0x9F, 0x3C,
    0xC0, 0x6F, 0x2D, 0xFA, 0x5C, 0x77, 0x71, 0x0F, 0xFE, 0xC3, 0xAC, 0x7E, 0x47, 0x83, 0xBF, 0x94,
    0x2E, 0x28, 0xC1, 0x5C, 0x19, 0xF9, 0x42, 0x93, 0xC3, 0xF6, 0xC2, 0x39, 0x62, 0xA9, 0x3C, 0x8E,
    0x29, 0xC9, 0x89, 0xBD, 0x5A, 0x71, 0x0F, 0x09, 0x24, 0x59, 0x74, 0x20, 0xF7, 0x74, 0xC9, 0x2C,
    0xC6, 0x92, 0xD2, 0x81, 0x46, 0xD4, 0xA2, 0x31, 0x9F, 0x02, 0x2A, 0xBB, 0x35, 0x6A, 0xEB, 0x65,
    0x42, 0x31, 0xBD, 0x51, 0x4C, 0xA4, 0x56, 0x67, 0x71, 0xFA, 0xFD, 0x41, 0x3B, 0x42, 0x12, 0xB9,
    0xD1, 0xB4, 0x56, 0x2E, 0x81, 0x9A, 0x75, 0xA3, 0x94, 0x0D, 0xEF, 0x51, 0xB7, 0x41, 0x0D, 0xB4,
    0x6A, 0x08, 0x1F, 0x9D, 0xDD, 0x35, 0x4F, 0x78, 0x9C, 0x63, 0x60, 0x60, 0x08, 0x60, 0x67, 0x00,
    0x83, 0xAF, 0xFB, 0xC1, 0x94, 0xC3, 0xFE, 0xAF, 0x1C, 0x20, 0xFA, 0x13, 0x4F, 0x41, 0x3E, 0x03,
    0x1C, 0x5C, 0x38, 0x0F, 0x22, 0x7F, 0xE8, 0x07, 0xFC, 0x67, 0x01, 0xD2, 0xFF, 0x39, 0x19, 0xFE,
    0xF2, 0x30, 0x30, 0x14, 0xFC, 0x67, 0x62, 0xF8, 0x6A, 0xCF, 0xC0, 0xF0, 0x60, 0x3E, 0x03, 0xC3,
    0x01, 0xA0, 0xEE, 0xEF, 0xF2, 0x40, 0xED, 0xFF, 0x99, 0x19, 0xFE, 0x81, 0x0C, 0xF8, 0xC3, 0x95,
    0xF0, 0x9F, 0x11, 0x48, 0x7F, 0xD1, 0xBF, 0xD0, 0x0F, 0xD2, 0x7B, 0x60, 0xFD, 0x57, 0x79, 0x10,
    0x6D, 0xF0, 0xFF, 0x2F, 0xD8, 0x7C, 0x86, 0xDF, 0xEF, 0x21, 0x46, 0x7F, 0xAE, 0x87, 0xD0, 0x1F,
    0xFC, 0xC9, 0xA0, 0x01, 0xD2, 0xB9, 0x2A, 0xC4, 0x78, 0x9C, 0x63, 0x60, 0xB8, 0x98, 0xCF, 0xC0,
    0xC0, 0xA0, 0x70, 0xEF, 0x27, 0x2B, 0x03, 0xC3, 0x23, 0xD9, 0x86, 0x78, 0x06, 0x06, 0x01, 0x06,
    0x38, 0xF8, 0xC1, 0xC7, 0xC0, 0xF0, 0x21, 0xFE, 0xB3, 0x3D, 0x03, 0xC3, 0x57, 0xFE, 0x0B, 0xFD,
    0x0C, 0x0C, 0xBF, 0xB8, 0x1A, 0xDE, 0x33, 0x30, 0xFC, 0x63, 0x55, 0xF8, 0xCF, 0xEC, 0xF0, 0x9F,
    0x81, 0xE1, 0x0F, 0x47, 0xC3, 0x7A, 0x06, 0x86, 0xEF, 0xBC, 0x17, 0x80, 0xBA, 0x3E, 0xDA, 0x7F,
    0xE2, 0x67, 0x60, 0xD8, 0xD0, 0xFF, 0x9D, 0x8B, 0x81, 0x21, 0xE1, 0xFE, 0x1F, 0x16, 0xA0, 0x39,
    0xFF, 0xDF, 0x83, 0xCC, 0xF8, 0x35, 0x1F, 0x44, 0x7E, 0xF5, 0x07, 0x91, 0x1F, 0xF9, 0x41, 0xE4,
    0x37, 0x4E, 0x10, 0xF9, 0x17, 0xA4, 0x64, 0xD1, 0x7D, 0x20, 0xEB, 0xC3, 0x7F, 0xA0, 0x05, 0x0C,
    0x17, 0xCE, 0x33, 0x03, 0x49, 0x00, 0xC2, 0xBA, 0x29, 0x3E, 0x78, 0x9C, 0x63, 0x60, 0xD8, 0xC1,
    0xC0, 0xD0, 0xCD, 0x00, 0x04, 0xFF, 0x99, 0x0D, 0xFE, 0x83, 0xE8, 0x57, 0x8C, 0x02, 0xEB, 0x18,
    0xE0, 0xE0, 0x53, 0x3F, 0x88, 0xFC, 0xC5, 0xB7, 0xE0, 0x3D, 0x90, 0x52, 0xF8, 0xCF, 0x0E, 0x44,
    0x0C, 0x0C, 0x20, 0xCE, 0x4F, 0x3E, 0xA0, 0x64, 0x3E, 0x03, 0xC3, 0xC7, 0x7A, 0xA0, 0x34, 0x2F,
    0x03, 0xC3, 0x84, 0xF7, 0x40, 0x69, 0x56, 0x06, 0x06, 0x81, 0xFF, 0x6C, 0x0B, 0xEE, 0x83, 0xF4,
    0xFC, 0xE0, 0xFD, 0xE4, 0x0F, 0xA2, 0x3F, 0xC6, 0xFF, 0xE4, 0x01, 0xD1, 0x0D, 0xF7, 0xFF, 0xB3,
    0x80, 0x8D, 0xFC, 0xB7, 0x1F, 0x62, 0xF4, 0x77, 0x7B, 0x08, 0xFD, 0x85, 0x9F, 0x0C, 0x1A, 0x00,
    0x1C, 0x5D, 0x28, 0x2C, 0x78, 0x9C, 0x63, 0x60, 0x60, 0x10, 0xE8, 0x60, 0x61, 0x00, 0x82, 0x0D,
    0xF7, 0x41, 0x24, 0xC3, 0x57, 0x39, 0x30, 0xF5, 0x8F, 0x19, 0x44, 0x1A, 0x78, 0x00, 0x89, 0xFF,
    0x60, 0xC0, 0x0F, 0xA5, 0x40, 0xC2, 0x0A, 0xFF, 0xD9, 0x41, 0xD4, 0x81, 0xF3, 0x60, 0xA5, 0xDF,
    0xF5, 0x91, 0xC5, 0x20, 0xA6, 0xFC, 0xB0, 0x07, 0x6B, 0xFF, 0xCF, 0x01, 0xA2, 0x2E, 0x90, 0x23,
    0x86, 0x66, 0x2D, 0x00, 0x6E, 0xB1, 0x31, 0x0A, 0x78, 0x9C, 0x63, 0x60, 0x10, 0xF8, 0xCF, 0xC6,
    0xC0, 0xC0, 0x70, 0xA0, 0x1E, 0x48, 0x30, 0x7C, 0x67, 0x07, 0x91, 0xC6, 0x0C, 0x30, 0xF0, 0x1F,
    0x04, 0xA0, 0x24, 0x10, 0x7C, 0xCE, 0x07, 0x91, 0x7F, 0xB9, 0x81, 0xC4, 0x84, 0xF7, 0x8C, 0x40,
    0xF2, 0x4B, 0x3C, 0x90, 0x10, 0xF8, 0xC7, 0x05, 0x24, 0x17, 0x80, 0x05, 0xBE, 0xFA, 0x83, 0x04,
    0xFE, 0x73, 0x82, 0x4C, 0xBC, 0x0F, 0x36, 0xD1, 0x1E, 0x6E, 0x0E, 0x3F, 0x84, 0x04, 0x00, 0xFE,
    0xCA, 0x24, 0xA6, 0x78, 0x9C, 0x63, 0x60, 0x68, 0xE0, 0x66, 0x00, 0x81, 0x0F, 0xF6, 0x60, 0x6A,
    0x81, 0x2C, 0x03, 0x1C, 0xFC, 0x07, 0x03, 0x7E, 0x28, 0x05, 0x12, 0x71, 0xF8, 0xCF, 0x0E, 0xA2,
    0x2E, 0x9C, 0x07, 0xCB, 0xFF, 0xD4, 0x07, 0x91, 0x06, 0x78, 0xC4, 0xEE, 0x83, 0xC5, 0x7E, 0xD8,
    0x43, 0xC4, 0x38, 0x88, 0x12, 0x43, 0xB3, 0x16, 0x00, 0x2E, 0x05, 0x2E, 0xFC, 0x78, 0x9C, 0x63,
    0x60, 0xB8, 0xC5, 0x00, 0x02, 0xFF, 0x99, 0x41, 0xE4, 0x0E, 0x06, 0x54, 0xF0, 0x1F, 0x04, 0xA0,
    0x24, 0x10, 0x7C, 0xCE, 0x07, 0x91, 0x7F, 0xB9, 0x81, 0xC4, 0x84, 0xF7, 0x8C, 0x40, 0xF2, 0x4B,
    0x3C, 0x90, 0x10, 0xF8, 0xC7, 0x05, 0x24, 0x17, 0x80, 0x05, 0xBE, 0xF9, 0x03, 0x09, 0x85, 0xFF,
    0x9C, 0x40, 0xF2, 0xC0, 0x7D, 0x90, 0xE2, 0xEF, 0xF6, 0x70, 0x73, 0xF8, 0x21, 0x24, 0x00, 0xA1,
    0x37, 0x23, 0xC6, 0x78, 0x9C, 0x63, 0x28, 0x60, 0x67, 0x68, 0x61, 0x61, 0x60, 0x70, 0xD8, 0xEF,
    0x70, 0x9E, 0x01, 0x08, 0xBE, 0xFE, 0x96, 0x01, 0x51, 0x09, 0xF7, 0x19, 0x19, 0x60, 0xE0, 0x3F,
    0x18, 0xF0, 0x43, 0x29, 0x90, 0x88, 0xC2, 0x7F, 0x76, 0x10, 0x75, 0x00, 0xAC, 0x83, 0xE1, 0xBB,
    0x3E, 0xB2, 0xD8, 0x7D, 0xB0, 0xD8, 0x0F, 0x7B, 0x10, 0x69, 0xF0, 0x9F, 0x03, 0x44, 0x5D, 0x20,
    0x47, 0x0C, 0xCD, 0x5A, 0x00, 0x76, 0x6B, 0x32, 0xAC, 0x78, 0x9C, 0x13, 0x38, 0xCB, 0xF8, 0x83,
    0x9D, 0x81, 0xE1, 0x51, 0x4D, 0x3D, 0x03, 0x03, 0x83, 0xC2, 0x3F, 0x20, 0x93, 0x81, 0x41, 0x91,
    0x01, 0x06, 0xFE, 0x83, 0x00, 0x94, 0x04, 0x82, 0xCF, 0xF9, 0x20, 0xF2, 0x2F, 0x37, 0x90, 0x98,
    0xF0, 0x9E, 0x11, 0x48, 0x7E, 0x89, 0x07, 0x12, 0x02, 0xFF, 0xB8, 0x80, 0xE4, 0x02, 0xB0, 0xC0,
    0x57, 0x7F, 0x90, 0xC0, 0x7F, 0x4E, 0x20, 0x79, 0xE0, 0x3E, 0x48, 0xF1, 0x77, 0x7B, 0xB8, 0x39,
    0xFC, 0x10, 0x12, 0x00, 0xA2, 0x59, 0x26, 0x21, 0x78, 0x9C, 0x53, 0xB8, 0xB9, 0xEE, 0xE1, 0xFF,
    0xFD, 0x3F, 0xED, 0x18, 0xFE, 0xB1, 0x33, 0xFC, 0x67, 0x21, 0x0D, 0x01, 0x00, 0x06, 0x1E, 0x16,
    0xB3,
};
const GFXglyph Roboto12Glyphs[] = {
    { 0, 0, 6, 0, 0, 8, 0 }, //  
    { 3, 19, 6, 2, 19, 22, 8 }, // !
    { 6, 6, 9, 2, 19, 24, 30 }, // "
    { 14, 19, 16, 1, 19, 119, 54 }, // #
    { 12, 25, 14, 1, 22, 123, 173 }, // $
    { 17, 19, 18, 1, 19, 138, 296 }, // %
    { 15, 19, 15, 1, 19, 139, 434 }, // &
    { 3, 6, 5, 1, 19, 12, 573 }, // '
    { 7, 27, 9, 2, 21, 87, 585 }, // (
    { 8, 27, 9, 0, 21, 97, 672 }, // )
    { 12, 11, 12, 0, 19, 64, 769 }, // *
    { 12, 14, 14, 1, 16, 25, 833 }, // +
    { 5, 7, 5, 0, 3, 30, 858 }, // ,
    { 6, 2, 8, 1, 9, 11, 888 }, // -
    { 3, 3, 6, 2, 3, 14, 899 }, // .
    { 10, 20, 10, 0, 19, 85, 913 }, // /
    { 12, 19, 14, 1, 19, 88, 998 }, // 0
    { 8, 19, 14, 2, 19, 32, 1086 }, // 1
    { 12, 19, 14, 1, 19, 97, 1118 }, // 2
    { 11, 19, 14, 1, 19, 106, 1215 }, // 3
    { 13, 19, 14, 1, 19, 78, 1321 }, // 4
    { 12, 19, 14, 2, 19, 90, 1399 }, // 5
    { 12, 19, 14, 2, 19, 113, 1489 }, // 6
    { 12, 19, 14, 1, 19, 80, 1602 }, // 7
    { 12, 19, 14, 1, 19, 118, 1682 }, // 8
    { 12, 19, 14, 1, 19, 112, 1800 }, // 9
    { 3, 14, 6, 2, 14, 21, 1912 }, // :
    { 4, 18, 5, 0, 14, 32, 1933 }, // ;
    { 10, 12, 13, 1, 14, 64, 1965 }, // <
    { 10, 7, 14, 2, 12, 17, 2029 }, // =
    { 11, 12, 14, 2, 14, 66, 2046 }, // >
    { 10, 19, 12, 1, 19, 82, 2112 }, // ?
    { 20, 24, 22, 1, 19, 213, 2194 }, // @
    { 16, 19, 16, 0, 19, 120, 2407 }, // A
    { 12, 19, 15, 2, 19, 82, 2527 }, // B
    { 14, 19, 16, 1, 19, 94, 2609 }, // C
    { 13, 19, 16, 2, 19, 80, 2703 }, // D
    { 12, 19, 14, 2, 19, 34, 2783 }, // E
    { 11, 19, 14, 2, 19, 28, 2817 }, // F
    { 14, 19, 17, 1, 19, 108, 2845 }, // G
    { 14, 19, 17, 2, 19, 25, 2953 }, // H
    { 3, 19, 6, 2, 19, 13, 2978 }, // I
    { 12, 19, 14, 1, 19, 53, 2991 }, // J
    { 14, 19, 16, 2, 19, 103, 3044 }, // K
    { 11, 19, 14, 2, 19, 20, 3147 }, // L
    { 18, 19, 22, 2, 19, 133, 3167 }, // M
    { 14, 19, 18, 2, 19, 85, 3300 }, // N
    { 15, 19, 17, 1, 19, 103, 3385 }, // O
    { 13, 19, 16, 2, 19, 65, 3488 }, // P
    { 15, 22, 17, 1, 19, 127, 3553 }, // Q
    { 13, 19, 15, 2, 19, 84, 3680 }, // R
    { 13, 19, 15, 1, 19, 119, 3764 }, // S
    { 14, 19, 15, 0, 19, 23, 3883 }, // T
    { 13, 19, 17, 2, 19, 59, 3906 }, // U
    { 16, 19, 16, 0, 19, 120, 3965 }, // V
    { 22, 19, 22, 0, 19, 178, 4085 }, // W
    { 16, 19, 16, 0, 19, 131, 4263 }, // X
    { 16, 19, 15, -1, 19, 95, 4394 }, // Y
    { 13, 19, 15, 1, 19, 51, 4489 }, // Z
    { 5, 25, 7, 2, 21, 23, 4540 }, // [
    { 11, 20, 10, 0, 19, 85, 4563 }, // <backslash>
    { 6, 25, 7, 0, 21, 24, 4648 }, // ]
    { 10, 9, 10, 0, 18, 56, 4672 }, // ^
    { 11, 2, 13, 1, 0, 15, 4728 }, // _
    { 6, 4, 8, 0, 20, 20, 4743 }, // `
    { 11, 14, 13, 1, 14, 90, 4763 }, // a
    { 12, 19, 14, 2, 19, 74, 4853 }, // b
    { 11, 14, 13, 1, 14, 72, 4927 }, // c
    { 12, 19, 14, 1, 19, 70, 4999 }, // d
    { 12, 14, 13, 1, 14, 84, 5069 }, // e
    { 8, 20, 10, 1, 20, 39, 5153 }, // f
    { 12, 19, 14, 1, 14, 95, 5192 }, // g
    { 11, 19, 14, 2, 19, 51, 5287 }, // h
    { 3, 19, 6, 2, 19, 19, 5338 }, // i
    { 6, 24, 6, -1, 19, 34, 5357 }, // j
    { 11, 19, 13, 2, 19, 75, 5391 }, // k
    { 3, 19, 6, 2, 19, 13, 5466 }, // l
    { 19, 14, 22, 2, 14, 61, 5479 }, // m
    { 11, 14, 14, 2, 14, 46, 5540 }, // n
    { 12, 14, 14, 1, 14, 79, 5586 }, // o
    { 12, 19, 14, 2, 14, 72, 5665 }, // p
    { 12, 19, 14, 1, 14, 71, 5737 }, // q
    { 7, 14, 9, 2, 14, 31, 5808 }, // r
    { 11, 14, 13, 1, 14, 92, 5839 }, // s
    { 8, 18, 8, 0, 18, 40, 5931 }, // t
    { 11, 14, 14, 2, 14, 43, 5971 }, // u
    { 12, 14, 12, 0, 14, 85, 6014 }, // v
    { 19, 14, 19, 0, 14, 136, 6099 }, // w
    { 12, 14, 12, 0, 14, 86, 6235 }, // x
    { 12, 19, 12, 0, 14, 109, 6321 }, // y
    { 11, 14, 13, 1, 14, 61, 6430 }, // z
    { 8, 26, 8, 0, 20, 90, 6491 }, // {
    { 3, 22, 6, 2, 19, 13, 6581 }, // |
    { 8, 26, 9, 0, 20, 89, 6594 }, // }
    { 14, 5, 18, 2, 10, 46, 6683 }, // ~
    { 0, 0, 6, 0, 0, 8, 6729 }, //  
    { 3, 19, 6, 2, 14, 19, 6737 }, // ¡
    { 11, 20, 13, 1, 17, 83, 6756 }, // ¢
    { 13, 19, 15, 1, 19, 77, 6839 }, // £
    { 16, 18, 18, 1, 17, 112, 6916 }, // ¤
    { 14, 19, 13, -1, 19, 90, 7028 }, // ¥
    { 3, 22, 6, 2, 19, 19, 7118 }, // ¦
    { 13, 25, 15, 1, 19, 159, 7137 }, // §
    { 8, 3, 10, 1, 19, 20, 7296 }, // ¨
    { 18, 19, 19, 0, 19, 123, 7316 }, // ©
    { 8, 10, 11, 2, 18, 51, 7439 }, // ª
    { 10, 10, 12, 1, 12, 58, 7490 }, // «
    { 11, 6, 14, 2, 10, 25, 7548 }, // ¬
    { 6, 2, 8, 1, 9, 11, 7573 }, // ­
    { 18, 19, 19, 0, 19, 141, 7584 }, // ®
    { 8, 2, 12, 2, 19, 11, 7725 }, // ¯
    { 6, 7, 10, 2, 19, 30, 7736 }, // °
    { 12, 16, 14, 1, 16, 42, 7766 }, // ±
    { 7, 10, 9, 1, 18, 51, 7808 }, // ²
    { 8, 10, 9, 1, 18, 51, 7859 }, // ³
    { 6, 4, 8, 1, 20, 20, 7910 }, // ´
    { 11, 19, 14, 2, 14, 47, 7930 }, // µ
    { 10, 19, 12, 1, 19, 48, 7977 }, // ¶
    { 3, 3, 6, 2, 11, 14, 8025 }, // ·
    { 5, 7, 6, 1, 1, 30, 8039 }, // ¸
    { 6, 10, 9, 1, 18, 23, 8069 }, // ¹
    { 9, 10, 11, 1, 18, 43, 8092 }, // º
    { 10, 10, 12, 1, 12, 57, 8135 }, // »
    { 17, 19, 18, 1, 19, 123, 8192 }, // ¼
    { 18, 19, 19, 0, 19, 136, 8315 }, // ½
    { 17, 19, 19, 1, 19, 136, 8451 }, // ¾
    { 10, 19, 12, 1, 14, 82, 8587 }, // ¿
    { 16, 24, 16, 0, 24, 136, 8669 }, // À
    { 16, 24, 16, 0, 24, 140, 8805 }, // Á
    { 16, 24, 16, 0, 24, 139, 8945 }, // Â
    { 16, 24, 16, 0, 24, 140, 9084 }, // Ã
    { 16, 23, 16, 0, 23, 135, 9224 }, // Ä
    { 16, 25, 16, 0, 25, 144, 9359 }, // Å
    { 23, 19, 24, 0, 19, 113, 9503 }, // Æ
    { 15, 24, 17, 1, 19, 124, 9616 }, // Ç
    { 12, 24, 14, 2, 24, 48, 9740 }, // È
    { 12, 24, 14, 2, 24, 52, 9788 }, // É
    { 12, 24, 14, 2, 24, 55, 9840 }, // Ê
    { 12, 23, 14, 2, 23, 50, 9895 }, // Ë
    { 6, 24, 6, -1, 24, 27, 9945 }, // Ì
    { 6, 24, 6, 1, 24, 26, 9972 }, // Í
    { 8, 24, 6, -1, 24, 31, 9998 }, // Î
    { 8, 23, 8, 0, 23, 27, 10029 }, // Ï
    { 15, 19, 17, 1, 19, 89, 10056 }, // Ð
    { 14, 24, 18, 2, 24, 114, 10145 }, // Ñ
    { 15, 24, 17, 1, 24, 116, 10259 }, // Ò
    { 15, 24, 17, 1, 24, 119, 10375 }, // Ó
    { 15, 24, 17, 1, 24, 121, 10494 }, // Ô
    { 15, 24, 17, 1, 24, 123, 10615 }, // Õ
    { 15, 23, 17, 1, 23, 119, 10738 }, // Ö
    { 12, 13, 13, 1, 15, 84, 10857 }, // ×
    { 15, 20, 17, 1, 19, 147, 10941 }, // Ø
    { 13, 24, 17, 2, 24, 76, 11088 }, // Ù
    { 13, 24, 17, 2, 24, 77, 11164 }, // Ú
    { 13, 24, 17, 2, 24, 81, 11241 }, // Û
    { 13, 23, 17, 2, 23, 79, 11322 }, // Ü
    { 16, 24, 15, -1, 24, 113, 11401 }, // Ý
    { 12, 19, 14, 2, 19, 63, 11514 }, // Þ
    { 12, 20, 15, 2, 20, 105, 11577 }, // ß
    { 11, 19, 13, 1, 19, 106, 11682 }, // à
    { 11, 19, 13, 1, 19, 109, 11788 }, // á
    { 11, 19, 13, 1, 19, 114, 11897 }, // â
    { 11, 20, 13, 1, 20, 114, 12011 }, // ã
    { 11, 19, 13, 1, 19, 109, 12125 }, // ä
    { 11, 21, 13, 1, 21, 119, 12234 }, // å
    { 20, 14, 21, 1, 14, 126, 12353 }, // æ
    { 11, 19, 13, 1, 14, 93, 12479 }, // ç
    { 12, 19, 13, 1, 19, 106, 12572 }, // è
    { 12, 19, 13, 1, 19, 108, 12678 }, // é
    { 12, 19, 13, 1, 19, 109, 12786 }, // ê
    { 12, 19, 13, 1, 19, 102, 12895 }, // ë
    { 6, 19, 6, -1, 19, 27, 12997 }, // ì
    { 7, 19, 6, 1, 19, 27, 13024 }, // í
    { 8, 19, 6, -1, 19, 31, 13051 }, // î
    { 8, 19, 6, -1, 19, 27, 13082 }, // ï
    { 12, 21, 15, 2, 21, 122, 13109 }, // ð
    { 11, 20, 14, 2, 20, 72, 13231 }, // ñ
    { 12, 19, 14, 1, 19, 97, 13303 }, // ò
    { 12, 19, 14, 1, 19, 100, 13400 }, // ó
    { 12, 19, 14, 1, 19, 103, 13500 }, // ô
    { 12, 20, 14, 1, 20, 105, 13603 }, // õ
    { 12, 19, 14, 1, 19, 99, 13708 }, // ö
    { 12, 13, 14, 1, 15, 36, 13807 }, // ÷
    { 12, 18, 14, 1, 16, 114, 13843 }, // ø
    { 11, 19, 14, 2, 19, 58, 13957 }, // ù
    { 11, 19, 14, 2, 19, 59, 14015 }, // ú
    { 11, 19, 14, 2, 19, 64, 14074 }, // û
    { 11, 19, 14, 2, 19, 58, 14138 }, // ü
    { 12, 24, 12, 0, 19, 124, 14196 }, // ý
    { 12, 24, 15, 2, 19, 74, 14320 }, // þ
    { 12, 24, 12, 0, 19, 128, 14394 }, // ÿ
    { 16, 22, 16, 0, 22, 127, 14522 }, // Ā
    { 11, 19, 13, 1, 19, 95, 14649 }, // ā
    { 16, 23, 16, 0, 23, 144, 14744 }, // Ă
    { 11, 19, 13, 1, 19, 104, 14888 }, // ă
    { 16, 24, 16, 0, 19, 139, 14992 }, // Ą
    { 11, 19, 13, 1, 14, 112, 15131 }, // ą
    { 14, 24, 16, 1, 24, 110, 15243 }, // Ć
    { 11, 19, 13, 1, 19, 87, 15353 }, // ć
    { 14, 24, 16, 1, 24, 114, 15440 }, // Ĉ
    { 11, 19, 13, 1, 19, 92, 15554 }, // ĉ
    { 14, 23, 16, 1, 23, 108, 15646 }, // Ċ
    { 11, 19, 13, 1, 19, 79, 15754 }, // ċ
    { 14, 24, 16, 1, 24, 114, 15833 }, // Č
    { 11, 19, 13, 1, 19, 87, 15947 }, // č
    { 13, 24, 16, 2, 24, 102, 16034 }, // Ď
    { 15, 19, 16, 1, 19, 93, 16136 }, // ď
    { 15, 19, 17, 1, 19, 89, 16229 }, // Đ
    { 14, 19, 15, 1, 19, 86, 16318 }, // đ
    { 12, 23, 14, 2, 23, 40, 16404 }, // Ē
    { 12, 19, 13, 1, 19, 92, 16444 }, // ē
    { 12, 23, 14, 2, 23, 55, 16536 }, // Ĕ
    { 12, 19, 13, 1, 19, 106, 16591 }, // ĕ
    { 12, 23, 14, 2, 23, 45, 16697 }, // Ė
    { 12, 19, 13, 1, 19, 95, 16742 }, // ė
    { 12, 24, 14, 2, 19, 55, 16837 }, // Ę
    { 12, 19, 13, 1, 14, 106, 16892 }, // ę
    { 12, 24, 14, 2, 24, 54, 16998 }, // Ě
    { 12, 19, 13, 1, 19, 112, 17052 }, // ě
    { 14, 24, 17, 1, 24, 130, 17164 }, // Ĝ
    { 12, 24, 14, 1, 19, 117, 17294 }, // ĝ
    { 14, 24, 17, 1, 24, 132, 17411 }, // Ğ
    { 12, 24, 14, 1, 19, 112, 17543 }, // ğ
    { 14, 23, 17, 1, 23, 120, 17655 }, // Ġ
    { 12, 24, 14, 1, 19, 106, 17775 }, // ġ
    { 14, 26, 17, 1, 19, 128, 17881 }, // Ģ
    { 12, 27, 14, 1, 22, 116, 18009 }, // ģ
    { 14, 24, 17, 2, 24, 47, 18125 }, // Ĥ
    { 11, 24, 14, 2, 24, 70, 18172 }, // ĥ
    { 18, 19, 18, 0, 19, 45, 18242 }, // Ħ
    { 13, 19, 15, 1, 19, 60, 18287 }, // ħ
    { 9, 24, 7, -1, 24, 35, 18347 }, // Ĩ
    { 9, 20, 7, -1, 20, 35, 18382 }, // ĩ
    { 8, 23, 6, -1, 23, 18, 18417 }, // Ī
    { 8, 19, 6, -1, 19, 18, 18435 }, // ī
    { 8, 23, 7, 0, 23, 30, 18453 }, // Ĭ
    { 8, 19, 7, 0, 19, 30, 18483 }, // ĭ
    { 5, 24, 7, 1, 19, 30, 18513 }, // Į
    { 5, 24, 6, 0, 19, 41, 18543 }, // į
    { 3, 23, 6, 2, 23, 20, 18584 }, // İ
    { 3, 14, 6, 2, 14, 13, 18604 }, // ı
    { 17, 19, 20, 2, 19, 65, 18617 }, // Ĳ
    { 9, 24, 12, 2, 19, 50, 18682 }, // ĳ
    { 14, 24, 14, 1, 24, 75, 18732 }, // Ĵ
    { 9, 24, 6, -2, 19, 53, 18807 }, // ĵ
    { 14, 25, 16, 2, 19, 124, 18860 }, // Ķ
    { 12, 25, 13, 2, 19, 101, 18984 }, // ķ
    { 12, 14, 14, 2, 14, 75, 19085 }, // ĸ
    { 12, 24, 14, 1, 24, 37, 19160 }, // Ĺ
    { 6, 25, 6, 1, 25, 26, 19197 }, // ĺ
    { 11, 26, 14, 2, 19, 40, 19223 }, // Ļ
    { 4, 26, 6, 1, 19, 27, 19263 }, // ļ
    { 11, 19, 14, 2, 19, 38, 19290 }, // Ľ
    { 7, 19, 8, 2, 19, 34, 19328 }, // ľ
    { 11, 19, 14, 2, 19, 33, 19362 }, // Ŀ
    { 6, 19, 9, 2, 19, 26, 19395 }, // ŀ
    { 13, 19, 14, 0, 19, 35, 19421 }, // Ł
    { 6, 19, 8, 1, 19, 29, 19456 }, // ł
    { 14, 24, 18, 2, 24, 109, 19485 }, // Ń
    { 11, 19, 14, 2, 19, 65, 19594 }, // ń
    { 14, 26, 18, 2, 19, 110, 19659 }, // Ņ
    { 11, 21, 14, 2, 14, 69, 19769 }, // ņ
    { 14, 24, 18, 2, 24, 110, 19838 }, // Ň
    { 11, 19, 14, 2, 19, 67, 19948 }, // ň
    { 13, 19, 15, 0, 19, 60, 20015 }, // ŉ
    { 14, 24, 17, 2, 19, 103, 20075 }, // Ŋ
    { 11, 19, 14, 2, 14, 65, 20178 }, // ŋ
    { 15, 23, 17, 1, 23, 109, 20243 }, // Ō
    { 12, 19, 14, 1, 19, 87, 20352 }, // ō
    { 15, 23, 17, 1, 23, 119, 20439 }, // Ŏ
    { 12, 19, 14, 1, 19, 94, 20558 }, // ŏ
    { 15, 24, 17, 1, 24, 127, 20652 }, // Ő
    { 12, 19, 14, 1, 19, 102, 20779 }, // ő
    { 21, 19, 23, 1, 19, 74, 20881 }, // Œ
    { 21, 14, 23, 1, 14, 121, 20955 }, // œ
    { 13, 24, 15, 2, 24, 105, 21076 }, // Ŕ
    { 8, 19, 9, 2, 19, 47, 21181 }, // ŕ
    { 13, 26, 15, 2, 19, 107, 21228 }, // Ŗ
    { 8, 21, 9, 1, 14, 52, 21335 }, // ŗ
    { 13, 24, 15, 2, 24, 107, 21387 }, // Ř
    { 9, 19, 9, 1, 19, 51, 21494 }, // ř
    { 13, 24, 15, 1, 24, 137, 21545 }, // Ś
    { 11, 19, 13, 1, 19, 111, 21682 }, // ś
    { 13, 24, 15, 1, 24, 138, 21793 }, // Ŝ
    { 11, 19, 13, 1, 19, 112, 21931 }, // ŝ
    { 13, 24, 15, 1, 19, 140, 22043 }, // Ş
    { 11, 19, 13, 1, 14, 113, 22183 }, // ş
    { 13, 24, 15, 1, 24, 140, 22296 }, // Š
    { 11, 19, 13, 1, 19, 112, 22436 }, // š
    { 14, 24, 15, 0, 19, 43, 22548 }, // Ţ
    { 9, 23, 10, 0, 18, 67, 22591 }, // ţ
    { 14, 24, 15, 0, 24, 48, 22658 }, // Ť
    { 10, 22, 10, 0, 22, 66, 22706 }, // ť
    { 14, 19, 15, 0, 19, 36, 22772 }, // Ŧ
    { 8, 18, 8, -1, 18, 48, 22808 }, // ŧ
    { 13, 24, 17, 2, 24, 86, 22856 }, // Ũ
    { 11, 20, 14, 2, 20, 70, 22942 }, // ũ
    { 13, 23, 17, 2, 23, 68, 23012 }, // Ū
    { 11, 19, 14, 2, 19, 50, 23080 }, // ū
    { 13, 23, 17, 2, 23, 79, 23130 }, // Ŭ
    { 11, 19, 14, 2, 19, 58, 23209 }, // ŭ
    { 13, 25, 17, 2, 25, 82, 23267 }, // Ů
    { 11, 21, 14, 2, 21, 66, 23349 }, // ů
    { 13, 24, 17, 2, 24, 84, 23415 }, // Ű
    { 11, 19, 14, 2, 19, 66, 23499 }, // ű
    { 13, 24, 17, 2, 19, 79, 23565 }, // Ų
    { 11, 19, 14, 2, 14, 62, 23644 }, // ų
    { 22, 24, 22, 0, 24, 207, 23706 }, // Ŵ
    { 19, 19, 19, 0, 19, 158, 23913 }, // ŵ
    { 16, 24, 15, -1, 24, 113, 24071 }, // Ŷ
    { 12, 24, 12, 0, 19, 130, 24184 }, // ŷ
    { 16, 23, 15, 0, 23, 106, 24314 }, // Ÿ
    { 13, 24, 15, 1, 24, 68, 24420 }, // Ź
    { 11, 19, 13, 1, 19, 75, 24488 }, // ź
    { 13, 23, 15, 1, 23, 58, 24563 }, // Ż
    { 11, 19, 13, 1, 19, 70, 24621 }, // ż
    { 13, 24, 15, 1, 24, 70, 24691 }, // Ž
    { 11, 19, 13, 1, 19, 79, 24761 }, // ž
    { 6, 20, 6, 2, 20, 25, 24840 }, // ſ
};
const UnicodeInterval Roboto12Intervals[] = {
    { 0x20, 0x7E, 0x0 },
    { 0xA0, 0xFF, 0x5F },
    { 0x100, 0x17F, 0xBF },
};
const GFXfont Roboto12 = {
    (uint8_t*)Roboto12Bitmaps,
    (GFXglyph*)Roboto12Glyphs,
    (UnicodeInterval*)Roboto12Intervals,
    3,
    1,
    29,
    24,
    -7,
};
