#pragma once
#include "epd_driver.h"
const uint8_t Roboto14Bitmaps[29463] = {
    0x78, 0x9C, 0x03, 0x00, 0x00, 0x00, 0x00, 0x01, 0x78, 0x9C, 0xFB, 0xCF, 0xF5, 0x1F, 0x0F, 0x64,
    0x00, 0x83, 0x9F, 0x2C, 0xFF, 0x39, 0x7F, 0xB2, 0x00, 0x00, 0xBE, 0x5E, 0x12, 0x8A, 0x78, 0x9C,
    0xFB, 0xCF, 0xF0, 0xFF, 0x3F, 0x18, 0xDD, 0x67, 0xB8, 0x7F, 0x9E, 0xE1, 0xFC, 0x7E, 0x86, 0xFD,
    0xF3, 0x19, 0xE6, 0x03, 0x00, 0x8F, 0xBB, 0x0C, 0x13, 0x78, 0x9C, 0x63, 0x60, 0x60, 0xF8, 0xC3,
    0xC2, 0xF0, 0x97, 0x99, 0x81, 0x81, 0xE1, 0x3F, 0x23, 0xC3, 0x7F, 0x20, 0xA5, 0xF0, 0x9E, 0xC1,
    0xE0, 0x3E, 0x90, 0x0E, 0xD8, 0xCF, 0x50, 0xB0, 0x1E, 0x48, 0x37, 0xF4, 0x33, 0x2C, 0xC8, 0x07,
    0xD2, 0x07, 0xE2, 0x19, 0x2E, 0xF8, 0x33, 0x7C, 0xF8, 0x0F, 0x01, 0x30, 0x9A, 0x81, 0xE1, 0x2B,
    0x37, 0xC3, 0x37, 0x2E, 0xA0, 0xFC, 0x0F, 0x0E, 0x86, 0x9F, 0xEC, 0x40, 0xFA, 0x37, 0x2B, 0xC3,
    0x5F, 0x16, 0x20, 0xFD, 0x8F, 0x09, 0x64, 0x22, 0x83, 0xC0, 0x7F, 0xB0, 0x71, 0x50, 0xE5, 0xFC,
    0x30, 0xDA, 0xF8, 0xF1, 0x7C, 0xE3, 0xCF, 0xF5, 0xC6, 0xCC, 0x0C, 0x0F, 0xF4, 0x19, 0x3E, 0xC8,
    0x03, 0x95, 0x7F, 0xE4, 0x67, 0xF8, 0xCC, 0x07, 0xA4, 0xBF, 0xF0, 0x30, 0x7C, 0xE3, 0x06, 0xD2,
    0xDF, 0x39, 0x21, 0xC6, 0xFD, 0x62, 0x03, 0x39, 0x90, 0x01, 0x00, 0xFC, 0x28, 0x42, 0x59, 0x78,
    0x9C, 0x63, 0x60, 0x60, 0xF8, 0xCF, 0xC5, 0x00, 0x02, 0x58, 0x28, 0x85, 0x1B, 0xFF, 0xFB, 0x19,
    0x19, 0x18, 0xBE, 0xFE, 0xFF, 0xFF, 0xDF, 0x8E, 0x41, 0xE1, 0x7F, 0x9D, 0xCB, 0xCF, 0xF7, 0x8C,
    0x0B, 0xFE, 0x33, 0x31, 0x14, 0xFC, 0x67, 0x7F, 0x70, 0x1E, 0xA4, 0x88, 0xE7, 0xC3, 0x7A, 0x20,
    0xF5, 0x87, 0x0F, 0xCC, 0x2B, 0x65, 0x5F, 0xF0, 0x9F, 0x15, 0xA4, 0xD7, 0xE0, 0xFF, 0x7C, 0x46,
    0x10, 0xFD, 0xED, 0xFF, 0x7E, 0x16, 0x10, 0xF7, 0xCF, 0xFF, 0xFB, 0x60, 0xFA, 0xE7, 0xFF, 0x7A,
    0xB0, 0xD9, 0xDF, 0xFF, 0x83, 0xB8, 0x0C, 0x0E, 0xFF, 0xB9, 0xD3, 0x58, 0xC0, 0xDA, 0xFF, 0x71,
    0x03, 0xA9, 0x5F, 0xFC, 0x7F, 0xF8, 0x81, 0xD4, 0x5F, 0xDE, 0xEF, 0xF3, 0x19, 0x80, 0x36, 0x70,
    0x5E, 0xF8, 0x5F, 0x53, 0xF6, 0xE7, 0x3F, 0x93, 0xC2, 0x5F, 0xA0, 0xED, 0x7E, 0x0C, 0x0C, 0x09,
    0xAF, 0xFF, 0xD7, 0x80, 0x4D, 0x7D, 0x0F, 0x36, 0x03, 0x46, 0x55, 0x00, 0x31, 0x00, 0x39, 0x6D,
    0x3F, 0x5B, 0x78, 0x9C, 0x35, 0x8D, 0xB1, 0x0E, 0x82, 0x40, 0x10, 0x44, 0x07, 0x31, 0x7A, 0x4A,
    0xC4, 0x0B, 0x9D, 0x9D, 0xBD, 0x85, 0x14, 0x96, 0x26, 0xF2, 0x0F, 0xD4, 0x56, 0xF6, 0xFC, 0xAA,
    0x96, 0x74, 0x78, 0xA5, 0x15, 0x2A, 0x16, 0x70, 0xC8, 0xAD, 0xCB, 0x82, 0x53, 0xBD, 0xCD, 0x9B,
    0xCC, 0xEA, 0x47, 0xB9, 0x81, 0xC4, 0x10, 0x95, 0x9E, 0x90, 0x3D, 0xA7, 0xDD, 0x12, 0x9A, 0xC9,
    0x4D, 0xF0, 0x0E, 0x61, 0x02, 0x80, 0x80, 0xE7, 0x1A, 0x76, 0xC6, 0xE4, 0xE1, 0x15, 0x26, 0x57,
    0xB6, 0xED, 0x6E, 0xDB, 0x06, 0x66, 0xCF, 0x54, 0x11, 0x91, 0x6F, 0xE7, 0x4C, 0xF1, 0x97, 0x8E,
    0x22, 0x01, 0x1D, 0x41, 0xE4, 0xB0, 0xA9, 0x46, 0x48, 0x0A, 0xE4, 0x85, 0x1C, 0xF7, 0xD3, 0x8D,
    0xA8, 0xE8, 0xA9, 0x51, 0x75, 0x76, 0x71, 0x4A, 0x64, 0x37, 0xC5, 0x67, 0xD5, 0xCB, 0xF1, 0x25,
    0x9A, 0xC5, 0x48, 0x31, 0x77, 0x3B, 0x1F, 0x15, 0xDB, 0x03, 0x50, 0x67, 0xA9, 0x1B, 0x36, 0xFF,
    0x2B, 0x9C, 0xBC, 0x54, 0xF8, 0x01, 0x64, 0x6C, 0x3F, 0xBA, 0x78, 0x9C, 0x2D, 0xCE, 0xCD, 0x09,
    0xC2, 0x40, 0x10, 0x05, 0xE0, 0xE7, 0x0A, 0xE2, 0x1F, 0xC1, 0x06, 0xC4, 0x74, 0xA0, 0x1D, 0x28,
    0x68, 0x01, 0xDE, 0x3D, 0x58, 0xC2, 0x56, 0x20, 0x36, 0x20, 0xA4, 0x03, 0x93, 0x0E, 0x62, 0x07,
    0xE2, 0xC5, 0x6B, 0x12, 0xAC, 0xC0, 0xB3, 0x87, 0x48, 0x50, 0x43, 0x92, 0x35, 0xCF, 0x9D, 0xE0,
    0x5C, 0xE6, 0x83, 0x19, 0xDE, 0x0C, 0x70, 0xAD, 0x77, 0x90, 0x3A, 0x91, 0x1C, 0x0A, 0x3E, 0xD1,
    0xAA, 0xF2, 0x04, 0xC6, 0x41, 0x9C, 0x0A, 0x38, 0x40, 0xC0, 0x3F, 0xE2, 0x48, 0x50, 0x4D, 0x50,
    0x6C, 0x05, 0xAF, 0xF0, 0xC2, 0xAE, 0x20, 0x20, 0x75, 0x93, 0xE3, 0x92, 0xED, 0x06, 0x37, 0x52,
    0x49, 0x5F, 0xF0, 0xC8, 0x31, 0x9E, 0x3E, 0xB2, 0x54, 0xE5, 0x67, 0x64, 0x1E, 0xCA, 0xB9, 0x5D,
    0xEF, 0xBD, 0x35, 0x6A, 0x7B, 0xD0, 0xE8, 0x72, 0x0A, 0xF6, 0x81, 0x3B, 0x6D, 0xFC, 0xD7, 0x01,
    0x66, 0x92, 0x90, 0xEF, 0x81, 0x11, 0xD9, 0x42, 0xC2, 0xCD, 0xB2, 0x90, 0x91, 0x6B, 0xEC, 0x87,
    0xBE, 0xF1, 0x81, 0xF5, 0x83, 0x07, 0x95, 0xB0, 0xF3, 0x03, 0x4C, 0x6A, 0x4C, 0x21, 0x78, 0x9C,
    0xFB, 0xFF, 0x1F, 0x0C, 0x00, 0x1B, 0xEB, 0x06, 0xFA, 0x78, 0x9C, 0x45, 0x8D, 0xC1, 0x0D, 0x40,
    0x40, 0x10, 0x45, 0x9F, 0xC4, 0xC9, 0x8A, 0x2B, 0x17, 0xA1, 0x23, 0x25, 0xD0, 0x01, 0x9D, 0x50,
    0x82, 0x12, 0x94, 0xA4, 0x83, 0x4D, 0xD6, 0x41, 0xB2, 0x09, 0x6B, 0xFE, 0xC9, 0x61, 0x92, 0x99,
    0x3F, 0xFF, 0xBF, 0x0F, 0x34, 0x70, 0xCC, 0x10, 0x5B, 0x16, 0x9F, 0x11, 0x46, 0x5B, 0x1D, 0x7D,
    0xCA, 0xD9, 0x3C, 0x9C, 0x2B, 0x5C, 0x03, 0xDC, 0x9D, 0xC9, 0x15, 0x3C, 0x25, 0xBC, 0x0E, 0x52,
    0xF1, 0x8F, 0x6E, 0xE9, 0xFA, 0xCB, 0x27, 0xBF, 0x72, 0xCA, 0x8B, 0x23, 0x1E, 0xC1, 0xC4, 0xC9,
    0xF8, 0x44, 0x73, 0xEE, 0xD6, 0x47, 0xFD, 0x01, 0x6D, 0x3A, 0x21, 0xE8, 0x78, 0x9C, 0x25, 0x8D,
    0xD1, 0x0D, 0x40, 0x40, 0x10, 0x44, 0x1F, 0x22, 0xB9, 0x44, 0xD4, 0xA0, 0x0A, 0xFF, 0x7E, 0x7C,
    0x6B, 0x41, 0x27, 0x4A, 0x50, 0x02, 0x1D, 0xD0, 0x89, 0x56, 0x38, 0x42, 0x82, 0x38, 0x73, 0x7C,
    0x6C, 0x36, 0x6F, 0x66, 0x76, 0xA7, 0x04, 0xEE, 0x18, 0xD6, 0x0A, 0x6A, 0x17, 0xC2, 0x95, 0x80,
    0x15, 0x8C, 0x13, 0x14, 0x2E, 0x02, 0x67, 0x24, 0xA6, 0x70, 0x64, 0xB0, 0xC9, 0xB0, 0x0D, 0x2C,
    0x2D, 0xCC, 0x9D, 0x66, 0xF8, 0xB7, 0x67, 0xAF, 0x7B, 0x7F, 0x57, 0xEE, 0x54, 0xFE, 0x31, 0xDF,
    0x7D, 0xAF, 0x3F, 0x8B, 0xE4, 0x33, 0x11, 0x06, 0x5F, 0xCF, 0xA5, 0xBE, 0x5C, 0xBD, 0x2F, 0x13,
    0x9A, 0x25, 0x0B, 0x78, 0x9C, 0x63, 0x60, 0xF8, 0xB0, 0x9E, 0x01, 0x04, 0x90, 0xA9, 0x60, 0x10,
    0x15, 0xC0, 0xF0, 0x73, 0xDE, 0xE7, 0xF5, 0x4B, 0xFE, 0x33, 0xFD, 0xFC, 0x0F, 0x02, 0x2C, 0x0C,
    0x53, 0xFE, 0xFD, 0x9F, 0xC7, 0xC2, 0xC0, 0x20, 0xF0, 0xEF, 0x3F, 0x3B, 0x50, 0xCD, 0x81, 0xFB,
    0x3F, 0xED, 0x81, 0xD4, 0x77, 0xFB, 0x0B, 0xF7, 0x19, 0x18, 0x0C, 0xFE, 0xB3, 0x2B, 0xFC, 0xE7,
    0x64, 0x60, 0x38, 0xC9, 0xC0, 0xF0, 0x8C, 0x05, 0x6C, 0x8E, 0x00, 0x03, 0x03, 0x00, 0x58, 0xCF,
    0x21, 0x1A, 0x78, 0x9C, 0x63, 0x60, 0x60, 0xE8, 0x60, 0x65, 0x00, 0x83, 0xFF, 0x5C, 0x44, 0xD0,
    0xC6, 0xC6, 0xC6, 0xFF, 0x6D, 0x8D, 0x8D, 0x19, 0xFF, 0x43, 0x00, 0x07, 0x8C, 0x26, 0x56, 0x3F,
    0x12, 0x0D, 0xB6, 0x17, 0x00, 0x5A, 0x02, 0x1C, 0xBC, 0x78, 0x9C, 0x63, 0xF8, 0xCF, 0xC5, 0x00,
    0x42, 0x9C, 0x0A, 0xFF, 0xD9, 0x0B, 0xFE, 0x33, 0x5D, 0x58, 0xCF, 0xF0, 0x48, 0x96, 0x41, 0x80,
    0x91, 0x01, 0x00, 0x71, 0x53, 0x08, 0x41, 0x78, 0x9C, 0x33, 0x36, 0x36, 0x66, 0xFE, 0xFF, 0xFF,
    0x3F, 0x3F, 0x08, 0x03, 0x00, 0x24, 0xF6, 0x06, 0xB5, 0x78, 0x9C, 0xFB, 0xC9, 0xF1, 0x9F, 0xFF,
    0x27, 0x27, 0x00, 0x0C, 0x28, 0x03, 0x12, 0x78, 0x9C, 0x63, 0x60, 0x60, 0x60, 0xF8, 0xC2, 0x0F,
    0x24, 0x18, 0x7E, 0x71, 0x82, 0xC8, 0xFF, 0xCC, 0x40, 0x22, 0xE1, 0x3E, 0x88, 0x79, 0xA0, 0x1E,
    0x44, 0x7E, 0x92, 0x07, 0x91, 0x3F, 0xB8, 0x41, 0xE4, 0x3F, 0x56, 0x20, 0xE1, 0xF0, 0x1F, 0xC4,
    0x5C, 0x30, 0x1F, 0x44, 0x7E, 0xB0, 0x07, 0x91, 0xDF, 0x78, 0x41, 0xE4, 0x1F, 0x76, 0x20, 0xA1,
    0xF0, 0x9F, 0x11, 0x48, 0x36, 0xEC, 0x07, 0x09, 0x3C, 0x88, 0x67, 0x40, 0x35, 0x5C, 0x00, 0xAF,
    0xE1, 0x00, 0xF3, 0x6E, 0x19, 0x99, 0x78, 0x9C, 0x63, 0x48, 0x78, 0xFD, 0x3E, 0x9A, 0x81, 0x81,
    0xE1, 0xF7, 0xFF, 0xFF, 0xFF, 0xB9, 0x19, 0x26, 0xFC, 0x8F, 0x09, 0xFE, 0x33, 0x9F, 0xE1, 0xE3,
    0x79, 0x06, 0x86, 0x0D, 0xFF, 0x19, 0xBF, 0xDB, 0x33, 0x30, 0x18, 0xFC, 0x67, 0xFF, 0xCD, 0x07,
    0x94, 0xFF, 0xC7, 0xFD, 0x97, 0x07, 0x48, 0xFD, 0xE1, 0xFD, 0xC7, 0x05, 0xA4, 0x7E, 0xF1, 0xFF,
    0x27, 0x96, 0xE2, 0x83, 0xEA, 0xFB, 0xCD, 0x0F, 0x32, 0x85, 0xEB, 0xBB, 0x3F, 0xC8, 0x4C, 0x36,
    0x90, 0x0D, 0x07, 0xFE, 0x33, 0x36, 0xFC, 0x8F, 0x0D, 0xFE, 0xD3, 0x0F, 0xB3, 0x9D, 0x21, 0x00,
    0xEC, 0x16, 0x00, 0x1D, 0xAA, 0x37, 0x4F, 0x78, 0x9C, 0x63, 0x60, 0x60, 0xD8, 0xCA, 0xC5, 0x60,
    0xF0, 0xF3, 0x3F, 0x57, 0xE1, 0xDF, 0xFF, 0xFF, 0xB9, 0x7E, 0xFC, 0xAF, 0xFD, 0xCF, 0xF5, 0xC2,
    0x82, 0xE1, 0x3F, 0x17, 0x23, 0x03, 0x90, 0x60, 0xA0, 0x1E, 0x01, 0x00, 0xDC, 0xBA, 0x1C, 0x9F,
    0x78, 0x9C, 0x63, 0x08, 0xB8, 0xFD, 0xBE, 0x87, 0x91, 0x41, 0xE0, 0xF7, 0xFF, 0xFF, 0xFF, 0xFD,
    0x19, 0x36, 0xFC, 0x8F, 0x71, 0xFE, 0xF5, 0x9F, 0xE9, 0xEB, 0x7C, 0x06, 0x86, 0x82, 0xFF, 0x9C,
    0xBF, 0xF9, 0x19, 0x18, 0x18, 0xFE, 0xF1, 0xFD, 0xE3, 0x06, 0x52, 0xBF, 0xF8, 0xD3, 0x58, 0x80,
    0xD4, 0x6F, 0x3E, 0x06, 0x10, 0xF8, 0xC7, 0x09, 0x22, 0x0B, 0xFE, 0x33, 0x81, 0xA8, 0xCF, 0xEB,
    0x41, 0xA4, 0xC0, 0x3F, 0x39, 0x10, 0x75, 0xF1, 0x3F, 0x33, 0x88, 0xFA, 0x13, 0x0F, 0x22, 0x37,
    0xFC, 0x67, 0x07, 0x51, 0xBF, 0xFB, 0x41, 0xE4, 0x82, 0xFF, 0x60, 0x4D, 0x3F, 0xC1, 0xAA, 0x1B,
    0xFE, 0x83, 0x0C, 0x65, 0xF8, 0xFE, 0xDE, 0xC4, 0x18, 0x08, 0xFE, 0xA3, 0x00, 0x00, 0x49, 0x34,
    0x35, 0x55, 0x78, 0x9C, 0x63, 0x28, 0x78, 0xF3, 0x3E, 0x9B, 0x81, 0xC1, 0xE0, 0xDF, 0xFF, 0xFF,
    0xFF, 0x75, 0x19, 0x1E, 0xFD, 0xF7, 0x0C, 0xFE, 0x75, 0x9F, 0xE1, 0xA7, 0x3F, 0x03, 0x43, 0xC3,
    0x7F, 0xD6, 0x7F, 0x3C, 0x0C, 0x0C, 0x02, 0xFF, 0x39, 0x5C, 0x98, 0x19, 0x18, 0x18, 0xFE, 0x73,
    0x02, 0x09, 0x06, 0x83, 0xFF, 0x6C, 0x20, 0xEA, 0xD2, 0x7B, 0x20, 0xD1, 0xBE, 0xE3, 0xBF, 0x1D,
    0x48, 0xE2, 0xFF, 0x7B, 0x46, 0x20, 0x75, 0xE7, 0x2D, 0x98, 0xC7, 0xC0, 0xF0, 0xE4, 0x3F, 0x13,
    0x44, 0x25, 0x58, 0x03, 0xC3, 0x1F, 0x5E, 0x30, 0xF5, 0x8B, 0xFF, 0x3F, 0x37, 0x90, 0xFA, 0xCD,
    0xF7, 0x87, 0x0F, 0x48, 0xFD, 0xE3, 0xF9, 0x5E, 0xCF, 0xC0, 0x50, 0xF0, 0x9F, 0xED, 0xC2, 0xFF,
    0x68, 0x90, 0x7D, 0x0A, 0x7F, 0x81, 0xB6, 0xCB, 0x30, 0x30, 0x24, 0xBC, 0x06, 0xB9, 0x05, 0x00,
    0x46, 0xAA, 0x34, 0x79, 0x78, 0x9C, 0x63, 0x60, 0x60, 0x60, 0x28, 0xF8, 0xCF, 0xC5, 0x00, 0x02,
    0x9F, 0xA0, 0xF4, 0x1F, 0x08, 0x5D, 0xF0, 0x1F, 0x42, 0x7F, 0xAA, 0x87, 0xD0, 0xBF, 0x79, 0xC0,
    0x74, 0xC2, 0x7F, 0x66, 0x30, 0xFD, 0xB0, 0x9F, 0x01, 0x4C, 0xFF, 0xE2, 0x05, 0xD3, 0x01, 0xFF,
    0x59, 0xC0, 0xF4, 0xC3, 0xF9, 0x0C, 0x60, 0xFA, 0xA7, 0x1C, 0x98, 0x76, 0xF8, 0xCF, 0x0A, 0xA6,
    0x2F, 0x9C, 0x37, 0x36, 0x36, 0xFE, 0x6F, 0x2B, 0xFC, 0xFD, 0x3F, 0x18, 0xF4, 0xFF, 0x80, 0xD2,
    0x60, 0x0B, 0xA1, 0xF6, 0xE2, 0xA3, 0x01, 0xEE, 0x59, 0x34, 0x77, 0x78, 0x9C, 0x63, 0xF8, 0xF5,
    0x1F, 0x08, 0xF8, 0x19, 0xFE, 0x40, 0xA8, 0xBF, 0x56, 0xC6, 0xC6, 0xC6, 0xCC, 0x0C, 0xFF, 0xD9,
    0x19, 0x80, 0x40, 0xE0, 0x3F, 0x2B, 0x88, 0x52, 0xF8, 0xCF, 0x02, 0xA2, 0x1C, 0xFE, 0x33, 0x81,
    0xA8, 0x84, 0xFF, 0xDB, 0xFE, 0xAD, 0x63, 0x66, 0x28, 0x00, 0xA9, 0xEF, 0x67, 0x98, 0xF0, 0x3F,
    0xC6, 0xF9, 0xC7, 0x7F, 0x36, 0x81, 0x54, 0x06, 0x06, 0x83, 0xFF, 0x7C, 0x20, 0x79, 0x86, 0x1F,
    0xFE, 0x60, 0xEA, 0x53, 0x3F, 0x98, 0xFA, 0x30, 0x1F, 0x4A, 0x3D, 0xB1, 0x03, 0x0B, 0x7E, 0xAA,
    0x07, 0x52, 0xDF, 0xFD, 0x0F, 0xBC, 0x67, 0x62, 0x50, 0xF8, 0xC7, 0x67, 0xF0, 0xBF, 0xDE, 0xE4,
    0x39, 0xD0, 0x96, 0xAF, 0x40, 0xC3, 0x80, 0x12, 0x02, 0x37, 0xFE, 0xCF, 0x65, 0x66, 0x00, 0x00,
    0x28, 0x25, 0x37, 0xDC, 0x78, 0x9C, 0x1D, 0xCC, 0x31, 0x0E, 0x01, 0x51, 0x18, 0xC4, 0xF1, 0x3F,
    0xB2, 0x05, 0x1B, 0xD6, 0x11, 0x36, 0x0E, 0x20, 0x1A, 0x8D, 0x66, 0xDD, 0x41, 0xA9, 0x70, 0x03,
    0x5C, 0x44, 0xB8, 0x81, 0x23, 0xAC, 0x6B, 0x38, 0x85, 0x8D, 0x4E, 0xF5, 0x1A, 0x84, 0x7D, 0xF6,
    0x8D, 0xEF, 0x6D, 0x33, 0xBF, 0x64, 0x32, 0x19, 0x98, 0x5D, 0x03, 0x30, 0xF6, 0x92, 0x71, 0xD7,
    0x61, 0x6E, 0x34, 0x3B, 0x0B, 0xF6, 0x4A, 0x22, 0x55, 0x19, 0x93, 0x67, 0xC1, 0xC4, 0xF8, 0x4C,
    0x6B, 0x95, 0x5D, 0xBC, 0x93, 0x54, 0xD0, 0x68, 0x91, 0x7F, 0x6F, 0x84, 0x23, 0x9C, 0x94, 0x28,
    0x83, 0x5C, 0x69, 0x84, 0x66, 0xA4, 0x81, 0xE1, 0xB3, 0x90, 0xB6, 0xD4, 0x6D, 0x39, 0x7C, 0x6D,
    0xE2, 0xA4, 0x5F, 0xB9, 0x0E, 0x17, 0xF5, 0x96, 0xDA, 0xAE, 0x7E, 0x67, 0x78, 0xDB, 0x99, 0xCD,
    0xF2, 0x87, 0x5B, 0xC3, 0x1F, 0x79, 0xB2, 0x38, 0x21, 0x78, 0x9C, 0xFB, 0xFF, 0x1F, 0x19, 0x18,
    0x83, 0xC0, 0xE7, 0x7E, 0x06, 0x10, 0xF8, 0xA6, 0x0F, 0xA6, 0xFE, 0x72, 0x81, 0x48, 0x87, 0xFF,
    0xCC, 0x20, 0x6A, 0xC3, 0x79, 0xB0, 0xD8, 0xE7, 0x78, 0x30, 0xF5, 0x8B, 0x0F, 0x44, 0x2A, 0xFC,
    0x67, 0x07, 0x51, 0x13, 0xFE, 0x33, 0x82, 0xA8, 0x8F, 0xF3, 0xC1, 0x52, 0xDF, 0x21, 0x9A, 0xFF,
    0x71, 0x83, 0xC8, 0x84, 0xFF, 0x2C, 0x20, 0xEA, 0xC2, 0x7D, 0xB0, 0xD8, 0x97, 0x7C, 0x30, 0xF5,
    0x07, 0xAC, 0xD9, 0xE0, 0x3F, 0x07, 0x88, 0x5A, 0x00, 0xD1, 0xFC, 0x69, 0x3D, 0x88, 0x04, 0x00,
    0x8F, 0x1C, 0x28, 0x27, 0x78, 0x9C, 0x25, 0x8E, 0x4D, 0x0E, 0xC1, 0x60, 0x00, 0x44, 0x1F, 0x09,
    0xF5, 0x53, 0xAD, 0x03, 0x90, 0xB8, 0x80, 0xE8, 0x09, 0x38, 0x44, 0x77, 0x6C, 0xEC, 0x5D, 0xC2,
    0xCA, 0x4E, 0x7A, 0x04, 0x6E, 0xC2, 0x0D, 0xDA, 0x03, 0x48, 0x2A, 0xB6, 0x16, 0x8D, 0x05, 0x45,
    0xDB, 0x6F, 0x7C, 0xD1, 0xD5, 0x5B, 0xCC, 0xBC, 0xCC, 0xB0, 0xBE, 0x67, 0x1B, 0x98, 0x54, 0x92,
    0xC6, 0x24, 0x5A, 0x85, 0x65, 0xCA, 0xF3, 0x00, 0x47, 0xB5, 0xDE, 0x33, 0x1B, 0xA8, 0xF3, 0xF1,
    0x01, 0x75, 0x5F, 0x0B, 0x08, 0xD4, 0xBE, 0x9E, 0xE0, 0x9C, 0x11, 0x98, 0xFD, 0xCE, 0xCC, 0xE1,
    0x21, 0x65, 0x0D, 0x86, 0x65, 0x7C, 0xD1, 0x88, 0x24, 0x6D, 0x72, 0x8B, 0xC9, 0xFF, 0x4D, 0xA7,
    0x1A, 0x58, 0xAF, 0x72, 0xD5, 0xB3, 0xF8, 0xFA, 0xA6, 0x6F, 0x51, 0x78, 0xA5, 0x67, 0x61, 0xDC,
    0x3C, 0x82, 0xAD, 0x9C, 0x44, 0xCB, 0xB0, 0x48, 0xEB, 0xF5, 0x29, 0xD4, 0x5F, 0x7E, 0xEA, 0x61,
    0x40, 0x18, 0x78, 0x9C, 0x1D, 0x8B, 0x41, 0x0A, 0x82, 0x50, 0x18, 0x84, 0x27, 0xB0, 0x04, 0xF5,
    0xA5, 0x37, 0xC9, 0x75, 0x08, 0xAE, 0xDD, 0x75, 0x80, 0xA0, 0xA0, 0x0B, 0xB8, 0xE8, 0x3E, 0x7A,
    0x83, 0x6E, 0xA0, 0x9E, 0x24, 0x70, 0xED, 0x42, 0xA1, 0x36, 0xF5, 0xFA, 0x9D, 0xFE, 0xF7, 0x36,
    0xF3, 0xC1, 0xCC, 0x7C, 0x38, 0x4D, 0xF3, 0x11, 0x80, 0x25, 0x19, 0xA2, 0xE5, 0xF9, 0xB6, 0x5E,
    0xF0, 0xEA, 0x81, 0x71, 0xC6, 0xA7, 0x04, 0xAE, 0xDC, 0x8A, 0xD1, 0x9D, 0x11, 0x63, 0xC5, 0xCF,
    0x78, 0x48, 0xBA, 0xFA, 0x32, 0xFD, 0x1E, 0x3C, 0xDE, 0x2A, 0xB4, 0xDC, 0x0F, 0xAA, 0x0B, 0x4D,
    0x26, 0x64, 0x63, 0x13, 0xD4, 0xD2, 0x05, 0x12, 0xE9, 0x01, 0x19, 0x77, 0x0E, 0x35, 0x37, 0x0E,
    0xE3, 0xC3, 0x65, 0x2E, 0xEA, 0xE6, 0x77, 0xCB, 0x00, 0x58, 0xC8, 0x42, 0xAB, 0xE5, 0x59, 0x69,
    0xFE, 0x01, 0x3A, 0xBE, 0x37, 0xEB, 0x78, 0x9C, 0xFB, 0xC9, 0xF1, 0x9F, 0xFF, 0x27, 0x27, 0x03,
    0x16, 0xF0, 0x13, 0x2C, 0x03, 0x00, 0x68, 0x1E, 0x06, 0x23, 0x78, 0x9C, 0x9B, 0xD0, 0xFF, 0xE1,
    0xFF, 0x84, 0xF9, 0x0C, 0x18, 0x20, 0xA0, 0x63, 0xC1, 0xFF, 0x05, 0xFF, 0x37, 0xBC, 0x7F, 0xB0,
    0xFE, 0x8B, 0xFF, 0x1F, 0xEE, 0xC5, 0x0C, 0x00, 0xFB, 0xB3, 0x0E, 0x6F, 0x78, 0x9C, 0x63, 0x60,
    0x00, 0x82, 0x74, 0x20, 0x16, 0x78, 0xD1, 0x0F, 0x24, 0x7E, 0xFC, 0xAF, 0x67, 0x50, 0xF8, 0xF9,
    0xFF, 0x3C, 0xAB, 0xC2, 0xAF, 0xFF, 0xF3, 0x99, 0x18, 0x7E, 0xFF, 0xAF, 0x65, 0x64, 0x60, 0xF8,
    0x9F, 0x0F, 0x52, 0xF4, 0xFF, 0xBF, 0x25, 0x90, 0x4C, 0xF8, 0xFB, 0x3F, 0x06, 0x48, 0x05, 0xFC,
    0xF9, 0xDF, 0x07, 0x94, 0x71, 0xF8, 0x03, 0x96, 0x33, 0xF8, 0xDD, 0x0F, 0x52, 0x61, 0x50, 0xC5,
    0x00, 0x06, 0x00, 0xB6, 0x2D, 0x1A, 0xD8, 0x78, 0x9C, 0x33, 0x36, 0x06, 0x81, 0xFF, 0x48, 0x80,
    0x01, 0x03, 0x18, 0x63, 0xA8, 0x01, 0x00, 0x9A, 0x1E, 0x1A, 0x4D, 0x78, 0x9C, 0xF3, 0x66, 0x00,
    0x81, 0xFF, 0xB1, 0x60, 0xF2, 0x7F, 0x1D, 0x90, 0x4C, 0xF8, 0xFB, 0xBF, 0x9F, 0x91, 0x81, 0xC1,
    0xE0, 0xE7, 0xFF, 0xF9, 0x4C, 0x0C, 0x0C, 0x02, 0xD7, 0xFE, 0xEF, 0x07, 0xC9, 0x7D, 0xFD, 0x0F,
    0x24, 0xB6, 0xFC, 0xFF, 0xCF, 0x20, 0x70, 0xFD, 0xFF, 0x79, 0x56, 0x83, 0x5F, 0xFF, 0xF7, 0x33,
    0x33, 0xFC, 0x05, 0xAB, 0x00, 0xAB, 0x66, 0xA8, 0x63, 0x40, 0x00, 0x00, 0xD8, 0xEB, 0x1B, 0x72,
    0x78, 0x9C, 0x63, 0x98, 0xF4, 0xF7, 0xBE, 0x04, 0x43, 0xC2, 0xFF, 0xFF, 0xFF, 0xDF, 0x33, 0x7F,
    0x79, 0x6F, 0x3E, 0xE5, 0x3F, 0xDF, 0x6F, 0x7D, 0x06, 0x86, 0x1F, 0xF1, 0xFF, 0xB8, 0x19, 0x18,
    0x3E, 0xF6, 0x33, 0x00, 0xC1, 0x87, 0xF9, 0x20, 0xF2, 0x53, 0x3D, 0x88, 0x04, 0xC9, 0x31, 0x14,
    0xFC, 0xE7, 0x02, 0x92, 0xDF, 0xEE, 0x03, 0x89, 0x80, 0xFF, 0xB2, 0x20, 0xB9, 0xF7, 0x8C, 0x40,
    0xF2, 0x97, 0x3D, 0x48, 0xC5, 0x3F, 0x5E, 0x10, 0x09, 0x56, 0x81, 0x05, 0xFC, 0x64, 0x01, 0xCB,
    0x72, 0xC2, 0xD8, 0x00, 0xA9, 0xEF, 0x20, 0xB0, 0x78, 0x9C, 0x45, 0x90, 0x4F, 0x4A, 0xC3, 0x70,
    0x10, 0x85, 0xBF, 0x26, 0x95, 0xB6, 0x69, 0x93, 0x06, 0x17, 0x82, 0xB7, 0xE8, 0xC2, 0xA5, 0x90,
    0x82, 0xE0, 0x52, 0x6F, 0x20, 0x2E, 0x74, 0xE3, 0x46, 0x3C, 0x81, 0xEE, 0x45, 0xEA, 0x0D, 0xB4,
    0x27, 0x68, 0x77, 0xDD, 0x19, 0x6F, 0xD0, 0xDC, 0xC0, 0xAA, 0x2B, 0x11, 0x6C, 0x4D, 0x21, 0xA6,
    0xF9, 0x37, 0xCE, 0xCF, 0x42, 0x7D, 0xAB, 0x8F, 0x99, 0x37, 0x6F, 0x86, 0x01, 0xFC, 0x49, 0x35,
    0xBF, 0xB5, 0x30, 0xF2, 0x57, 0xA2, 0x0A, 0x6B, 0x86, 0xDF, 0x65, 0x74, 0x78, 0x30, 0x91, 0x23,
    0xC5, 0x9E, 0x0C, 0x4C, 0x65, 0x28, 0x36, 0xBC, 0x4A, 0xFD, 0xCF, 0x9A, 0xBA, 0x90, 0x1F, 0xEB,
    0xC8, 0x36, 0x3C, 0x5E, 0xD3, 0x97, 0x16, 0x7E, 0x26, 0xFB, 0xF8, 0x73, 0x9E, 0xA5, 0xA6, 0x36,
    0x91, 0x06, 0x99, 0x1D, 0x3F, 0x40, 0x71, 0xE2, 0x2B, 0x27, 0x8D, 0x9F, 0x80, 0x53, 0x8D, 0xC8,
    0xB6, 0x88, 0x9D, 0xAC, 0x4B, 0xA4, 0xAD, 0xBC, 0xCE, 0xC2, 0x2D, 0x3B, 0xC4, 0x01, 0x94, 0x16,
    0x33, 0xAF, 0x6A, 0x93, 0x78, 0x50, 0xD5, 0x98, 0x75, 0xC5, 0x61, 0xD5, 0x06, 0x81, 0xC8, 0x70,
    0xDE, 0x32, 0xE1, 0x2C, 0x8C, 0x47, 0xB9, 0xFF, 0x02, 0xDF, 0x9D, 0xD2, 0x25, 0x77, 0x18, 0x4F,
    0x21, 0x69, 0x6A, 0x66, 0xEA, 0x11, 0x6B, 0xBD, 0xB0, 0x74, 0xD7, 0x32, 0x3C, 0xFB, 0x12, 0xFB,
    0x7E, 0xC4, 0x72, 0xC0, 0x58, 0x24, 0x48, 0xA7, 0x55, 0x87, 0x48, 0x13, 0x3E, 0x42, 0xEB, 0xA6,
    0xBA, 0x43, 0x8F, 0x69, 0xB2, 0x51, 0x71, 0xF9, 0xCF, 0x6F, 0xB2, 0xBB, 0xE1, 0x5E, 0x25, 0x17,
    0x7B, 0xE7, 0xD9, 0xFA, 0x3F, 0x43, 0xF3, 0x9E, 0xB9, 0xBD, 0xEE, 0x5C, 0x7D, 0xCA, 0xD3, 0x8E,
    0x81, 0x5F, 0xA7, 0x2C, 0x72, 0xBC, 0x78, 0x9C, 0x63, 0x60, 0x60, 0x60, 0xF8, 0xCF, 0xC7, 0x00,
    0x01, 0x0E, 0xFF, 0xFD, 0xA1, 0xAC, 0x05, 0xFF, 0xF7, 0x43, 0x59, 0x1F, 0xDE, 0xFF, 0x67, 0x84,
    0xB0, 0xBE, 0xD9, 0xFF, 0xE7, 0x80, 0xB0, 0xFE, 0x70, 0xFF, 0x86, 0x68, 0x51, 0xF8, 0xCF, 0xF6,
    0x15, 0xA2, 0xA5, 0xE0, 0x3F, 0xC3, 0x03, 0x88, 0x96, 0x0B, 0xFB, 0x19, 0x1A, 0xFE, 0x33, 0x81,
    0x58, 0x9F, 0xE3, 0x81, 0x0A, 0xC0, 0x5A, 0x7E, 0xF2, 0x03, 0x35, 0x81, 0xB5, 0xFC, 0xE3, 0x02,
    0x1A, 0x14, 0x0F, 0x64, 0x04, 0xFC, 0x67, 0x05, 0x1A, 0xBE, 0x1F, 0x6C, 0x17, 0x18, 0x00, 0xB5,
    0x7C, 0x84, 0xB0, 0x80, 0x5A, 0xBE, 0xCD, 0x77, 0x01, 0x02, 0x90, 0xC3, 0x20, 0xDA, 0xBE, 0x81,
    0x8C, 0xE2, 0x04, 0xBB, 0xE7, 0x3C, 0xD0, 0x78, 0x16, 0x88, 0x1B, 0x99, 0x2E, 0xBC, 0x07, 0x5B,
    0x69, 0xF0, 0x9F, 0xF3, 0xF3, 0x7C, 0x88, 0xD3, 0xFE, 0xF2, 0x01, 0x00, 0xC2, 0x77, 0x3D, 0xD6,
    0x78, 0x9C, 0xFB, 0xFF, 0xFF, 0xFF, 0xFF, 0x7D, 0x6C, 0x0C, 0xFF, 0x41, 0xE0, 0x3E, 0xD3, 0x7F,
    0x6B, 0x63, 0xE3, 0x6D, 0xFF, 0x79, 0xFF, 0x73, 0x31, 0x30, 0x30, 0xFC, 0x8C, 0x07, 0x53, 0x9F,
    0xFA, 0xC1, 0xD4, 0x87, 0xF9, 0x60, 0xEA, 0x73, 0x3D, 0x98, 0xFA, 0xAD, 0xFF, 0x3F, 0x36, 0xAD,
    0xEC, 0xE6, 0x7F, 0x36, 0xB0, 0x3E, 0x7F, 0x88, 0xF6, 0xFD, 0x8C, 0x20, 0xB9, 0x22, 0xA8, 0xF6,
    0x2F, 0x10, 0x95, 0x17, 0xEE, 0x83, 0xA9, 0x05, 0xFF, 0xC1, 0xD4, 0x86, 0xF7, 0x60, 0xEA, 0xC1,
    0x79, 0x30, 0xF5, 0xA3, 0xFE, 0xBF, 0x8D, 0xB1, 0xF1, 0x56, 0xA0, 0x06, 0xA8, 0xED, 0x10, 0xB7,
    0x00, 0x00, 0x63, 0xFB, 0x49, 0x8C, 0x78, 0x9C, 0x63, 0x60, 0x68, 0x7A, 0xF3, 0x3E, 0x9B, 0x81,
    0x81, 0xA1, 0xE1, 0x3F, 0x10, 0xD8, 0x32, 0x30, 0xFC, 0x7C, 0xEF, 0x1E, 0xFC, 0xEB, 0x3F, 0x53,
    0xC2, 0x7F, 0x6E, 0x06, 0x06, 0x87, 0xFF, 0xBC, 0x0F, 0xEE, 0x03, 0xE5, 0x18, 0x7E, 0xFA, 0x7F,
    0x8D, 0x07, 0xD1, 0x9F, 0xE6, 0xFF, 0xE2, 0x07, 0xD1, 0x07, 0xD6, 0xFE, 0xE5, 0x61, 0x00, 0x83,
    0x7F, 0xDC, 0x10, 0xFA, 0x3F, 0x17, 0x76, 0x1A, 0x26, 0x0F, 0x53, 0x0F, 0xD1, 0xBF, 0x61, 0x0E,
    0xCC, 0x3C, 0x98, 0xF9, 0x09, 0x20, 0x0D, 0x01, 0xFF, 0x79, 0x19, 0x7E, 0xDD, 0x77, 0x03, 0xD9,
    0x0F, 0x77, 0x0F, 0xC3, 0xA4, 0xBF, 0xF7, 0xA3, 0x19, 0x18, 0x00, 0xBB, 0x15, 0x35, 0x4B, 0x78,
    0x9C, 0xFB, 0xFF, 0xFF, 0xFF, 0xFD, 0x28, 0x06, 0x06, 0x86, 0xFF, 0x20, 0x60, 0x0B, 0xA4, 0x6D,
    0x8D, 0x53, 0x7E, 0xFF, 0x67, 0x61, 0xF8, 0xCF, 0xC5, 0xC0, 0x60, 0xF0, 0x4F, 0x1F, 0x4C, 0x33,
    0x7C, 0xDA, 0x0F, 0xA1, 0x1B, 0xFE, 0x33, 0x83, 0x69, 0x85, 0xFF, 0x1C, 0x60, 0x9A, 0xE1, 0x1F,
    0x0F, 0x84, 0xFE, 0xCD, 0x07, 0xA1, 0x7F, 0xF1, 0x63, 0xA7, 0xFF, 0xF0, 0xA1, 0xA8, 0x37, 0x80,
    0xEA, 0x9F, 0x00, 0x35, 0xEF, 0x0B, 0xC4, 0xFC, 0x80, 0xFF, 0xFA, 0x20, 0xFB, 0x4B, 0xFE, 0x80,
    0xEC, 0x07, 0x01, 0x1B, 0xB0, 0xBB, 0xEE, 0x79, 0x02, 0x95, 0x00, 0x00, 0x45, 0x92, 0x3C, 0xF7,
    0x78, 0x9C, 0xFB, 0xFF, 0x1F, 0x04, 0xF8, 0xFF, 0x43, 0x29, 0x5B, 0x63, 0x20, 0x60, 0xFE, 0xCF,
    0xC5, 0x00, 0x02, 0xC4, 0x50, 0x20, 0xD0, 0x0F, 0xA7, 0x40, 0xDA, 0x85, 0x89, 0xD2, 0x07, 0xA5,
    0xA0, 0xF6, 0xA1, 0x38, 0x02, 0x00, 0xDC, 0xDD, 0x35, 0xA3, 0x78, 0x9C, 0xFB, 0xFF, 0x1F, 0x04,
    0xF8, 0xFF, 0x43, 0x29, 0x5B, 0x63, 0x20, 0x60, 0xFE, 0xCF, 0xC5, 0x00, 0x02, 0xC4, 0x50, 0x20,
    0x0D, 0xC2, 0x0C, 0x60, 0xDD, 0xFD, 0x70, 0x8A, 0x78, 0xED, 0xD8, 0x28, 0x00, 0x4D, 0x68, 0x2A,
    0xA1, 0x78, 0x9C, 0x63, 0x60, 0x68, 0x7E, 0xFB, 0xBE, 0x86, 0x89, 0x81, 0x61, 0xC2, 0x7F, 0x20,
    0xA8, 0x67, 0x60, 0xF8, 0xFD, 0xDE, 0xDD, 0xF9, 0xC7, 0x7F, 0xF6, 0x82, 0xFF, 0x5C, 0x0C, 0x0C,
    0x02, 0x7F, 0xF5, 0x3F, 0xDC, 0x67, 0x00, 0x82, 0xCF, 0xF3, 0xBF, 0xC5, 0x83, 0xE8, 0x03, 0xF7,
    0x7F, 0xF1, 0x33, 0x80, 0xC1, 0x5F, 0x5E, 0x08, 0xFD, 0x8F, 0x1B, 0x42, 0x83, 0x94, 0xC3, 0xE8,
    0x1F, 0x20, 0xA3, 0xA0, 0x34, 0x48, 0xDE, 0xD0, 0x78, 0xF3, 0x7F, 0x88, 0xFA, 0x05, 0xFF, 0x7F,
    0xCA, 0x43, 0xE8, 0x2F, 0xFD, 0x10, 0xFA, 0xC2, 0x7F, 0x26, 0x30, 0xED, 0xF0, 0x5F, 0x17, 0x48,
    0x5F, 0xFA, 0xCF, 0xF0, 0xFD, 0x7F, 0xA4, 0xF1, 0xD4, 0xFF, 0xFD, 0x0C, 0x01, 0xFF, 0x40, 0xA6,
    0xB0, 0x31, 0x30, 0x14, 0xBC, 0xFE, 0xBF, 0x4F, 0x9C, 0x01, 0x00, 0x19, 0x4A, 0x42, 0xF8, 0x78,
    0x9C, 0xFB, 0xCF, 0xCD, 0x00, 0x04, 0x0B, 0xFE, 0xFF, 0xA7, 0x94, 0x46, 0x07, 0x7E, 0x2E, 0x40,
    0x70, 0x85, 0x72, 0x73, 0xA1, 0x34, 0x00, 0x77, 0x5B, 0x44, 0x03, 0x78, 0x9C, 0xFB, 0xCF, 0xF5,
    0x9F, 0x48, 0x08, 0x00, 0xDD, 0xA5, 0x15, 0xBE, 0x78, 0x9C, 0x63, 0x60, 0x00, 0x82, 0x5F, 0xFC,
    0x0C, 0x34, 0xA7, 0xFE, 0x73, 0x03, 0xA9, 0xDF, 0x7C, 0x7F, 0xF9, 0x80, 0xD4, 0x7F, 0x9E, 0x1F,
    0xF9, 0x0C, 0x0C, 0x13, 0xFE, 0xB3, 0x3D, 0xFC, 0x1F, 0x15, 0xFC, 0xFB, 0x3E, 0x83, 0xC1, 0xBF,
    0xFF, 0xFF, 0xFF, 0xEB, 0x30, 0x30, 0x14, 0xBC, 0x79, 0x9F, 0xCD, 0xC0, 0x00, 0x00, 0x15, 0x1B,
    0x22, 0x21, 0x78, 0x9C, 0xFB, 0xCF, 0xC5, 0xC0, 0xC0, 0x30, 0xE1, 0x3F, 0xF7, 0x7F, 0x10, 0xFD,
    0xFD, 0x3C, 0x03, 0x88, 0x0E, 0xF8, 0x2F, 0x0B, 0xA6, 0xBF, 0xBC, 0x67, 0x02, 0xD1, 0x0A, 0xFF,
    0xED, 0x19, 0x40, 0xF4, 0xC3, 0xFF, 0xAC, 0x20, 0x5A, 0xE0, 0x6F, 0x3D, 0x03, 0x88, 0x3E, 0xF0,
    0x9F, 0x13, 0x4C, 0xFF, 0xDA, 0xCF, 0x00, 0xA2, 0x67, 0x81, 0x54, 0x01, 0xE9, 0xFF, 0xFF, 0xEF,
    0x43, 0xE8, 0xBD, 0x60, 0x23, 0xFF, 0xBF, 0x67, 0xFC, 0x9B, 0x0F, 0xA2, 0xF5, 0x19, 0x3E, 0xFD,
    0x67, 0x06, 0xD2, 0xBC, 0x40, 0xE3, 0x79, 0xC1, 0xE6, 0x31, 0xFC, 0x5C, 0x0F, 0xA1, 0x2F, 0xFC,
    0x67, 0x03, 0xD3, 0x20, 0x8B, 0xC0, 0x9A, 0xBE, 0xDE, 0x87, 0xD0, 0x13, 0xFE, 0x73, 0x81, 0x69,
    0x86, 0xBF, 0xF9, 0x00, 0xEC, 0xB7, 0x3B, 0x99, 0x78, 0x9C, 0xFB, 0xCF, 0xC5, 0x00, 0x02, 0xFF,
    0x07, 0x88, 0xB2, 0x35, 0x06, 0x02, 0xC6, 0xFF, 0x60, 0xC0, 0x01, 0xA5, 0x00, 0xE6, 0x30, 0x20,
    0xB0, 0x78, 0x9C, 0x2D, 0xCB, 0xB1, 0x0D, 0xC2, 0x30, 0x14, 0x45, 0xD1, 0x2F, 0x10, 0x12, 0xC4,
    0x52, 0x48, 0xCD, 0x12, 0x5E, 0x81, 0x0D, 0x60, 0x03, 0x46, 0xC8, 0x0A, 0xA9, 0x69, 0xBC, 0x02,
    0x23, 0xB0, 0x41, 0x46, 0x60, 0x04, 0x5C, 0xD3, 0x44, 0x20, 0x4B, 0x44, 0xB2, 0xE0, 0xE5, 0xBF,
    0x6F, 0xDF, 0xEA, 0x34, 0x17, 0x4F, 0xB1, 0x3E, 0x68, 0x80, 0xB5, 0x71, 0x26, 0x77, 0xC6, 0x3F,
    0xB9, 0xA7, 0xCE, 0x20, 0x7B, 0xF2, 0x3E, 0x29, 0x5F, 0x0F, 0xBB, 0x82, 0xF2, 0x8A, 0x15, 0x2F,
    0xAF, 0x3C, 0x60, 0xCB, 0xCB, 0x29, 0x9B, 0xDC, 0x8A, 0x1C, 0xB1, 0x21, 0xD3, 0x85, 0x97, 0x90,
    0x71, 0x14, 0x79, 0x07, 0xE3, 0xA0, 0xDF, 0xD7, 0x1B, 0x3B, 0xFD, 0x7E, 0xCE, 0x28, 0xB9, 0xD5,
    0xAB, 0x30, 0x9D, 0x6E, 0x93, 0x14, 0xC6, 0x51, 0xAF, 0xC2, 0x01, 0xB3, 0xAF, 0xEC, 0x00, 0x57,
    0x29, 0x59, 0xAF, 0xCA, 0xA4, 0x57, 0x65, 0x0C, 0xC6, 0x05, 0x12, 0xCD, 0x5D, 0xEE, 0x78, 0x9C,
    0x2D, 0xC9, 0xB1, 0x0D, 0x80, 0x40, 0x0C, 0x04, 0x41, 0x4B, 0x10, 0x21, 0x41, 0x09, 0x14, 0x42,
    0xF4, 0x25, 0xD0, 0x19, 0x25, 0x3C, 0x12, 0x31, 0xA2, 0x15, 0x62, 0x22, 0x5C, 0x06, 0x9F, 0x1C,
    0xF6, 0xD9, 0x9B, 0x4C, 0xB0, 0x98, 0xC5, 0xDA, 0x81, 0x2B, 0x45, 0x9F, 0x4E, 0x69, 0x0D, 0x1F,
    0x1F, 0xE6, 0xE2, 0xC3, 0x1C, 0xBE, 0x1A, 0xDE, 0x36, 0xDC, 0x82, 0x91, 0x8A, 0x0D, 0xFA, 0xA2,
    0xA3, 0x36, 0xA8, 0xB4, 0x2D, 0x54, 0x1C, 0xB4, 0xE0, 0xA4, 0xD2, 0x10, 0x6A, 0xBA, 0xA6, 0x3E,
    0xA8, 0xE2, 0x07, 0xD6, 0x6B, 0x51, 0x3A, 0x78, 0x9C, 0x63, 0x60, 0x28, 0x7C, 0xF3, 0x3E, 0x9B,
    0x01, 0x08, 0x0A, 0xFE, 0x03, 0x81, 0x2D, 0x90, 0xF1, 0xE3, 0xBD, 0x47, 0xF0, 0xAF, 0xFF, 0xCC,
    0x0C, 0x0E, 0xFF, 0x65, 0x18, 0x18, 0x0C, 0xFE, 0xCB, 0x31, 0x5C, 0x78, 0xCF, 0x08, 0x14, 0xFE,
    0xD2, 0xCF, 0xF0, 0xA5, 0x1E, 0xA4, 0xF0, 0xC0, 0x7B, 0x86, 0x9F, 0xF2, 0x20, 0x46, 0xC2, 0x7F,
    0xE6, 0x3F, 0xBC, 0x20, 0x86, 0xC1, 0x7F, 0xF6, 0x7F, 0xDC, 0x20, 0x86, 0xC0, 0x7F, 0x8E, 0xFF,
    0x5C, 0x20, 0x06, 0xC3, 0x7F, 0x4E, 0x18, 0x83, 0x0B, 0x2E, 0x02, 0x57, 0x03, 0xD7, 0x05, 0x37,
    0x07, 0x6E, 0x32, 0xDC, 0x2E, 0xB8, 0xED, 0x0C, 0xDF, 0xC1, 0xEE, 0x61, 0x01, 0xA9, 0x83, 0xBA,
    0x10, 0xE6, 0x66, 0x00, 0x07, 0x65, 0x3D, 0xAD, 0x78, 0x9C, 0xFB, 0xFF, 0xFF, 0xFF, 0xFF, 0x7B,
    0x96, 0x0C, 0x0C, 0xFF, 0xC1, 0x80, 0x93, 0xE1, 0xBF, 0xB5, 0xB1, 0x71, 0xC9, 0xBF, 0xF5, 0x0C,
    0xFF, 0xB9, 0x18, 0x18, 0x18, 0x0E, 0xFE, 0x67, 0x01, 0xD3, 0x0A, 0xFF, 0xB9, 0xC0, 0x34, 0xC3,
    0x1F, 0x3E, 0x08, 0xFD, 0x8B, 0x1F, 0x85, 0x2F, 0xF0, 0x9F, 0x1B, 0x4C, 0x2F, 0xF8, 0xCF, 0xFA,
    0xDF, 0x16, 0xA8, 0xFF, 0xEF, 0x79, 0xA8, 0x79, 0xD2, 0x60, 0xFA, 0x9E, 0x27, 0x03, 0xC4, 0x3C,
    0x06, 0xF2, 0x69, 0x00, 0x31, 0x3B, 0x36, 0x41, 0x78, 0x9C, 0x63, 0x60, 0x28, 0x7C, 0xF3, 0x3E,
    0x9B, 0x01, 0x08, 0x0A, 0xFE, 0x03, 0x81, 0x2D, 0x90, 0xF1, 0xE3, 0xBD, 0x47, 0xF0, 0xAF, 0xFF,
    0xCC, 0x0C, 0x0E, 0xFF, 0x65, 0x18, 0x18, 0x0C, 0xFE, 0xCB, 0x31, 0x5C, 0x78, 0xCF, 0x08, 0x14,
    0xFE, 0xD2, 0xCF, 0xF0, 0xA5, 0x1E, 0xA4, 0xF0, 0xC0, 0x7B, 0x86, 0x9F, 0xF2, 0x20, 0x46, 0xC2,
    0x7F, 0xE6, 0x3F, 0xBC, 0x20, 0x86, 0xC1, 0x7F, 0xF6, 0x7F, 0xDC, 0x20, 0x86, 0xC0, 0x7F, 0x8E,
    0xFF, 0x5C, 0x20, 0x06, 0xC3, 0x7F, 0x4E, 0x18, 0x83, 0x0B, 0x2E, 0x02, 0x57, 0x03, 0xD7, 0x05,
    0x37, 0x07, 0x6E, 0x32, 0xDC, 0x2E, 0x88, 0xED, 0xFF, 0xE4, 0x18, 0x18, 0xBE, 0x83, 0xDD, 0xC3,
    0x02, 0x52, 0x07, 0x04, 0xF1, 0x20, 0x85, 0x85, 0x6F, 0xFE, 0xFF, 0x7F, 0xCF, 0x0C, 0x36, 0x96,
    0x61, 0xC2, 0xFF, 0x7C, 0x08, 0x83, 0xE1, 0xEB, 0x7F, 0x36, 0x08, 0xC3, 0x60, 0x2D, 0x54, 0x84,
    0x81, 0x91, 0x01, 0x00, 0x66, 0xF6, 0x44, 0x3A, 0x78, 0x9C, 0xFB, 0xFF, 0xFF, 0xFF, 0xFF, 0xB5,
    0xAC, 0x0C, 0x0C, 0xFF, 0x41, 0xE0, 0x3C, 0x13, 0xC3, 0x7F, 0x6B, 0x63, 0xE7, 0x63, 0xFF, 0x79,
    0x19, 0xFE, 0x73, 0x31, 0x30, 0x30, 0xFC, 0xAC, 0x87, 0xD0, 0x0F, 0xCE, 0x43, 0xE8, 0x0D, 0xEF,
    0x21, 0xF4, 0x82, 0xFF, 0x50, 0xF1, 0xFB, 0x10, 0xFA, 0x7B, 0x3F, 0x98, 0x5E, 0xFC, 0x9F, 0x0F,
    0x62, 0xCE, 0x7D, 0x26, 0x08, 0xCD, 0x01, 0x34, 0xD7, 0xD6, 0xB8, 0x19, 0x4C, 0x03, 0xE5, 0xFF,
    0xCA, 0x43, 0xE8, 0x2F, 0xF3, 0x21, 0xF4, 0x81, 0xFF, 0x8C, 0x60, 0xDA, 0xE1, 0x3F, 0x27, 0xC4,
    0x9C, 0x3F, 0xFA, 0x10, 0xFA, 0xF3, 0x7A, 0xA8, 0x7D, 0xFF, 0x99, 0xC0, 0xB4, 0xC1, 0x7F, 0x2E,
    0x00, 0xF3, 0x67, 0x42, 0x24, 0x78, 0x9C, 0x63, 0x60, 0x58, 0xFA, 0xEF, 0x9E, 0x25, 0x03, 0x03,
    0xC3, 0xA1, 0xFF, 0x40, 0xC0, 0xC9, 0x20, 0xF0, 0x6F, 0xBD, 0x69, 0xCA, 0xDF, 0xF5, 0x0C, 0x0D,
    0xFF, 0xD9, 0x18, 0x18, 0x16, 0xFC, 0x67, 0xB9, 0x70, 0x1F, 0x28, 0xC7, 0xF0, 0x9F, 0xFB, 0xC3,
    0x7A, 0x10, 0xFD, 0x9B, 0xEF, 0x01, 0x98, 0xAF, 0xC8, 0x34, 0x01, 0xA8, 0x16, 0x04, 0x04, 0xFE,
    0xDD, 0x17, 0x03, 0x33, 0x80, 0xFA, 0xB3, 0x19, 0x41, 0x8C, 0x6B, 0xFF, 0xFF, 0xCF, 0x07, 0x33,
    0x26, 0xFF, 0xFB, 0x6F, 0x07, 0x96, 0x72, 0xF8, 0xFD, 0x9F, 0x09, 0xCC, 0x48, 0xF8, 0xCF, 0x69,
    0x0C, 0x66, 0xFD, 0xE5, 0xFB, 0xC7, 0x0D, 0xA2, 0x7F, 0xF1, 0xFF, 0x96, 0x87, 0xF0, 0xBF, 0x9C,
    0x67, 0x04, 0xCB, 0x37, 0xFC, 0x9F, 0x6F, 0x9A, 0xF2, 0xFB, 0x3D, 0x23, 0xC3, 0x37, 0x90, 0x7B,
    0x74, 0x81, 0x16, 0x6C, 0xFB, 0x77, 0x3F, 0x8A, 0x81, 0x01, 0x00, 0xD9, 0xBB, 0x3B, 0xFD, 0x78,
    0x9C, 0xFB, 0xF1, 0x1F, 0x02, 0x38, 0x7E, 0xC0, 0x18, 0x86, 0xC6, 0xC6, 0x9F, 0xEF, 0x1B, 0x1B,
    0x1B, 0x33, 0x32, 0x30, 0x30, 0x7C, 0x58, 0xCF, 0x00, 0x01, 0x83, 0x93, 0x01, 0x00, 0x9B, 0x22,
    0x30, 0x24, 0x78, 0x9C, 0xFB, 0xCF, 0xC5, 0x00, 0x04, 0xBF, 0xF8, 0xFF, 0xD3, 0x95, 0xFE, 0xCD,
    0xFF, 0x97, 0x17, 0x44, 0xFF, 0xE5, 0xFD, 0xA9, 0x0F, 0xA4, 0x14, 0xFE, 0x73, 0x7E, 0xBA, 0xCF,
    0xC8, 0xC0, 0x70, 0xF1, 0x3F, 0x53, 0xC1, 0xFF, 0x3E, 0x93, 0x96, 0x7F, 0xF9, 0x0C, 0x0C, 0xDF,
    0xFF, 0xFF, 0xFF, 0xFF, 0x9E, 0x0D, 0x28, 0x77, 0xFC, 0xDF, 0x39, 0x71, 0x06, 0x06, 0x00, 0xFA,
    0x38, 0x32, 0xED, 0x78, 0x9C, 0x2D, 0xCD, 0xD1, 0x0D, 0x82, 0x40, 0x10, 0x04, 0xD0, 0x89, 0x62,
    0xA2, 0xD1, 0x5C, 0xF8, 0xF6, 0x07, 0x4B, 0xB1, 0x83, 0xB3, 0x04, 0x3B, 0x90, 0x0E, 0x28, 0xC1,
    0x12, 0xA0, 0x03, 0xEC, 0x04, 0x4A, 0xB0, 0x03, 0x21, 0x20, 0x09, 0x4A, 0x18, 0x77, 0x4E, 0x26,
    0xB9, 0xBD, 0x77, 0x97, 0xEC, 0xEE, 0x70, 0x87, 0xF2, 0x24, 0xDA, 0x57, 0x50, 0x5F, 0xA2, 0xE0,
    0x5A, 0xFA, 0x78, 0x5C, 0xB8, 0x93, 0xE8, 0x80, 0xD9, 0x8E, 0xBD, 0xB7, 0xC0, 0xE8, 0x4D, 0x05,
    0x57, 0x40, 0x97, 0x9B, 0x9A, 0xCA, 0x4A, 0xAD, 0xE6, 0x77, 0x66, 0x25, 0x65, 0x04, 0x7C, 0x13,
    0xD3, 0xC9, 0x9A, 0x63, 0xEE, 0x35, 0x60, 0x72, 0xB8, 0x72, 0x23, 0x0D, 0x1E, 0x0F, 0x86, 0x45,
    0x4D, 0x89, 0x36, 0x0F, 0x2A, 0xA8, 0x6F, 0xE5, 0xCC, 0x68, 0x72, 0x41, 0x98, 0x8F, 0xDA, 0xA5,
    0x8C, 0x99, 0x76, 0x29, 0x1D, 0xAB, 0x3F, 0x50, 0xF3, 0xB6, 0x28, 0x65, 0xB2, 0x28, 0xE6, 0x41,
    0xD7, 0x0F, 0xAD, 0xFB, 0x36, 0xD9, 0x78, 0x9C, 0x1D, 0x4F, 0xCD, 0xB1, 0x01, 0x61, 0x10, 0xEC,
    0xF2, 0xF3, 0xB0, 0x6A, 0xD9, 0x08, 0x90, 0xC1, 0xCA, 0x80, 0xAB, 0x13, 0x19, 0x90, 0xC1, 0xCA,
    0x80, 0x0C, 0x56, 0x02, 0xAA, 0x84, 0xB0, 0x55, 0x02, 0x58, 0x19, 0xAC, 0x0C, 0xB8, 0xBD, 0xE3,
    0xFB, 0xFC, 0xF3, 0x58, 0xAD, 0xC7, 0xA5, 0x67, 0x7A, 0xAA, 0xA7, 0xA7, 0xC7, 0xA5, 0x00, 0x3A,
    0xFC, 0x11, 0x3E, 0xC2, 0x0D, 0x55, 0xA6, 0xF4, 0x84, 0x79, 0x63, 0xCE, 0x02, 0x90, 0xB0, 0x01,
    0x04, 0xF4, 0xFA, 0xA6, 0x70, 0xEC, 0x01, 0xD6, 0x99, 0xE2, 0xBC, 0x9B, 0x01, 0xA6, 0xC9, 0x7D,
    0xAD, 0x2E, 0x33, 0x69, 0xFF, 0xD4, 0xB4, 0xB5, 0x3A, 0x90, 0x8D, 0x93, 0xEF, 0x65, 0x2C, 0xE7,
    0x12, 0xCB, 0x38, 0x4A, 0x7A, 0x88, 0x31, 0x21, 0x9E, 0x35, 0x5C, 0x65, 0xB2, 0xCD, 0x90, 0xA4,
    0xB8, 0xF9, 0x78, 0x34, 0x81, 0x05, 0xE1, 0x22, 0x9C, 0x42, 0xE4, 0x75, 0x48, 0x53, 0x3C, 0x87,
    0xD8, 0x47, 0x01, 0xAB, 0x96, 0xAB, 0x72, 0xF7, 0xB1, 0x4A, 0xFB, 0x2C, 0x29, 0xD2, 0xDB, 0xCB,
    0xAB, 0x18, 0x71, 0x6E, 0x21, 0xF1, 0xDF, 0xD2, 0x2C, 0xE0, 0x3A, 0x33, 0x72, 0x8D, 0x6C, 0xF6,
    0xFA, 0x8D, 0x8D, 0x1C, 0x33, 0x7B, 0xE9, 0xFE, 0x1C, 0x1A, 0x71, 0x8C, 0x84, 0x27, 0xB6, 0x8D,
    0x24, 0xDF, 0xB2, 0xA7, 0x8F, 0xEF, 0x9B, 0x56, 0x56, 0xAC, 0x19, 0xE9, 0xDA, 0x35, 0xDD, 0x2E,
    0x03, 0x1F, 0xD5, 0xB3, 0x5F, 0x3A, 0x78, 0x9C, 0x25, 0x8E, 0xDB, 0x11, 0xC1, 0x60, 0x14, 0x84,
    0x57, 0x8C, 0xEB, 0x30, 0x49, 0x05, 0xE8, 0x80, 0x0E, 0xE8, 0x80, 0x12, 0xBC, 0x7B, 0x50, 0x42,
    0x34, 0x90, 0x49, 0x09, 0x49, 0x09, 0x3A, 0xA0, 0x03, 0x3A, 0xA0, 0x83, 0x8C, 0x4C, 0xC6, 0x35,
    0xAC, 0x3D, 0xFF, 0xFF, 0xB4, 0xDF, 0xB9, 0xED, 0xD9, 0x3D, 0x3B, 0x00, 0x26, 0x1C, 0x47, 0x9C,
    0x0A, 0x8E, 0x6C, 0xE3, 0x71, 0x10, 0xDC, 0x4F, 0x56, 0xB4, 0x10, 0xFD, 0xD4, 0x9E, 0x71, 0x84,
    0x9C, 0x5D, 0xB5, 0x9F, 0x19, 0xAA, 0x8B, 0x14, 0x57, 0x36, 0xBF, 0x4B, 0x83, 0x05, 0x13, 0xF6,
    0x0D, 0xF0, 0x66, 0xD1, 0x70, 0x70, 0xE3, 0xD6, 0xA9, 0x6E, 0x42, 0x0F, 0x25, 0x53, 0x0F, 0x35,
    0x19, 0x98, 0xAE, 0xB9, 0xE1, 0xC0, 0xEF, 0x06, 0xB5, 0xDB, 0xFE, 0xC4, 0x28, 0xED, 0x7E, 0xC5,
    0x21, 0x76, 0xE6, 0xA8, 0x0F, 0x80, 0xFD, 0x78, 0x65, 0x1A, 0x57, 0x85, 0x4B, 0x61, 0x9E, 0xBD,
    0xB3, 0x72, 0x41, 0xC9, 0xE6, 0x7F, 0x20, 0xFA, 0x3E, 0x79, 0x78, 0x9C, 0xBB, 0xF0, 0x9F, 0x85,
    0x01, 0x08, 0x7E, 0xF6, 0x07, 0xFC, 0xE7, 0x01, 0xD2, 0x02, 0xFF, 0xF9, 0x18, 0xFE, 0xF8, 0x03,
    0x19, 0x13, 0xFE, 0xB3, 0x31, 0x7C, 0x3E, 0x0F, 0x64, 0x7C, 0xBC, 0xCF, 0xC0, 0xB0, 0x01, 0xA4,
    0xE8, 0x67, 0x3C, 0x03, 0x83, 0x02, 0x50, 0x91, 0x02, 0x58, 0xE1, 0x4F, 0x7F, 0xA0, 0x12, 0x90,
    0xD6, 0x8F, 0xE7, 0x19, 0x3E, 0xED, 0x07, 0x19, 0xD1, 0xF0, 0x9F, 0xE5, 0x97, 0x3E, 0x88, 0xC1,
    0xF0, 0x4F, 0xE7, 0x3F, 0x17, 0x98, 0xF1, 0xFD, 0xFE, 0x7F, 0x46, 0x30, 0xE3, 0xC2, 0xFF, 0x7E,
    0x30, 0xCD, 0x10, 0xF0, 0x5F, 0x0E, 0xC2, 0x60, 0x80, 0x2A, 0xA1, 0x88, 0x01, 0x00, 0xE6, 0x93,
    0x2B, 0xBB, 0x78, 0x9C, 0xFB, 0xFF, 0x1F, 0x0C, 0x98, 0xFE, 0x43, 0x69, 0x63, 0x10, 0xF8, 0x76,
    0x9E, 0x01, 0x0C, 0xFE, 0xE8, 0x83, 0xA9, 0x82, 0xFF, 0xEC, 0x60, 0xFA, 0xD3, 0x7D, 0xA8, 0xB0,
    0x3D, 0x54, 0x98, 0x03, 0x9B, 0x70, 0x02, 0x9A, 0xF0, 0x6F, 0x98, 0x30, 0x27, 0x98, 0xFE, 0x08,
    0x13, 0xF6, 0x07, 0x53, 0x01, 0x50, 0xE1, 0x87, 0xEF, 0x21, 0xC2, 0xBF, 0xEA, 0xC1, 0x2E, 0x60,
    0x86, 0xBA, 0x87, 0x1F, 0x46, 0x03, 0x00, 0x6D, 0xAD, 0x37, 0x92, 0x78, 0x9C, 0xFB, 0xFF, 0xBF,
    0xFF, 0x3F, 0x10, 0x59, 0x0B, 0xFF, 0xE7, 0x62, 0xA0, 0x02, 0x02, 0x9A, 0x03, 0x36, 0x10, 0x00,
    0x66, 0x2E, 0x24, 0x9E, 0x78, 0x9C, 0xFB, 0xEC, 0xCF, 0x00, 0x04, 0x17, 0xD6, 0x83, 0xC8, 0x82,
    0xFF, 0x8C, 0x40, 0x52, 0xE0, 0x3F, 0x1B, 0x88, 0xF3, 0x9B, 0x07, 0x44, 0x7E, 0xD5, 0x07, 0x91,
    0x1F, 0xFA, 0x41, 0xE4, 0x84, 0xF7, 0x20, 0xD2, 0xE0, 0x3F, 0x0B, 0x88, 0xFA, 0xCB, 0x05, 0x22,
    0xBF, 0xCB, 0x83, 0xC8, 0x8F, 0xF9, 0x20, 0x72, 0xC3, 0x79, 0x10, 0x19, 0xF0, 0x9F, 0x09, 0x44,
    0xFD, 0xE3, 0x00, 0x91, 0x3F, 0xF9, 0x40, 0xE4, 0x67, 0x62, 0xAC, 0x78, 0xD0, 0x0F, 0x00, 0xEC,
    0xDA, 0x1C, 0xDD, 0x78, 0x9C, 0xFB, 0xF1, 0x7F, 0xFD, 0x8F, 0xFF, 0xEB, 0x0D, 0x3F, 0xAF, 0x67,
    0xF8, 0x40, 0x05, 0x04, 0x34, 0xE7, 0x07, 0xD8, 0x40, 0x00, 0xCC, 0x72, 0x33, 0x88, 0x78, 0x9C,
    0x63, 0x60, 0xD8, 0xC0, 0xCB, 0x00, 0x04, 0x9F, 0xF3, 0x41, 0xE4, 0xAF, 0xF3, 0x40, 0x42, 0xE0,
    0xFF, 0x7F, 0x66, 0x06, 0x86, 0x82, 0xF7, 0xBF, 0x39, 0x19, 0x18, 0x2E, 0xF4, 0x7F, 0xE5, 0x67,
    0x60, 0xF8, 0x22, 0xFF, 0x00, 0x28, 0xFD, 0x8B, 0x7B, 0xC2, 0x7D, 0xA0, 0x24, 0xAB, 0xC1, 0x7F,
    0xE6, 0x82, 0xF7, 0x0C, 0x0C, 0x7F, 0xB8, 0x1E, 0xF4, 0x33, 0x30, 0x7C, 0x93, 0x07, 0x00, 0xA4,
    0xCF, 0x16, 0xC5, 0x78, 0x9C, 0x33, 0x36, 0x06, 0x01, 0xE6, 0xFF, 0x60, 0xC0, 0x0F, 0xA5, 0x00,
    0x76, 0x86, 0x0D, 0x48, 0x78, 0x9C, 0x2B, 0xE8, 0x60, 0x64, 0x08, 0xF8, 0xCF, 0xC9, 0xC0, 0xF0,
    0xC3, 0x9E, 0x81, 0x61, 0xC3, 0x7D, 0x06, 0x06, 0x81, 0xBF, 0xEC, 0x00, 0x40, 0xC6, 0x06, 0x2C,
    0x78, 0x9C, 0x63, 0x28, 0x78, 0xF3, 0xDE, 0x8B, 0x81, 0xC1, 0xE0, 0xDF, 0xFF, 0xFF, 0xFF, 0x39,
    0x19, 0x1E, 0xFE, 0xF7, 0x48, 0xFE, 0x17, 0xCF, 0xF0, 0x3D, 0x9E, 0x81, 0xE1, 0xD3, 0x79, 0x86,
    0x64, 0x36, 0x06, 0x86, 0x0D, 0xEF, 0x19, 0x40, 0x60, 0xC1, 0x7F, 0x06, 0x86, 0xC2, 0x37, 0x40,
    0x35, 0x0C, 0x01, 0xFF, 0x41, 0x80, 0xE1, 0xF3, 0xFF, 0x2C, 0x93, 0xC3, 0xFF, 0x19, 0x7E, 0xDB,
    0x83, 0xE5, 0xFE, 0x71, 0x33, 0x30, 0x1C, 0xF8, 0xCF, 0xF0, 0x9F, 0x8B, 0x81, 0xE1, 0xC3, 0x7F,
    0x86, 0x3F, 0x72, 0x0C, 0x0C, 0xDF, 0xFF, 0x33, 0x7C, 0xBB, 0x6F, 0xBA, 0xF5, 0xFF, 0x7F, 0xC6,
    0x05, 0x40, 0xE5, 0x6B, 0xFF, 0xB3, 0x30, 0x1C, 0xFD, 0x57, 0x6B, 0xB0, 0x9B, 0x15, 0x00, 0xF1,
    0x1E, 0x38, 0x4B, 0x78, 0x9C, 0xFB, 0xCF, 0xC5, 0x00, 0x02, 0xFF, 0x89, 0xA1, 0x8E, 0xFF, 0xCF,
    0x01, 0x52, 0xB7, 0xFF, 0xFF, 0xFF, 0xCF, 0xC3, 0xF0, 0xFF, 0xBF, 0x57, 0xF2, 0xDF, 0xF5, 0x0C,
    0xFF, 0xEB, 0x19, 0x18, 0x0E, 0xFC, 0x67, 0xFA, 0xCF, 0xCF, 0xC0, 0x60, 0xF0, 0x9F, 0x03, 0x44,
    0x31, 0xFC, 0xE3, 0xF9, 0xCF, 0x0D, 0xA4, 0xFE, 0xF0, 0x81, 0xA9, 0x5F, 0xFC, 0xC8, 0x14, 0x50,
    0x10, 0xAA, 0x04, 0x48, 0x05, 0x00, 0x35, 0x40, 0xB5, 0xFF, 0x8F, 0x4A, 0xFE, 0x3B, 0x9F, 0xE1,
    0xFF, 0x4D, 0xA0, 0xD1, 0xDC, 0x0C, 0xFF, 0xD9, 0xAF, 0x83, 0x2C, 0x02, 0x00, 0x25, 0x94, 0x36,
    0xD1, 0x78, 0x9C, 0x63, 0x50, 0xB8, 0xF9, 0xBE, 0x86, 0x91, 0x81, 0xE1, 0xFB, 0xFF, 0xFF, 0xFF,
    0xED, 0x18, 0x12, 0xFE, 0xD7, 0x39, 0xFF, 0x7C, 0xCF, 0xF8, 0xF1, 0x3E, 0x23, 0x43, 0xC0, 0x7F,
    0x8E, 0xEF, 0xF1, 0x0C, 0x0C, 0x0C, 0xBF, 0x79, 0x7F, 0xF3, 0x01, 0xA9, 0xA9, 0x9C, 0xFF, 0x78,
    0x18, 0x40, 0xE0, 0x3F, 0x17, 0x32, 0x05, 0x15, 0x04, 0x2B, 0x31, 0x64, 0xFA, 0xEE, 0x0F, 0xA4,
    0x7E, 0xF1, 0x7D, 0xBC, 0xCF, 0xC0, 0x60, 0xF0, 0x9F, 0x33, 0xE1, 0x7F, 0xAE, 0xF3, 0x8F, 0xF7,
    0x8C, 0x60, 0xA3, 0x75, 0x81, 0x22, 0x37, 0xDF, 0xE7, 0x30, 0x30, 0x00, 0x00, 0xCD, 0x4C, 0x27,
    0x02, 0x78, 0x9C, 0x63, 0x60, 0x00, 0x82, 0x5F, 0xFC, 0x0C, 0x44, 0x50, 0x01, 0xAF, 0xEF, 0xB3,
    0x03, 0xA9, 0x5F, 0xFF, 0xFF, 0xDF, 0xFF, 0xC3, 0xDF, 0xF0, 0x3F, 0xCF, 0xF9, 0xE7, 0x7F, 0xFE,
    0x4F, 0xF7, 0x19, 0x19, 0x02, 0xFE, 0xF3, 0xFF, 0xF0, 0x07, 0x2A, 0xF9, 0xCF, 0xFF, 0x87, 0x0F,
    0x48, 0xFD, 0xE3, 0xFF, 0xC7, 0x03, 0xD6, 0xF0, 0x9F, 0x0B, 0x99, 0x82, 0x0A, 0xFE, 0x86, 0x28,
    0xF9, 0x0E, 0xD1, 0xF0, 0x11, 0xA2, 0xBD, 0xE1, 0x7F, 0x2E, 0xC8, 0x30, 0x86, 0x9F, 0x40, 0xA3,
    0x41, 0x16, 0xFD, 0xBE, 0xCF, 0xF1, 0x9D, 0x1F, 0x00, 0xD7, 0xE4, 0x36, 0x46, 0x78, 0x9C, 0x63,
    0x10, 0xB8, 0xF1, 0x3E, 0x87, 0x81, 0x81, 0xE1, 0xEB, 0xFF, 0xFF, 0xFF, 0xB9, 0x19, 0x1C, 0xFE,
    0xE7, 0x39, 0xFF, 0x5A, 0xCF, 0xF0, 0xE0, 0x3D, 0x23, 0xC3, 0x84, 0xFF, 0x4C, 0xDF, 0xE2, 0x19,
    0x18, 0x04, 0xFE, 0x73, 0xFC, 0xE6, 0x03, 0xCA, 0xFF, 0xE1, 0xF9, 0x67, 0x6F, 0x6C, 0x6C, 0xFC,
    0x9B, 0xEF, 0x3F, 0x18, 0xF0, 0x43, 0xA9, 0x7F, 0xDC, 0x0C, 0x20, 0xF0, 0x87, 0x0F, 0x4C, 0x7D,
    0x8F, 0x07, 0x53, 0x1F, 0xDF, 0x33, 0x31, 0x30, 0x3C, 0x67, 0x4E, 0xF8, 0xDF, 0x6F, 0x72, 0xEC,
    0x3F, 0x1B, 0xC3, 0x37, 0xA0, 0xC2, 0x7A, 0x06, 0x06, 0x85, 0x1B, 0xFF, 0xE7, 0x32, 0x31, 0x00,
    0x00, 0x3D, 0x0A, 0x31, 0xD3, 0x78, 0x9C, 0x63, 0x60, 0x60, 0x50, 0x10, 0x62, 0x60, 0x98, 0xF8,
    0xFF, 0x3F, 0x03, 0xC3, 0x5F, 0x20, 0xD1, 0xF0, 0x5F, 0x8B, 0x81, 0xE1, 0xC2, 0x7B, 0x06, 0x06,
    0x86, 0x0F, 0xEB, 0xA1, 0xC4, 0x8F, 0xFF, 0xFF, 0xFF, 0xF3, 0x83, 0x09, 0xC3, 0xCF, 0xF7, 0x8D,
    0x99, 0x11, 0x12, 0x64, 0x12, 0x00, 0x73, 0x61, 0x2B, 0xB7, 0x78, 0x9C, 0x63, 0x08, 0x78, 0x73,
    0x9F, 0xFD, 0x3B, 0x3F, 0xC3, 0xAF, 0xFF, 0xFF, 0xEF, 0xFF, 0xE4, 0x9F, 0xF0, 0x3F, 0xD7, 0xF9,
    0xD7, 0x7F, 0xFE, 0x4F, 0xF7, 0x19, 0x19, 0x02, 0xFE, 0xF3, 0xFF, 0x88, 0x67, 0x60, 0x60, 0xF8,
    0xCF, 0xFF, 0x87, 0x1F, 0x48, 0xFD, 0xE3, 0xFF, 0xC7, 0x03, 0xA4, 0x7E, 0xF1, 0xFF, 0xE7, 0x42,
    0xA6, 0xA0, 0x82, 0xBF, 0xF9, 0xC0, 0x2A, 0xBF, 0x43, 0x34, 0x7C, 0xBC, 0xCF, 0x00, 0xD2, 0xDE,
    0x00, 0x34, 0xEC, 0xE7, 0x7F, 0x88, 0xD1, 0x40, 0x33, 0x02, 0xFE, 0xDC, 0xE7, 0xF8, 0x05, 0x32,
    0x8A, 0x81, 0x01, 0xA8, 0x9C, 0x11, 0xA4, 0x92, 0x7B, 0x82, 0x1E, 0x03, 0xC3, 0x84, 0xFF, 0xAC,
    0x0F, 0xFF, 0x7B, 0x06, 0xFF, 0x3E, 0xCF, 0xA0, 0xF0, 0xF7, 0xFF, 0xFF, 0xFF, 0x32, 0x40, 0xBD,
    0xAF, 0xDF, 0x47, 0x33, 0x30, 0x00, 0x00, 0xA8, 0x87, 0x3F, 0xAA, 0x78, 0x9C, 0xFB, 0xCF, 0xC5,
    0x00, 0x04, 0xFF, 0x09, 0x90, 0x5B, 0xFE, 0xF5, 0x32, 0xFC, 0x9F, 0xF5, 0xFF, 0xFF, 0x7F, 0x9E,
    0xFF, 0xFF, 0xA3, 0x93, 0xFF, 0xE6, 0xFF, 0x9F, 0xCF, 0xC0, 0xF0, 0x69, 0xFF, 0x7F, 0x7E, 0x06,
    0x86, 0x03, 0xEF, 0x41, 0xE4, 0x82, 0xFF, 0xFF, 0x79, 0xC1, 0x24, 0x37, 0x98, 0xE4, 0x22, 0x8D,
    0x04, 0x00, 0x7A, 0x06, 0x35, 0x96, 0x78, 0x9C, 0xFB, 0xC9, 0xF2, 0x9F, 0xF3, 0x27, 0x0B, 0x03,
    0x10, 0xFC, 0xE7, 0xC2, 0x0F, 0x01, 0x91, 0x68, 0x13, 0x93, 0x78, 0x9C, 0x63, 0x68, 0xE8, 0x67,
    0xF8, 0xF0, 0x9F, 0x61, 0xC2, 0x7C, 0x06, 0x08, 0x58, 0xF0, 0x9F, 0x1C, 0x74, 0xE0, 0xBD, 0xD1,
    0xF7, 0xFD, 0x3F, 0xFE, 0xDB, 0x7F, 0x3B, 0xCF, 0x02, 0x00, 0xDE, 0xD7, 0x28, 0xF2, 0x78, 0x9C,
    0xFB, 0xCF, 0xC5, 0x00, 0x02, 0xFF, 0x89, 0xA3, 0x7E, 0xCE, 0x07, 0x51, 0x0D, 0xFF, 0xB9, 0x41,
    0xD4, 0xB7, 0xF3, 0x20, 0xC1, 0x80, 0xFF, 0xB2, 0x20, 0xEA, 0xCB, 0x7B, 0x46, 0x20, 0xA5, 0xF5,
    0x5F, 0x0F, 0xA4, 0xF2, 0xF6, 0x7F, 0x16, 0x10, 0xF5, 0x1F, 0xAC, 0x13, 0x48, 0xC5, 0x83, 0xA8,
    0xFA, 0x87, 0xFF, 0x99, 0x80, 0x14, 0x7F, 0xC0, 0x7F, 0x1E, 0xB0, 0x61, 0x3F, 0xFB, 0xC1, 0xD4,
    0x85, 0xFF, 0xCC, 0x20, 0x4A, 0xE1, 0xBF, 0x1C, 0xD8, 0x86, 0x6F, 0xEB, 0xC1, 0xD4, 0x86, 0xFF,
    0x6C, 0x00, 0x30, 0x36, 0x32, 0x18, 0x78, 0x9C, 0xFB, 0xCF, 0xF5, 0x9F, 0x68, 0x08, 0x00, 0x0B,
    0x38, 0x16, 0xC7, 0x78, 0x9C, 0xFB, 0xCF, 0x75, 0xFC, 0x7F, 0x2D, 0x43, 0xC0, 0xEB, 0xF7, 0x56,
    0x0C, 0xFF, 0xDF, 0xFC, 0xFF, 0xFF, 0x9F, 0xFB, 0x37, 0x90, 0x60, 0xFD, 0xFF, 0xDF, 0xA3, 0xF8,
    0xDF, 0xFF, 0xFB, 0xA6, 0x53, 0xFE, 0xF3, 0xFF, 0xB7, 0x67, 0x60, 0xF8, 0xF4, 0x9F, 0x87, 0x81,
    0xE1, 0x47, 0xFC, 0x7F, 0x7E, 0x06, 0x86, 0x03, 0xFF, 0x99, 0x19, 0x18, 0x3E, 0xF6, 0x83, 0x98,
    0x0B, 0xFE, 0x33, 0x30, 0x30, 0x7C, 0x98, 0xFF, 0x9F, 0x17, 0xC6, 0x5C, 0xFF, 0x9F, 0x8B, 0xE6,
    0x4C, 0x00, 0x82, 0x23, 0x4D, 0xF4, 0x78, 0x9C, 0xFB, 0xCF, 0x75, 0xEC, 0x7F, 0x2F, 0xC3, 0xFF,
    0xD3, 0xFF, 0xFF, 0xFF, 0xE7, 0xF9, 0xFF, 0x3F, 0x2A, 0xF9, 0x6F, 0xFE, 0xFF, 0x7A, 0x06, 0x86,
    0x4F, 0xFB, 0xFF, 0xF3, 0x33, 0x30, 0x1C, 0x78, 0x0F, 0x22, 0x17, 0x00, 0x65, 0xC0, 0x24, 0x17,
    0x39, 0x24, 0x00, 0xB0, 0xE3, 0x2F, 0x81, 0x78, 0x9C, 0x63, 0x10, 0xB8, 0xF1, 0xBF, 0x97, 0x91,
    0x81, 0xE1, 0xEB, 0xFF, 0xFF, 0xFF, 0xE3, 0x19, 0x1C, 0xFE, 0xD7, 0xBB, 0xFC, 0xF8, 0xCF, 0xF2,
    0xE0, 0x3D, 0x13, 0x83, 0xC2, 0x3F, 0xBE, 0x6F, 0xF9, 0x0C, 0x0C, 0x0C, 0xDF, 0xF2, 0x7F, 0xF3,
    0x03, 0xA9, 0x0F, 0xFB, 0xFF, 0xF1, 0x00, 0xA9, 0x03, 0xEF, 0xFF, 0x73, 0x01, 0xA9, 0x05, 0xFF,
    0xA1, 0x14, 0x54, 0x10, 0xAA, 0xE4, 0x5B, 0x3C, 0x58, 0x03, 0x54, 0xBB, 0xC3, 0xFF, 0x3A, 0x97,
    0xEF, 0xFF, 0x59, 0xA0, 0x46, 0x33, 0x40, 0x2C, 0x02, 0x00, 0xE1, 0x5E, 0x31, 0x37, 0x78, 0x9C,
    0xFB, 0xCF, 0x7E, 0xFD, 0x7F, 0x0E, 0x03, 0xC3, 0xFF, 0x5B, 0xFF, 0xFF, 0xFF, 0xE7, 0x66, 0xF8,
    0xFF, 0xDF, 0x33, 0xF9, 0xDF, 0x7A, 0x86, 0xFF, 0xF1, 0x0C, 0x0C, 0x0F, 0xFF, 0x33, 0xFD, 0xE7,
    0x67, 0x60, 0x08, 0xF8, 0xCF, 0xF1, 0x9F, 0x97, 0x01, 0xA8, 0x80, 0xE7, 0x3F, 0x17, 0x90, 0xFA,
    0xC3, 0x07, 0xA6, 0x7E, 0xF1, 0x23, 0x53, 0x40, 0x41, 0x1E, 0x88, 0x12, 0xA8, 0x06, 0x7F, 0x06,
    0x86, 0x8B, 0x40, 0xED, 0x20, 0xC3, 0xE6, 0x33, 0xFC, 0x7F, 0x03, 0x31, 0x9A, 0xEB, 0x06, 0xD8,
    0x22, 0x90, 0x06, 0xA2, 0x28, 0x00, 0x73, 0x35, 0x36, 0xDE, 0x78, 0x9C, 0x63, 0x08, 0x78, 0x73,
    0x5F, 0xE2, 0x3B, 0x3F, 0xC3, 0xEF, 0xFF, 0xFF, 0xDF, 0xFF, 0xE2, 0x9F, 0xF0, 0x3F, 0xCF, 0xF9,
    0xE7, 0x7F, 0xFE, 0x4F, 0xF7, 0x19, 0x19, 0x1C, 0xFE, 0xF3, 0xFF, 0x88, 0x67, 0x60, 0x60, 0xF8,
    0xCF, 0xFF, 0x87, 0x1F, 0x48, 0xFD, 0xE6, 0xFF, 0xC7, 0x03, 0xA4, 0x7E, 0xF1, 0xFF, 0xE7, 0x42,
    0xA6, 0xA0, 0x82, 0x7F, 0xF8, 0x80, 0xD4, 0x1F, 0x98, 0x06, 0xA8, 0xF6, 0x06, 0x88, 0x61, 0x0C,
    0xBF, 0x80, 0x46, 0xFF, 0xE5, 0x67, 0x08, 0x78, 0x7D, 0x5F, 0xE2, 0x17, 0xC8, 0x28, 0x90, 0x06,
    0x22, 0x28, 0x00, 0x21, 0x83, 0x36, 0x8B, 0x78, 0x9C, 0xFB, 0x2F, 0xF5, 0xB2, 0xFE, 0xFF, 0xED,
    0xFF, 0xFD, 0xFF, 0xFF, 0x7B, 0x2A, 0xFF, 0x8F, 0x67, 0x60, 0xF8, 0xCF, 0x0F, 0xC5, 0xDC, 0x40,
    0xCC, 0x45, 0x18, 0x03, 0x00, 0x75, 0x76, 0x16, 0x29, 0x78, 0x9C, 0x63, 0x68, 0xFC, 0x7B, 0xDF,
    0x92, 0xC1, 0xE1, 0xDF, 0xFF, 0xFF, 0xFF, 0xD9, 0x3F, 0xFE, 0x77, 0x2F, 0xFE, 0xE7, 0xFF, 0xDD,
    0x9F, 0x81, 0xE1, 0xD3, 0xF9, 0x9F, 0xFC, 0x0C, 0x0C, 0x13, 0xCE, 0x7E, 0xCF, 0x67, 0x00, 0x82,
    0x87, 0xFF, 0xB3, 0x99, 0x18, 0x18, 0x14, 0xFE, 0xFC, 0x7F, 0xAF, 0xC9, 0xC0, 0xE0, 0x70, 0xF3,
    0xFF, 0x7F, 0x0E, 0xA0, 0x60, 0xE2, 0xDF, 0x7A, 0x01, 0x90, 0xDC, 0xFD, 0x7F, 0xDC, 0x0C, 0x0C,
    0x1B, 0xFE, 0xFF, 0xD2, 0x67, 0x60, 0x78, 0x70, 0xFF, 0xF3, 0x7B, 0x8F, 0xE4, 0xBF, 0xF9, 0x01,
    0x40, 0xC3, 0xFE, 0x73, 0x32, 0x34, 0xBE, 0x7D, 0xEF, 0xC5, 0x00, 0x00, 0xC7, 0xD4, 0x2E, 0x83,
    0x78, 0x9C, 0x63, 0xF8, 0xB0, 0x9E, 0x81, 0x81, 0x01, 0x95, 0xF8, 0x0F, 0x04, 0x1C, 0x60, 0xC2,
    0xF8, 0xF3, 0x7D, 0x63, 0x46, 0x06, 0x2C, 0x4A, 0xF0, 0x10, 0xFB, 0x81, 0xC4, 0x81, 0xFF, 0x66,
    0x4C, 0x0C, 0x01, 0x40, 0x03, 0x18, 0x18, 0xAE, 0xBD, 0x67, 0x07, 0x00, 0x15, 0x66, 0x27, 0x1D,
    0x78, 0x9C, 0xFB, 0xCF, 0xC5, 0xC0, 0xB0, 0xE0, 0xFF, 0x7F, 0x32, 0xC8, 0x07, 0x60, 0xF2, 0xC3,
    0xFF, 0x7F, 0x3C, 0x20, 0xF2, 0xB7, 0x3E, 0x03, 0xC3, 0xD7, 0xFF, 0x5F, 0xEF, 0x9B, 0x2E, 0xFD,
    0xFF, 0x7F, 0xC3, 0xFF, 0xFF, 0xFF, 0xEF, 0xFD, 0x67, 0x38, 0xFE, 0xBF, 0x77, 0xE1, 0x7F, 0x00,
    0x64, 0x05, 0x32, 0x09, 0x78, 0x9C, 0xFB, 0x1A, 0xCF, 0xC0, 0xC0, 0xF0, 0x25, 0xFF, 0xC3, 0x7A,
    0x20, 0xF5, 0x53, 0x7E, 0xC1, 0x7F, 0x20, 0xF5, 0x97, 0x3B, 0xE0, 0x3F, 0x0B, 0x83, 0xC1, 0x7F,
    0x36, 0x86, 0x7F, 0x9C, 0x0C, 0x0D, 0xFF, 0x19, 0x19, 0x7E, 0xF2, 0x31, 0x1C, 0xD8, 0x0F, 0x54,
    0x65, 0xCF, 0xF0, 0x11, 0xA8, 0xFA, 0xC1, 0x7C, 0x86, 0x6F, 0xFC, 0x0C, 0x0C, 0x13, 0xDE, 0x33,
    0xFC, 0xE6, 0x62, 0x00, 0x2A, 0x13, 0xFE, 0xCF, 0x0A, 0xD2, 0x14, 0x01, 0xD2, 0xCA, 0xF0, 0x63,
    0xED, 0x7C, 0x10, 0xF5, 0xE9, 0xBF, 0x3F, 0x88, 0xBA, 0xF0, 0x9F, 0x0F, 0x44, 0x15, 0xFC, 0xE7,
    0x04, 0x51, 0x0A, 0xFF, 0x99, 0x19, 0x18, 0x00, 0xE8, 0x2B, 0x24, 0xCB, 0x78, 0x9C, 0x15, 0x8E,
    0xC1, 0x0D, 0x82, 0x40, 0x14, 0x44, 0x5F, 0x94, 0x28, 0x68, 0x40, 0x3B, 0x90, 0x0E, 0xD6, 0x0E,
    0xD4, 0x4A, 0xA0, 0x03, 0xE9, 0x80, 0x16, 0x3C, 0xD9, 0xC6, 0x6E, 0x07, 0xD8, 0x81, 0x2D, 0x78,
    0xF7, 0x00, 0x28, 0x0A, 0x04, 0xF0, 0xBB, 0x7B, 0x7B, 0x33, 0x2F, 0x99, 0x4C, 0x93, 0xC0, 0x51,
    0x66, 0xD0, 0xED, 0x2A, 0x0D, 0x17, 0x59, 0xC2, 0x18, 0x9A, 0x12, 0x1E, 0xB2, 0x06, 0xF1, 0x53,
    0x2B, 0x5F, 0xB2, 0x63, 0x2F, 0x5E, 0x2C, 0x0B, 0xDA, 0x67, 0x42, 0x26, 0x30, 0xAD, 0x18, 0xAF,
    0x1A, 0x53, 0x40, 0x1F, 0x6D, 0xE5, 0x54, 0x52, 0x9D, 0xA1, 0x51, 0xE9, 0x1D, 0x99, 0xBF, 0x15,
    0x36, 0x9A, 0x9C, 0xC1, 0x6F, 0x43, 0x30, 0xBA, 0x3A, 0xF0, 0x0D, 0x87, 0x00, 0xB2, 0xB2, 0x89,
    0xA8, 0x95, 0x78, 0x10, 0xCB, 0x18, 0x70, 0xD3, 0x76, 0x0B, 0x7E, 0xB6, 0xC8, 0xA4, 0x70, 0xD8,
    0x8B, 0x53, 0xB9, 0xC3, 0x8F, 0x3D, 0xC4, 0xA4, 0x1C, 0xD6, 0x76, 0x9C, 0x6E, 0x03, 0x7F, 0x74,
    0xE7, 0x43, 0x01, 0x78, 0x9C, 0x7B, 0xF0, 0x9F, 0x91, 0x81, 0xE1, 0x77, 0xBC, 0xC3, 0x7F, 0x2E,
    0x06, 0x87, 0xFF, 0xDC, 0x0C, 0xBF, 0xEC, 0x19, 0x2E, 0x00, 0x45, 0x1E, 0x9E, 0x67, 0xF8, 0x9E,
    0xCF, 0xC0, 0x90, 0xF0, 0x5F, 0xEC, 0x3F, 0x0F, 0x03, 0x50, 0x7E, 0xDD, 0x7F, 0x26, 0x20, 0xF5,
    0xE9, 0x7F, 0x3F, 0x90, 0x64, 0x28, 0xF8, 0xCF, 0x0B, 0xA2, 0x26, 0xFC, 0x97, 0x03, 0x51, 0x5F,
    0xFE, 0xAF, 0x07, 0x51, 0x7F, 0xFB, 0xFE, 0xB3, 0x30, 0x30, 0x34, 0xFC, 0x67, 0xFD, 0xCB, 0x07,
    0x54, 0xB8, 0x9F, 0xE1, 0xCB, 0x7C, 0x06, 0x86, 0x3F, 0xFA, 0x0C, 0x1B, 0xFE, 0x33, 0x17, 0xFC,
    0xE7, 0x60, 0x50, 0xF8, 0xCF, 0xFB, 0xE9, 0x3D, 0x50, 0xD5, 0x8F, 0x7E, 0x00, 0x65, 0xA9, 0x2A,
    0xAB, 0x78, 0x9C, 0x1D, 0xCB, 0xCD, 0x11, 0x01, 0x41, 0x18, 0x84, 0xE1, 0xB7, 0xFC, 0x14, 0xAB,
    0xCA, 0x92, 0x01, 0x19, 0x08, 0x81, 0x8B, 0xB3, 0xCD, 0x60, 0x53, 0xD8, 0x0C, 0xC8, 0xC0, 0xDD,
    0xC5, 0x9E, 0x5C, 0x37, 0x85, 0xC9, 0x60, 0x43, 0x20, 0x83, 0xF1, 0x53, 0x58, 0x14, 0x6D, 0xBE,
    0xB9, 0xF4, 0x53, 0x5D, 0x5D, 0xDD, 0xE4, 0x40, 0xB3, 0xBA, 0x56, 0x81, 0x6F, 0xEA, 0x04, 0x53,
    0x25, 0x85, 0xBA, 0x14, 0xEA, 0x8C, 0x35, 0xC0, 0x79, 0xF8, 0x8C, 0xB8, 0xEC, 0xE1, 0x91, 0x73,
    0x9F, 0xC3, 0xB9, 0xE2, 0x9D, 0x42, 0x29, 0xD4, 0x87, 0x4C, 0x4B, 0xB5, 0xC3, 0xF7, 0xB7, 0x3B,
    0x86, 0xE4, 0xE5, 0xB7, 0xC6, 0x4D, 0x33, 0xE3, 0xA4, 0xA1, 0xB1, 0x51, 0xCF, 0xC8, 0xD4, 0x8A,
    0xAD, 0x26, 0x6E, 0xEB, 0xC8, 0x73, 0x12, 0x62, 0x71, 0x50, 0x12, 0x70, 0x8A, 0x53, 0xE9, 0xAD,
    0xF0, 0x07, 0x81, 0x42, 0x30, 0x91, 0x78, 0x9C, 0xFB, 0xFF, 0x1F, 0x04, 0x98, 0xFE, 0x43, 0x28,
    0x63, 0x20, 0xF8, 0xB9, 0x9F, 0x01, 0x08, 0x14, 0xFE, 0xCB, 0x81, 0xA8, 0x0B, 0xFF, 0x99, 0x41,
    0xD4, 0xAF, 0x7A, 0x10, 0x99, 0xF0, 0x9F, 0x1B, 0x44, 0x7D, 0x7A, 0xCF, 0x08, 0xA2, 0xFE, 0xDA,
    0x83, 0xC8, 0x09, 0xFF, 0xD9, 0x41, 0xD4, 0x57, 0x54, 0x4D, 0x2C, 0x20, 0xEA, 0xE7, 0x7E, 0x90,
    0x71, 0x0C, 0x10, 0xA3, 0x61, 0x14, 0x00, 0xDE, 0x96, 0x2C, 0x5F, 0x78, 0x9C, 0x63, 0x60, 0x60,
    0x50, 0x60, 0x00, 0xE2, 0xDF, 0xAC, 0x0C, 0x0C, 0x5F, 0xCE, 0x33, 0x33, 0x08, 0xFC, 0xE3, 0x66,
    0x60, 0x68, 0xF8, 0xCF, 0xC4, 0xC0, 0x70, 0xE0, 0x3E, 0x50, 0xFC, 0xC1, 0x7E, 0x20, 0xF1, 0x61,
    0x3D, 0x2A, 0x31, 0x1F, 0x48, 0x7C, 0xAA, 0x07, 0x12, 0x3F, 0xF4, 0x19, 0x18, 0x5A, 0xFE, 0x73,
    0x30, 0x30, 0xFC, 0xEF, 0x07, 0xF2, 0xFE, 0xBF, 0x67, 0x06, 0x1A, 0xF4, 0x8F, 0x17, 0xC8, 0xFC,
    0x1A, 0x0F, 0x24, 0x3E, 0xF6, 0x63, 0xD1, 0xBB, 0x1E, 0x66, 0xE8, 0x86, 0xF7, 0x40, 0x22, 0xE0,
    0x3F, 0xD0, 0x5A, 0x86, 0x3F, 0x76, 0x40, 0xE2, 0xE0, 0x7F, 0x36, 0x20, 0x79, 0x8C, 0x19, 0x00,
    0xB4, 0x2A, 0x29, 0xC3, 0x78, 0x9C, 0xFB, 0xCF, 0xF5, 0x9F, 0x44, 0x08, 0x00, 0xA0, 0x30, 0x19,
    0xE2, 0x78, 0x9C, 0x53, 0x66, 0x00, 0x82, 0x3F, 0xD2, 0x40, 0xE2, 0xE9, 0x7B, 0x46, 0x06, 0x06,
    0x81, 0x7F, 0xDC, 0x40, 0xE6, 0x77, 0x7B, 0x20, 0xF1, 0xA9, 0x1E, 0x48, 0x7C, 0x98, 0x0F, 0x22,
    0xD6, 0x63, 0x12, 0x17, 0xCE, 0x03, 0x89, 0x82, 0xFF, 0xCC, 0x40, 0xF2, 0x6F, 0x1D, 0x13, 0x03,
    0xC3, 0x81, 0xFF, 0x7C, 0x0C, 0x0C, 0x3F, 0xDE, 0xB3, 0x31, 0x04, 0xFC, 0x67, 0x67, 0x60, 0xD8,
    0xF0, 0x1E, 0x28, 0xFE, 0x60, 0x3F, 0x16, 0xBD, 0x20, 0xF3, 0x3E, 0xF6, 0x03, 0x89, 0xAF, 0xFE,
    0x20, 0xAD, 0x40, 0x4D, 0x1B, 0xFF, 0xB3, 0x00, 0x19, 0x71, 0x40, 0x5E, 0x19, 0xD0, 0x01, 0x0C,
    0x00, 0xC9, 0xC0, 0x29, 0x78, 0x78, 0x9C, 0x01, 0x36, 0x00, 0xC9, 0xFF, 0x00, 0xD6, 0xEF, 0x08,
    0x00, 0x00, 0x00, 0xAA, 0x06, 0x90, 0xFF, 0xFF, 0xEF, 0x02, 0x00, 0x20, 0xFF, 0x08, 0xF4, 0xCF,
    0x44, 0xFC, 0x3F, 0x00, 0x80, 0xFF, 0x04, 0xFB, 0x1F, 0x00, 0x90, 0xFF, 0x37, 0xF7, 0xDF, 0x00,
    0xFE, 0x0B, 0x00, 0x00, 0xF8, 0xFF, 0xFF, 0x3F, 0x00, 0x88, 0x05, 0x00, 0x00, 0x40, 0xFB, 0xAF,
    0x02, 0x00, 0x93, 0x28, 0x17, 0x56, 0x78, 0x9C, 0x03, 0x00, 0x00, 0x00, 0x00, 0x01, 0x78, 0x9C,
    0xFB, 0xC1, 0xF9, 0x9F, 0xFF, 0x07, 0x27, 0x03, 0x18, 0xFC, 0xE2, 0xC7, 0x07, 0x01, 0x72, 0x27,
    0x12, 0x98, 0x78, 0x9C, 0x63, 0x60, 0x08, 0xE8, 0x60, 0x00, 0x81, 0x05, 0xFF, 0x31, 0x29, 0x85,
    0x9F, 0xFF, 0x6B, 0x18, 0x19, 0x18, 0xBE, 0xFF, 0xFF, 0xFF, 0xDF, 0x8E, 0x21, 0xE1, 0x7F, 0xAE,
    0xF3, 0xCF, 0xF7, 0x8C, 0x1F, 0xEF, 0x33, 0x30, 0x04, 0xFC, 0xE7, 0xF8, 0xEE, 0x0F, 0x94, 0xFF,
    0xC3, 0xFB, 0x9B, 0x0F, 0x48, 0x4D, 0xE5, 0xF8, 0xC7, 0x03, 0xD6, 0xF5, 0x9F, 0x0B, 0x99, 0x82,
    0x0A, 0x82, 0x95, 0x18, 0x32, 0x81, 0x35, 0xFC, 0xE2, 0x03, 0x69, 0x77, 0xF8, 0xCF, 0x09, 0x35,
    0x0C, 0x6C, 0xB4, 0x2E, 0x03, 0x83, 0xC1, 0xCF, 0xFF, 0x39, 0xB8, 0x1C, 0x01, 0x71, 0x20, 0x00,
    0xEE, 0xB9, 0x32, 0xBB, 0x78, 0x9C, 0x63, 0x60, 0x70, 0x78, 0xFD, 0xDE, 0x8A, 0x01, 0x08, 0x7E,
    0xFD, 0xFF, 0xFF, 0x9F, 0x8D, 0x81, 0x61, 0xC2, 0xFF, 0x98, 0xE2, 0x7F, 0xF6, 0x0C, 0x0C, 0x1F,
    0xF7, 0x33, 0x30, 0x7C, 0x5E, 0xCF, 0xC0, 0xF0, 0xCD, 0x9F, 0x81, 0xE1, 0xC0, 0x7B, 0x06, 0x86,
    0x9F, 0xFC, 0x0C, 0x0C, 0x0E, 0xE5, 0x40, 0x65, 0xFC, 0x0C, 0x60, 0x80, 0x46, 0x1B, 0xFF, 0xB5,
    0x37, 0x16, 0x06, 0xD2, 0x40, 0x43, 0xFE, 0xC7, 0x23, 0xD1, 0xB8, 0xD4, 0xC3, 0xE9, 0x3F, 0x7C,
    0x10, 0xFA, 0x3F, 0x37, 0x98, 0x9A, 0xFC, 0xDF, 0xC2, 0x18, 0x08, 0x98, 0xFF, 0x43, 0x00, 0x3F,
    0x8C, 0x06, 0x00, 0xF7, 0x9D, 0x36, 0x59, 0x78, 0x9C, 0x63, 0x60, 0x66, 0x00, 0x03, 0x66, 0x86,
    0x86, 0x7A, 0x86, 0x6D, 0xFF, 0xF6, 0xB1, 0x25, 0xF4, 0x33, 0x7C, 0xFE, 0xFF, 0xF6, 0xFF, 0xFF,
    0xFF, 0xEF, 0xFF, 0xFC, 0x67, 0x0E, 0xF8, 0xFF, 0x7F, 0xBD, 0xE9, 0xD2, 0xFF, 0xFF, 0xF3, 0x19,
    0x18, 0x7E, 0xBE, 0x07, 0xAA, 0x7C, 0xFC, 0x9F, 0x8B, 0x81, 0xE1, 0xAF, 0x3E, 0x50, 0xBD, 0xC2,
    0x7F, 0x5E, 0x86, 0x80, 0xFF, 0xEC, 0x20, 0xAD, 0xDF, 0xE3, 0x19, 0x16, 0xFC, 0x67, 0x04, 0xB1,
    0x3E, 0xAE, 0x67, 0xB8, 0x70, 0x1E, 0x6C, 0xDC, 0x81, 0xFB, 0x0C, 0x1F, 0xD6, 0x83, 0x59, 0x0B,
    0xFE, 0x23, 0xB1, 0x10, 0xB2, 0x08, 0x1D, 0x01, 0xFF, 0x39, 0x40, 0xAC, 0x1F, 0xF1, 0x48, 0x26,
    0x33, 0xFC, 0x85, 0xD8, 0xC6, 0x07, 0x54, 0x07, 0x71, 0xC1, 0x7E, 0x86, 0xCF, 0xEF, 0x9F, 0x83,
    0x5C, 0xF5, 0xE3, 0x3F, 0xAB, 0x81, 0x2E, 0xD8, 0xA5, 0x06, 0xF5, 0x0C, 0x30, 0xC0, 0xC8, 0x00,
    0x00, 0x0F, 0x08, 0x4B, 0xCC, 0x78, 0x9C, 0xFB, 0xED, 0xCF, 0xC0, 0xC0, 0x10, 0xF0, 0x9F, 0xFB,
    0xF3, 0x79, 0x20, 0x7D, 0xE1, 0x3F, 0xF3, 0x86, 0xFF, 0xCC, 0x0C, 0x0C, 0x5F, 0xD6, 0x33, 0x18,
    0xFC, 0xE7, 0x66, 0x60, 0xF8, 0xA3, 0xCF, 0xC0, 0xF0, 0x4B, 0x9F, 0xC1, 0xE1, 0x3F, 0x27, 0x03,
    0xC3, 0xA7, 0xF9, 0x0C, 0x1B, 0xFE, 0x33, 0x32, 0x30, 0x2C, 0xF8, 0xCF, 0xF8, 0xB9, 0x1F, 0xA8,
    0x56, 0xE1, 0x3F, 0xC7, 0x6F, 0x3E, 0x20, 0xCD, 0xF0, 0xCB, 0xFE, 0x3F, 0x3B, 0x88, 0xFE, 0xF4,
    0xFF, 0x3D, 0x90, 0x4C, 0xB8, 0xFB, 0xF7, 0xFF, 0xFF, 0xBB, 0xB9, 0x0C, 0x0D, 0xFF, 0x41, 0x00,
    0xA4, 0x90, 0xE1, 0x3F, 0x17, 0x90, 0x10, 0x30, 0x36, 0xFE, 0x6F, 0x6B, 0x2C, 0x0C, 0x17, 0x47,
    0x97, 0x27, 0x44, 0x03, 0x00, 0x6F, 0xF9, 0x3B, 0xE4, 0x78, 0x9C, 0xFB, 0xCF, 0xF5, 0x1F, 0x0B,
    0x64, 0x00, 0x02, 0x6C, 0xE2, 0x20, 0x08, 0x00, 0x68, 0x5E, 0x17, 0xD0, 0x78, 0x9C, 0x25, 0x8E,
    0xAD, 0x12, 0x01, 0x71, 0x14, 0xC5, 0x8F, 0xBF, 0xAF, 0x5D, 0xC6, 0x47, 0x31, 0x82, 0x40, 0x95,
    0x28, 0x82, 0x26, 0x28, 0x1A, 0x6F, 0x40, 0x16, 0x14, 0x0F, 0x20, 0xA8, 0x78, 0x05, 0xE3, 0x05,
    0xB6, 0xA9, 0xB6, 0x4A, 0x04, 0xD9, 0x1A, 0x74, 0x66, 0xCC, 0xEC, 0x9A, 0x5D, 0xF6, 0xB8, 0xFF,
    0x75, 0xCA, 0xEF, 0xCE, 0xDC, 0x7B, 0xCF, 0x39, 0xC0, 0x36, 0x3C, 0xB7, 0x01, 0xDC, 0x28, 0x32,
    0x51, 0xA3, 0xD5, 0x9A, 0x73, 0x85, 0x35, 0x93, 0xC0, 0x95, 0xB1, 0xCB, 0x41, 0x76, 0x43, 0xA6,
    0x9E, 0x96, 0xB0, 0x48, 0xE3, 0xE8, 0x08, 0xD1, 0x55, 0x33, 0x1A, 0x7A, 0x40, 0xF1, 0xCB, 0x7A,
    0x34, 0x78, 0xE4, 0x42, 0x41, 0xFE, 0x44, 0x3B, 0x05, 0xCF, 0x29, 0x0D, 0x7C, 0x4E, 0xF0, 0xAD,
    0xCA, 0xCD, 0x9B, 0x71, 0x66, 0xE5, 0xA6, 0xC9, 0x4C, 0xA8, 0x89, 0x4F, 0xDE, 0x6F, 0x68, 0x06,
    0x85, 0xD7, 0xA3, 0xAC, 0x7D, 0x73, 0x7D, 0x72, 0xAC, 0x4E, 0x4C, 0x63, 0x13, 0x19, 0xC8, 0x6E,
    0x14, 0x90, 0xB9, 0x28, 0xC2, 0x95, 0x3E, 0x91, 0xEE, 0x54, 0xDD, 0xB8, 0xB0, 0xC3, 0xF4, 0xDF,
    0x87, 0xE6, 0x47, 0xFC, 0xA5, 0xB4, 0xE1, 0xEA, 0x17, 0x9B, 0x09, 0x9B, 0xCB, 0xD6, 0x34, 0x94,
    0xD2, 0xBE, 0xF6, 0xA9, 0x48, 0xE6, 0x9E, 0x4E, 0x0F, 0xF8, 0x01, 0x8C, 0x21, 0x5D, 0x31, 0x78,
    0x9C, 0xFB, 0xC9, 0xC2, 0xF0, 0x85, 0xF3, 0x3F, 0x27, 0xC3, 0x4F, 0xFE, 0x9F, 0x20, 0x16, 0x00,
    0x32, 0xFF, 0x06, 0x05, 0x78, 0x9C, 0x45, 0x8F, 0x31, 0x0E, 0x82, 0x40, 0x14, 0x44, 0x07, 0x88,
    0xC9, 0x4A, 0x94, 0xD0, 0x5B, 0x48, 0x6F, 0x01, 0x07, 0xB0, 0xA0, 0xD1, 0xC2, 0x46, 0x0B, 0x5B,
    0xE3, 0x15, 0xF4, 0x04, 0xEC, 0x29, 0xAC, 0x29, 0xE8, 0xD7, 0x1B, 0x50, 0xD8, 0xD8, 0x79, 0x84,
    0xA5, 0xB7, 0x40, 0x49, 0x0C, 0xC9, 0x22, 0x7C, 0x57, 0x0C, 0x32, 0xD5, 0x6B, 0x26, 0xF3, 0x06,
    0x40, 0x52, 0xCB, 0x15, 0xBE, 0xB9, 0x90, 0xCE, 0x5C, 0xC3, 0x86, 0xC4, 0x72, 0xAB, 0x68, 0x00,
    0xBC, 0x84, 0x01, 0xB8, 0x6A, 0x0F, 0x8F, 0x18, 0x3C, 0x13, 0x9C, 0xCC, 0x58, 0xE0, 0xD0, 0xD0,
    0x0C, 0xCA, 0x2E, 0x1C, 0x28, 0xDD, 0x30, 0x33, 0xBF, 0x64, 0x21, 0x4D, 0x8E, 0x64, 0xF3, 0xA8,
    0xB2, 0xCE, 0x64, 0xE0, 0xED, 0x04, 0x69, 0x83, 0x2C, 0x05, 0x4E, 0x43, 0xC8, 0x1C, 0x0F, 0xD1,
    0x0E, 0x34, 0x3D, 0xD5, 0x1D, 0xC9, 0xCA, 0xCA, 0x6E, 0xC0, 0x75, 0x14, 0xA4, 0x25, 0x8B, 0xC9,
    0x44, 0x3D, 0xE6, 0x51, 0x31, 0x0D, 0x68, 0x97, 0x10, 0x7B, 0xFA, 0x7A, 0xAD, 0x24, 0x92, 0x86,
    0xB2, 0xDD, 0x86, 0x85, 0x77, 0xC9, 0x78, 0x6E, 0x74, 0x56, 0xEB, 0xD6, 0x74, 0xF1, 0x33, 0xED,
    0xED, 0xFF, 0x8F, 0x3E, 0x27, 0x23, 0x5D, 0xE7, 0x78, 0x9C, 0x33, 0x78, 0x75, 0x9F, 0x9D, 0xE1,
    0xCB, 0xFF, 0xFF, 0xEB, 0x19, 0xFE, 0xD8, 0x4E, 0xFA, 0xCF, 0xB4, 0x82, 0x55, 0xE0, 0x3F, 0x2B,
    0x03, 0x03, 0xC3, 0x7F, 0xB6, 0x84, 0x37, 0xFF, 0xFF, 0xB3, 0xFD, 0xF8, 0x0F, 0x24, 0xFE, 0xD9,
    0x08, 0x02, 0x09, 0xAE, 0xC0, 0xFF, 0x6C, 0xBF, 0x80, 0x5C, 0xF6, 0x09, 0xFF, 0xE3, 0xFE, 0x70,
    0x01, 0x95, 0x08, 0x30, 0x00, 0x00, 0xC0, 0xE5, 0x1E, 0x2E, 0x78, 0x9C, 0x63, 0x60, 0xF8, 0xCD,
    0xFA, 0x50, 0x9E, 0xA1, 0x60, 0x3F, 0xC3, 0x6F, 0x76, 0x86, 0xCF, 0xFA, 0x05, 0xE7, 0x19, 0x18,
    0xFE, 0xB2, 0x7F, 0xB6, 0x67, 0x98, 0x70, 0x9F, 0xE1, 0x2F, 0x27, 0xC3, 0x37, 0xFF, 0x0D, 0xFF,
    0x19, 0x18, 0xBE, 0xC4, 0x37, 0xFC, 0x67, 0x64, 0x68, 0x78, 0xCF, 0xF0, 0x87, 0x0B, 0x28, 0xCB,
    0xF1, 0xC9, 0x9F, 0x81, 0xE1, 0x93, 0x7E, 0xC2, 0x7D, 0x06, 0x86, 0x04, 0xB0, 0x2E, 0xB0, 0x09,
    0x00, 0x10, 0x71, 0x1C, 0x41, 0x78, 0x9C, 0x33, 0x36, 0x06, 0x02, 0xE5, 0xFF, 0x20, 0xB0, 0x1F,
    0x4C, 0xFE, 0x67, 0x00, 0x82, 0x0F, 0xEB, 0x31, 0x49, 0x00, 0xD6, 0x8A, 0x13, 0x53, 0x78, 0x9C,
    0x33, 0x36, 0x36, 0x66, 0xFE, 0xFF, 0xFF, 0x3F, 0x3F, 0x08, 0x03, 0x00, 0x24, 0xF6, 0x06, 0xB5,
    0x78, 0x9C, 0x63, 0x60, 0x60, 0x58, 0xF2, 0xF7, 0xBE, 0x17, 0x03, 0x08, 0x1C, 0xFE, 0x0F, 0x04,
    0x36, 0x40, 0x46, 0xC0, 0xFF, 0xF5, 0x6E, 0x21, 0xBF, 0xFE, 0xB3, 0x32, 0x30, 0x7C, 0x5D, 0xCF,
    0xC8, 0xC0, 0x20, 0xF0, 0x2B, 0x9E, 0x41, 0xE1, 0x3F, 0x87, 0xB1, 0xB1, 0x10, 0x43, 0xC3, 0x7F,
    0xA6, 0x05, 0xEB, 0x19, 0x80, 0xCA, 0x62, 0x19, 0x7E, 0x71, 0x7D, 0xE2, 0x03, 0xB1, 0xFE, 0xB3,
    0x3D, 0xD0, 0xFF, 0xCE, 0xC1, 0xF0, 0x9F, 0x41, 0xE0, 0x07, 0x6F, 0x43, 0xFD, 0x6F, 0x66, 0x20,
    0x8B, 0xE1, 0x03, 0xBF, 0xC1, 0xFE, 0x7F, 0x0C, 0x40, 0x96, 0xC2, 0x2F, 0x1E, 0x86, 0xFB, 0xEF,
    0x19, 0x40, 0xEA, 0xDE, 0x33, 0x31, 0xFC, 0x83, 0xB0, 0xFA, 0x19, 0x18, 0xFE, 0xFD, 0x05, 0xB2,
    0x94, 0x9C, 0x7F, 0x73, 0x30, 0xDC, 0x87, 0xE8, 0xF8, 0xC8, 0x67, 0xB0, 0x1F, 0x6C, 0x0A, 0x50,
    0x6F, 0x43, 0xFD, 0x27, 0x79, 0x08, 0xEB, 0xA3, 0x3E, 0xD0, 0xB6, 0x33, 0x0C, 0x0C, 0x07, 0x64,
    0x7E, 0x71, 0x09, 0xFC, 0xE3, 0x00, 0x39, 0xB2, 0xE1, 0x3D, 0x23, 0xCC, 0x55, 0xFE, 0x60, 0x97,
    0xBA, 0x42, 0x5C, 0x8A, 0x70, 0x3D, 0xDC, 0x47, 0x00, 0x90, 0x14, 0x5B, 0xCD, 0x78, 0x9C, 0x33,
    0x36, 0x06, 0x82, 0xFF, 0x70, 0x00, 0x00, 0x43, 0xCB, 0x0A, 0xF6, 0x78, 0x9C, 0x33, 0xF8, 0xE3,
    0xC3, 0xF0, 0xF9, 0xFF, 0x7F, 0xE6, 0xDF, 0x5E, 0x3F, 0xB9, 0xDF, 0x33, 0x3C, 0xE0, 0x07, 0x61,
    0x10, 0x1B, 0x24, 0xE6, 0x00, 0x94, 0x03, 0x00, 0x23, 0x53, 0x11, 0x37, 0x78, 0x9C, 0x63, 0x60,
    0x60, 0xE8, 0x60, 0x65, 0x00, 0x81, 0xFF, 0x5C, 0xF8, 0x29, 0x43, 0x63, 0xE3, 0xFF, 0xB6, 0xC6,
    0xC2, 0x3F, 0xFE, 0x83, 0x40, 0x3F, 0x94, 0x22, 0x42, 0x1F, 0x10, 0xDC, 0xE5, 0x60, 0x80, 0x01,
    0x03, 0x63, 0x10, 0x60, 0xFE, 0x00, 0xD6, 0xCE, 0x0F, 0xA5, 0x00, 0xCC, 0x4B, 0x28, 0x10, 0x78,
    0x9C, 0x53, 0x78, 0xF5, 0x5E, 0x92, 0xE1, 0xF3, 0xFF, 0xFF, 0xF7, 0x19, 0x7E, 0xFB, 0x35, 0xFE,
    0x67, 0x3D, 0xCD, 0xCA, 0xF0, 0x9F, 0x95, 0x81, 0xA1, 0xE0, 0x3F, 0x23, 0x03, 0xC3, 0xB7, 0x78,
    0x06, 0x86, 0x09, 0xFF, 0x59, 0x18, 0x04, 0xFE, 0xE8, 0x32, 0x30, 0x3C, 0x3E, 0x2F, 0x24, 0xC8,
    0xF8, 0x1F, 0x08, 0xF8, 0xC1, 0x04, 0x00, 0xC1, 0xD9, 0x1A, 0x02, 0x78, 0x9C, 0x73, 0xF8, 0x7D,
    0x5F, 0x92, 0xE1, 0xDB, 0xFF, 0xFF, 0xF7, 0x19, 0xFE, 0xD9, 0x16, 0xFE, 0x67, 0x35, 0x66, 0x14,
    0xF8, 0xCF, 0xCA, 0x10, 0xB0, 0xED, 0x3E, 0x03, 0xC3, 0x87, 0xFF, 0xFA, 0x0C, 0x0C, 0x06, 0x4B,
    0xDE, 0x33, 0x86, 0x32, 0x01, 0xC5, 0xFE, 0xDA, 0x00, 0x65, 0xC1, 0xEA, 0x1C, 0x7E, 0xDF, 0x97,
    0x60, 0x00, 0x00, 0xDC, 0x53, 0x19, 0xE4, 0x78, 0x9C, 0x63, 0x08, 0xE8, 0x60, 0x66, 0xF8, 0x74,
    0x9E, 0x81, 0xE1, 0xB7, 0x1C, 0x43, 0xC0, 0x7F, 0x66, 0x86, 0x07, 0xFE, 0x0C, 0x0C, 0x00, 0x43,
    0x34, 0x06, 0x37, 0x78, 0x9C, 0xFB, 0xCF, 0xC5, 0xC0, 0xB0, 0xE0, 0xFF, 0x7F, 0x52, 0x49, 0x7E,
    0x06, 0x86, 0x0B, 0x60, 0xF2, 0x03, 0x8C, 0xF4, 0x67, 0x60, 0xF8, 0xF4, 0xFF, 0xFF, 0x7B, 0xF3,
    0x92, 0x7F, 0xFF, 0x41, 0x60, 0xFF, 0xFF, 0xFF, 0x5D, 0x7F, 0xF7, 0x25, 0x83, 0xD5, 0x33, 0x30,
    0xE0, 0x27, 0x01, 0x1A, 0x43, 0x39, 0x2B, 0x78, 0x9C, 0x63, 0x30, 0xB8, 0xF5, 0xFF, 0x3F, 0x17,
    0xC3, 0xCF, 0xFF, 0x40, 0x72, 0xC2, 0x7F, 0x10, 0xF9, 0x19, 0x4C, 0xFE, 0x04, 0x93, 0x7F, 0xC1,
    0xE4, 0x7F, 0x24, 0xF2, 0x2F, 0x92, 0x2C, 0x44, 0x25, 0x44, 0x17, 0xC3, 0x2F, 0x30, 0xE9, 0x00,
    0x36, 0x0D, 0x08, 0x88, 0x23, 0x01, 0x8D, 0xC2, 0x46, 0xA1, 0x78, 0x9C, 0xFB, 0xC9, 0xF1, 0x9F,
    0xFF, 0x27, 0x27, 0x00, 0x0C, 0x28, 0x03, 0x12, 0x78, 0x9C, 0x6B, 0x60, 0x67, 0xF8, 0x3C, 0x9F,
    0xA9, 0xF9, 0xAF, 0x3D, 0xC3, 0xC7, 0xF9, 0x0C, 0xDF, 0xFA, 0xBF, 0xFD, 0x97, 0xFB, 0xDE, 0xCB,
    0x08, 0x00, 0x6A, 0xFD, 0x0A, 0x88, 0x78, 0x9C, 0x63, 0x60, 0x10, 0x10, 0xD8, 0x96, 0xFF, 0xE7,
    0x7F, 0xFE, 0xF9, 0x1F, 0xF9, 0x8C, 0x1F, 0xF2, 0x19, 0xB0, 0x21, 0x00, 0x2E, 0xBB, 0x10, 0xDF,
    0x78, 0x9C, 0x63, 0x38, 0xF6, 0x3F, 0x87, 0x61, 0xC1, 0xFF, 0xFF, 0xFF, 0xB9, 0xBE, 0xF5, 0x2B,
    0xFD, 0xC8, 0xFF, 0xC3, 0xCD, 0xB0, 0xE1, 0xFC, 0x7F, 0x76, 0x86, 0x82, 0xFF, 0xFF, 0xD9, 0x18,
    0x12, 0xFE, 0x83, 0x59, 0x60, 0x31, 0xB0, 0xEC, 0x06, 0xA0, 0x3A, 0x6E, 0x06, 0x90, 0x0E, 0x00,
    0x4F, 0xC6, 0x1E, 0x38, 0x78, 0x9C, 0xFB, 0xCC, 0xE3, 0x70, 0x9E, 0x81, 0x61, 0x42, 0x3F, 0xC3,
    0x2F, 0x0E, 0x06, 0x81, 0x7F, 0x2C, 0x1F, 0xED, 0x19, 0x18, 0xBE, 0xC9, 0x15, 0xBC, 0x67, 0x64,
    0x38, 0xB0, 0x9E, 0xE1, 0x2F, 0x17, 0x83, 0xC1, 0x7F, 0xB6, 0xCF, 0xF1, 0x0C, 0x0A, 0xFF, 0x39,
    0x3E, 0xD5, 0x33, 0x6C, 0xD8, 0xCF, 0xF0, 0x87, 0x9B, 0xE1, 0xAB, 0x5C, 0xC2, 0x7B, 0x46, 0xA0,
    0xCA, 0x87, 0xFE, 0x0C, 0x13, 0xE6, 0x83, 0x74, 0x7D, 0xE6, 0x05, 0x99, 0x00, 0x00, 0xFC, 0x9E,
    0x1B, 0xD6, 0x78, 0x9C, 0x63, 0x60, 0x08, 0x61, 0x80, 0x80, 0xC4, 0xDF, 0xEB, 0xA1, 0xAC, 0xFF,
    0xFF, 0x41, 0xAC, 0x04, 0x26, 0x06, 0x86, 0x9E, 0xCF, 0x20, 0xD6, 0x67, 0x5E, 0x20, 0xF1, 0x01,
    0xC4, 0xFA, 0xC3, 0x02, 0x65, 0x25, 0xEC, 0x67, 0x80, 0xB2, 0x1E, 0xEA, 0xC3, 0x58, 0x3F, 0x39,
    0xA1, 0x2C, 0x85, 0xF7, 0x8C, 0x50, 0xD6, 0x81, 0x7C, 0x06, 0x28, 0xEB, 0x2B, 0x2F, 0xC3, 0xB7,
    0xF5, 0x60, 0xD6, 0x3F, 0x16, 0x01, 0xB0, 0xF9, 0x0C, 0x13, 0xF6, 0x33, 0x6C, 0x80, 0xB0, 0x3E,
    0xE9, 0x33, 0x7C, 0xFB, 0x03, 0x66, 0xFD, 0xE1, 0x54, 0x78, 0xFF, 0x11, 0xC4, 0x0A, 0x78, 0xCF,
    0x78, 0xC0, 0x1E, 0x6C, 0xE7, 0x83, 0x7C, 0x86, 0xEF, 0x16, 0x9F, 0xEF, 0x33, 0x33, 0x30, 0xFC,
    0xE0, 0x65, 0xF8, 0xF7, 0xFF, 0xFF, 0x7F, 0x7E, 0x06, 0x81, 0xFF, 0x2C, 0x40, 0x47, 0x82, 0x58,
    0x0C, 0xC5, 0x30, 0xDB, 0x19, 0x18, 0x50, 0x59, 0x0D, 0x11, 0x0C, 0x00, 0x62, 0xD8, 0x43, 0x76,
    0x78, 0x9C, 0x63, 0x60, 0x30, 0x62, 0x80, 0x00, 0x83, 0x1B, 0xEB, 0xA1, 0xAC, 0x7F, 0xFF, 0x41,
    0xAC, 0x00, 0x20, 0x5E, 0xF7, 0x0D, 0xC4, 0xFA, 0xCA, 0x09, 0x24, 0x3E, 0x80, 0x58, 0xFF, 0x98,
    0xA0, 0xAC, 0x09, 0xFD, 0x0C, 0x50, 0xD6, 0x67, 0x3E, 0x18, 0xEB, 0x0F, 0x2B, 0x94, 0x55, 0x70,
    0x9E, 0x01, 0xCA, 0xFA, 0xA8, 0x0F, 0x63, 0xFD, 0xE6, 0x58, 0xF4, 0x6F, 0x1E, 0x23, 0x90, 0x15,
    0xF0, 0x5E, 0xE1, 0xDF, 0xFF, 0xFF, 0x72, 0x0C, 0x06, 0xCA, 0x0F, 0xE2, 0x37, 0xFC, 0x37, 0xFF,
    0x55, 0x0F, 0x94, 0xFF, 0xC9, 0xFD, 0x60, 0x3F, 0xC3, 0x87, 0xF9, 0x40, 0x37, 0xFC, 0x07, 0x59,
    0xF0, 0x25, 0x9F, 0x81, 0xE1, 0x00, 0xC8, 0x02, 0x81, 0xBF, 0xBC, 0x0C, 0x0C, 0xDF, 0x41, 0x16,
    0x5C, 0x7C, 0xCF, 0xC4, 0x20, 0xF0, 0x1F, 0x68, 0x81, 0xC2, 0x3F, 0x3D, 0x06, 0x86, 0x0D, 0xFB,
    0x81, 0x42, 0x8F, 0xCF, 0x33, 0x02, 0x35, 0x68, 0x03, 0x1D, 0xFA, 0xDF, 0xD7, 0xD8, 0x18, 0x62,
    0xCF, 0x7F, 0x20, 0x40, 0xB0, 0x00, 0x2E, 0xC9, 0x46, 0x08, 0x78, 0x9C, 0x73, 0x78, 0xFD, 0x5E,
    0x8B, 0x01, 0x0C, 0xBE, 0xFE, 0xFF, 0xFF, 0x9F, 0x09, 0xCC, 0xFA, 0x9B, 0x3F, 0xF9, 0x3F, 0x07,
    0x03, 0x83, 0x23, 0x03, 0x83, 0x0B, 0xB3, 0xC0, 0x7F, 0x4E, 0x06, 0x86, 0x5F, 0x2C, 0x0C, 0x0C,
    0x0E, 0x5B, 0xDF, 0x33, 0x31, 0x38, 0x9C, 0x07, 0x4A, 0x7F, 0xF8, 0x6F, 0xCF, 0xC0, 0x70, 0x41,
    0x1F, 0xC8, 0x72, 0x38, 0xF6, 0x9E, 0x91, 0xE1, 0x07, 0x07, 0x48, 0x8F, 0xC2, 0x7F, 0x0E, 0x85,
    0xF7, 0x40, 0xFA, 0x34, 0x07, 0x50, 0xC7, 0x86, 0x78, 0x20, 0xEB, 0x4F, 0xFE, 0xE2, 0xFF, 0x6C,
    0x5F, 0xB9, 0x19, 0xD2, 0x98, 0xBE, 0xFC, 0xFF, 0x7F, 0x9F, 0xE1, 0x1F, 0x53, 0xC3, 0x7F, 0x2E,
    0x83, 0xD7, 0xF7, 0x25, 0x1A, 0xEA, 0x19, 0x3E, 0xFF, 0xE7, 0x02, 0xE9, 0xF9, 0xC4, 0xCB, 0xF0,
    0x17, 0xC2, 0xFA, 0xC3, 0xD2, 0xB0, 0x1E, 0xCC, 0x0A, 0x58, 0xCF, 0xF0, 0x99, 0x17, 0xCC, 0x7A,
    0x28, 0xCF, 0xF0, 0x96, 0x09, 0xCC, 0xFA, 0xC9, 0xD6, 0x50, 0x6F, 0xFC, 0xDF, 0x96, 0x81, 0xC1,
    0xE0, 0x3C, 0xD0, 0x6E, 0x20, 0x60, 0x60, 0xD8, 0x60, 0x0F, 0x63, 0x29, 0xB0, 0x81, 0xF4, 0x43,
    0x4C, 0x41, 0x65, 0x75, 0xB0, 0x02, 0x00, 0xD1, 0x1B, 0x48, 0x3C, 0x78, 0x9C, 0x63, 0x60, 0xF8,
    0xC2, 0xC9, 0x00, 0x04, 0x3F, 0xF9, 0x41, 0x24, 0x84, 0x8D, 0x09, 0x6E, 0xF2, 0x82, 0xC8, 0x3F,
    0x7C, 0x20, 0xF2, 0x3F, 0x0F, 0x90, 0x98, 0xF0, 0x9F, 0x0D, 0x48, 0x7E, 0x3D, 0x0F, 0x24, 0x14,
    0xFE, 0xEB, 0x03, 0xC9, 0x03, 0xFF, 0x59, 0x40, 0x02, 0xFD, 0x20, 0x15, 0xBF, 0xC1, 0xEA, 0xFE,
    0x71, 0x83, 0x55, 0x73, 0x31, 0x30, 0x24, 0x98, 0xFD, 0x03, 0xEA, 0xF9, 0xD4, 0xFF, 0xCB, 0x9F,
    0x81, 0xE1, 0x97, 0xFF, 0xE7, 0xFF, 0x99, 0xC7, 0xFF, 0xF3, 0x24, 0xFC, 0xFF, 0xFF, 0xFF, 0x3E,
    0x23, 0xC3, 0xE4, 0xBF, 0xE7, 0xD8, 0x19, 0x00, 0x06, 0xE6, 0x21, 0x89, 0x78, 0x9C, 0x63, 0x60,
    0x48, 0xF8, 0xCF, 0xC1, 0x00, 0x05, 0x3F, 0xED, 0x61, 0xAC, 0x03, 0xE7, 0x61, 0x2C, 0x85, 0x7F,
    0x6C, 0x30, 0x66, 0x33, 0x3B, 0x03, 0x06, 0xF8, 0xCF, 0x07, 0x65, 0x38, 0xFC, 0xF7, 0x87, 0xB2,
    0x16, 0xFC, 0xDF, 0x0F, 0x65, 0x7D, 0x78, 0xFF, 0x9F, 0x11, 0xC2, 0xFA, 0x66, 0x0F, 0xB3, 0xE5,
    0x0F, 0xF7, 0x6F, 0x88, 0x16, 0x85, 0xFF, 0x6C, 0x5F, 0x21, 0x5A, 0x0A, 0xFE, 0x33, 0x3C, 0x80,
    0x68, 0xB9, 0xB0, 0x9F, 0xA1, 0xE1, 0x3F, 0x13, 0x88, 0xF5, 0x39, 0x1E, 0xA8, 0x00, 0xAC, 0xE5,
    0x27, 0x3F, 0x50, 0x13, 0x58, 0xCB, 0x3F, 0x2E, 0xA0, 0x41, 0xF1, 0x40, 0x46, 0xC0, 0x7F, 0x56,
    0xA0, 0xE1, 0xFB, 0xC1, 0x76, 0x81, 0x01, 0x50, 0xCB, 0x47, 0x08, 0x0B, 0xA8, 0xE5, 0xDB, 0x7C,
    0x17, 0x20, 0x00, 0x39, 0x0C, 0xA2, 0xED, 0x1B, 0xC8, 0x28, 0x4E, 0xB0, 0x7B, 0xCE, 0x03, 0x8D,
    0x67, 0x81, 0xB8, 0x91, 0xE9, 0xC2, 0x7B, 0xB0, 0x95, 0x06, 0xFF, 0x39, 0x3F, 0xCF, 0x87, 0x38,
    0xED, 0x2F, 0x1F, 0x00, 0x7A, 0x0C, 0x43, 0xB2, 0x78, 0x9C, 0x63, 0x60, 0x00, 0x82, 0xEF, 0xF7,
    0x19, 0x19, 0xC0, 0x40, 0xE0, 0xBF, 0x2C, 0x84, 0xC1, 0xB0, 0xE1, 0x3D, 0x13, 0x94, 0xF5, 0x55,
    0x0F, 0xCA, 0x60, 0x68, 0x63, 0x66, 0xC0, 0x00, 0xFF, 0xF9, 0xA0, 0x0C, 0x87, 0xFF, 0xFE, 0x50,
    0xD6, 0x82, 0xFF, 0xFB, 0xA1, 0xAC, 0x0F, 0xEF, 0xFF, 0x43, 0x0D, 0xFE, 0x66, 0xFF, 0x9F, 0x03,
    0xC2, 0xFA, 0xC3, 0xFD, 0x1B, 0xA2, 0x45, 0xE1, 0x3F, 0xDB, 0x57, 0x88, 0x96, 0x82, 0xFF, 0x0C,
    0x0F, 0x20, 0x5A, 0x2E, 0xEC, 0x67, 0x68, 0xF8, 0x0F, 0xB6, 0xF8, 0x73, 0x3C, 0x50, 0x01, 0x58,
    0xCB, 0x4F, 0x7E, 0xA0, 0x26, 0xB0, 0x96, 0x7F, 0x5C, 0x40, 0x83, 0xE2, 0x81, 0x8C, 0x80, 0xFF,
    0xAC, 0x40, 0xC3, 0xF7, 0x83, 0xED, 0x02, 0x03, 0xA0, 0x96, 0x8F, 0x10, 0x16, 0x50, 0xCB, 0xB7,
    0xF9, 0x2E, 0x40, 0x00, 0x72, 0x18, 0x44, 0xDB, 0x37, 0x90, 0x51, 0x9C, 0x60, 0xF7, 0x9C, 0x07,
    0x1A, 0xCF, 0x02, 0x71, 0x23, 0xD3, 0x85, 0xF7, 0x60, 0x2B, 0x0D, 0xFE, 0x73, 0x7E, 0x9E, 0x0F,
    0x71, 0xDA, 0x5F, 0x3E, 0x00, 0xE9, 0x4A, 0x44, 0x26, 0x78, 0x9C, 0x63, 0x60, 0x60, 0x60, 0xF8,
    0xCD, 0xCD, 0x00, 0x01, 0x13, 0xDE, 0xEF, 0x87, 0xB2, 0xBE, 0x73, 0xFF, 0x82, 0x08, 0x06, 0x9C,
    0x67, 0xD8, 0x00, 0x13, 0xC4, 0x06, 0xFE, 0xF3, 0x41, 0x19, 0x0E, 0xFF, 0xFD, 0xA1, 0xAC, 0x05,
    0xFF, 0x61, 0x1A, 0x3E, 0xBC, 0xFF, 0xCF, 0x08, 0x61, 0x7D, 0xB3, 0xFF, 0xCF, 0x01, 0x61, 0xFD,
    0xE1, 0xFE, 0x0D, 0xD1, 0xA2, 0xF0, 0x9F, 0xED, 0x2B, 0x44, 0x4B, 0xC1, 0x7F, 0x86, 0x07, 0x10,
    0x2D, 0x17, 0xF6, 0x33, 0x34, 0xFC, 0x67, 0x02, 0xB1, 0x3E, 0xC7, 0x03, 0x15, 0x80, 0xB5, 0xFC,
    0xE4, 0x07, 0x6A, 0x02, 0x6B, 0xF9, 0xC7, 0x05, 0x34, 0x28, 0x1E, 0xE4, 0xA8, 0xFF, 0xAC, 0x40,
    0xC3, 0xF7, 0x83, 0xED, 0x02, 0x03, 0xA0, 0x96, 0x8F, 0x10, 0x16, 0x50, 0xCB, 0xB7, 0xF9, 0x2E,
    0x40, 0x00, 0x72, 0x18, 0x44, 0xDB, 0x37, 0x90, 0x51, 0x9C, 0x60, 0xF7, 0x9C, 0x07, 0x1A, 0xCF,
    0x02, 0x71, 0x23, 0xD3, 0x85, 0xF7, 0x60, 0x2B, 0x0D, 0xFE, 0x73, 0x7E, 0x9E, 0x0F, 0x71, 0xDA,
    0x5F, 0x3E, 0x00, 0x5D, 0xF7, 0x45, 0xAF, 0x78, 0x9C, 0x5D, 0xCF, 0xDD, 0x0D, 0x82, 0x30, 0x18,
    0x85, 0xE1, 0x63, 0x83, 0x28, 0x12, 0x91, 0x11, 0x18, 0x81, 0x0D, 0xF0, 0xC2, 0x7B, 0x47, 0x00,
    0x37, 0x70, 0x04, 0x47, 0x60, 0x03, 0xD8, 0x80, 0x11, 0x70, 0x03, 0x1C, 0xA1, 0x1B, 0x40, 0xFC,
    0x69, 0x8C, 0x28, 0x9F, 0xFD, 0xDA, 0x7A, 0xE3, 0xB9, 0x7A, 0x9A, 0xF0, 0x36, 0x05, 0x40, 0x32,
    0x43, 0xE1, 0x41, 0x2F, 0x1E, 0x3B, 0x4F, 0x85, 0xAC, 0x92, 0xF4, 0x7C, 0x96, 0xCC, 0x0E, 0x53,
    0xC3, 0x40, 0x2A, 0xF8, 0xCB, 0xFF, 0xD1, 0xDA, 0x21, 0xA5, 0xBD, 0x53, 0x49, 0x8D, 0x93, 0xEC,
    0xC9, 0x15, 0xF7, 0x8C, 0x16, 0x56, 0xAF, 0x70, 0x8C, 0x0C, 0x62, 0xF2, 0x1F, 0x36, 0x29, 0x08,
    0xB2, 0x35, 0x3A, 0xB7, 0x38, 0xD9, 0xE4, 0x9A, 0x23, 0xA1, 0x25, 0xEB, 0xB9, 0x01, 0xDE, 0x26,
    0x99, 0x56, 0x80, 0xCA, 0x35, 0xB6, 0x34, 0x07, 0x06, 0x4E, 0x6A, 0x32, 0x13, 0xFA, 0x68, 0xA5,
    0x13, 0x55, 0xED, 0xF4, 0x28, 0xFA, 0x65, 0x8A, 0xAF, 0x0A, 0x58, 0x43, 0x87, 0x23, 0x99, 0x5F,
    0xAD, 0x49, 0x5C, 0x7A, 0xF7, 0xEE, 0xE0, 0x56, 0xD9, 0xA7, 0x7D, 0xA2, 0x2F, 0x6F, 0x5E, 0x48,
    0xB2, 0x78, 0x9C, 0x63, 0x60, 0x70, 0x98, 0x0F, 0x42, 0x20, 0x30, 0xE1, 0x3F, 0x08, 0x81, 0x00,
    0x42, 0x0C, 0x3B, 0xF8, 0x2F, 0x0F, 0x65, 0x04, 0xFC, 0xCF, 0x87, 0xB2, 0x36, 0xFC, 0xBF, 0x0F,
    0x65, 0x7D, 0x7C, 0xFF, 0x9F, 0x19, 0xC2, 0xFA, 0x66, 0xFF, 0x9F, 0x13, 0xC2, 0xFA, 0xC3, 0xFD,
    0x9B, 0x1F, 0xCC, 0x50, 0xF8, 0xCF, 0xF6, 0x15, 0xA2, 0xA5, 0xE1, 0x3F, 0xC3, 0x83, 0xF3, 0x60,
    0xD6, 0x85, 0xFD, 0x40, 0x0E, 0x58, 0xCB, 0xE7, 0x78, 0xA0, 0x02, 0xB0, 0x96, 0x9F, 0x40, 0xE5,
    0x7F, 0xC0, 0x5A, 0xFE, 0x71, 0x01, 0x0D, 0xCA, 0x07, 0xDB, 0xC5, 0xCA, 0xC0, 0xF0, 0xE1, 0x3C,
    0xD8, 0x2E, 0x30, 0x00, 0x6A, 0xF9, 0x08, 0x61, 0x01, 0xB5, 0x7C, 0x9B, 0xEF, 0x02, 0x04, 0xFF,
    0x41, 0xDA, 0xF8, 0xC0, 0x76, 0xE7, 0xC3, 0x8C, 0x02, 0x6A, 0x69, 0xF8, 0xCF, 0x02, 0x62, 0x2D,
    0xF8, 0xCF, 0x74, 0xE1, 0x3D, 0xD8, 0x4A, 0x83, 0xFF, 0x9C, 0x9F, 0xA1, 0x1E, 0xFC, 0xCB, 0x07,
    0x00, 0xA9, 0xE6, 0x45, 0x6C, 0x78, 0x9C, 0x63, 0x60, 0x60, 0x60, 0x78, 0x59, 0xCB, 0x00, 0x01,
    0x1B, 0x7C, 0x9E, 0xB2, 0x43, 0x58, 0x1F, 0x99, 0x02, 0x78, 0xA1, 0x2C, 0x46, 0x07, 0x3E, 0x08,
    0xEB, 0x80, 0xD4, 0x41, 0x2E, 0x08, 0x4B, 0xE1, 0xCF, 0x7E, 0x46, 0xA8, 0x16, 0x01, 0x18, 0x83,
    0xE1, 0xBF, 0x3D, 0x94, 0x61, 0xF0, 0x7F, 0x3E, 0x94, 0x35, 0xE1, 0xFF, 0x7F, 0x28, 0xEB, 0xC3,
    0xFB, 0xFF, 0xAC, 0x10, 0xD6, 0x57, 0xFB, 0xFF, 0x3C, 0x10, 0xD6, 0x6F, 0xEE, 0xDF, 0xFA, 0x10,
    0x33, 0xFE, 0xB3, 0x7D, 0xED, 0x07, 0xB3, 0x0A, 0xFE, 0x33, 0x3C, 0x78, 0x0F, 0x66, 0x5D, 0xD8,
    0xCF, 0xD0, 0x00, 0xD1, 0xF2, 0x39, 0x9E, 0x41, 0xE1, 0x3F, 0x37, 0x88, 0xF5, 0x83, 0x9F, 0x81,
    0xE1, 0x8F, 0x3C, 0x88, 0xF5, 0x0F, 0xE8, 0x90, 0x6F, 0xF5, 0x40, 0x86, 0x03, 0x48, 0xCD, 0x87,
    0xFB, 0x40, 0xD6, 0x82, 0xFF, 0x60, 0xC0, 0x02, 0xE4, 0x42, 0x58, 0x20, 0x25, 0xF3, 0x5D, 0x80,
    0xE0, 0x3F, 0x50, 0xCB, 0x1F, 0xB0, 0x1F, 0xBE, 0xE5, 0x03, 0x8D, 0xE2, 0x04, 0xBB, 0xE7, 0x3C,
    0xD0, 0x78, 0x16, 0x06, 0xB0, 0x3E, 0xE6, 0x0B, 0xEF, 0xA1, 0xEE, 0xE6, 0xFC, 0x0C, 0x75, 0xF9,
    0x5F, 0x7E, 0x00, 0xE0, 0xE7, 0x48, 0xDA, 0x78, 0x9C, 0x63, 0x60, 0x00, 0x81, 0x0D, 0xFF, 0xC1,
    0x80, 0x1F, 0xCC, 0x61, 0xF8, 0x8A, 0xC2, 0xFB, 0xF7, 0xF7, 0xBE, 0x31, 0x10, 0x30, 0x83, 0x39,
    0x0D, 0xFF, 0xBF, 0xAC, 0x67, 0x80, 0x83, 0x4F, 0xFB, 0x3F, 0x20, 0xF1, 0x7E, 0xEB, 0x23, 0xF1,
    0x02, 0xFE, 0x73, 0x20, 0xF1, 0x1E, 0xBC, 0x67, 0x40, 0xE2, 0xFD, 0xC8, 0x67, 0xF8, 0x00, 0x36,
    0x13, 0xC4, 0x51, 0xF8, 0xCF, 0xCB, 0xF0, 0x01, 0x6C, 0x1F, 0xC4, 0x21, 0x2C, 0x48, 0xBC, 0xAF,
    0x40, 0x3D, 0x08, 0x7D, 0xFF, 0xF4, 0x91, 0x78, 0x0D, 0xFF, 0xFB, 0x3B, 0x3A, 0x7E, 0xEC, 0x87,
    0x39, 0x04, 0xAC, 0xE5, 0x3C, 0xCC, 0x21, 0xC8, 0xBC, 0x80, 0xFF, 0x3C, 0x0C, 0x08, 0x7D, 0x0F,
    0xFE, 0x33, 0x23, 0xF1, 0x7E, 0x80, 0xE9, 0x0F, 0xFB, 0x41, 0x6E, 0x31, 0x56, 0xF8, 0x2F, 0x0F,
    0xE6, 0x41, 0x3C, 0xBF, 0xE1, 0x3F, 0x07, 0x12, 0x0F, 0x00, 0xD3, 0xE2, 0x67, 0xB5, 0x78, 0x9C,
    0x63, 0x60, 0x68, 0x7A, 0xF3, 0x3E, 0x9B, 0x91, 0x81, 0xA1, 0xE0, 0x3F, 0x10, 0xF8, 0x31, 0x30,
    0xFC, 0x7C, 0xEF, 0x11, 0xFC, 0xF3, 0x3F, 0x73, 0xC2, 0x7F, 0x6E, 0x06, 0x06, 0x87, 0xFF, 0x7C,
    0x0F, 0xEE, 0x33, 0x00, 0xC1, 0x8F, 0xF8, 0xAF, 0xF1, 0x20, 0xFA, 0xE3, 0xFA, 0x5F, 0xFC, 0x20,
    0x7A, 0xC3, 0xDE, 0xBF, 0x3C, 0x0C, 0x60, 0xF0, 0x8F, 0x1B, 0x42, 0xFF, 0xE7, 0xC2, 0x4E, 0xC3,
    0xE4, 0x61, 0xEA, 0xA1, 0xFA, 0xD7, 0xC0, 0xCC, 0x83, 0x99, 0x9F, 0x00, 0xD2, 0xE0, 0xF0, 0x9F,
    0x97, 0xE1, 0xD7, 0x7D, 0xF7, 0xE0, 0x5F, 0xFF, 0x99, 0x19, 0x1A, 0x40, 0xEE, 0xB1, 0x05, 0xCA,
    0x35, 0xFD, 0xBB, 0x9F, 0x0D, 0xD6, 0xFA, 0x5D, 0x02, 0x62, 0xC4, 0xF5, 0xFF, 0xAC, 0x10, 0xC6,
    0x1F, 0x3E, 0x30, 0x25, 0xF0, 0x17, 0x42, 0xFF, 0xFE, 0xCF, 0x0E, 0xA6, 0xDF, 0x78, 0x03, 0x09,
    0x00, 0xA1, 0xBE, 0x3D, 0xD5, 0x78, 0x9C, 0x63, 0xF8, 0x1D, 0xCF, 0x00, 0x02, 0x17, 0xDF, 0x83,
    0x29, 0x85, 0xFF, 0x1C, 0x60, 0xFA, 0xAB, 0x3E, 0x98, 0x0A, 0xF0, 0x60, 0x80, 0x83, 0xFF, 0x60,
    0xC0, 0x0F, 0xA3, 0x6C, 0x8D, 0x81, 0x80, 0xF9, 0x3F, 0x17, 0x44, 0x8E, 0x08, 0x0A, 0x04, 0xFA,
    0xE1, 0x14, 0x48, 0xBB, 0x30, 0x51, 0xFA, 0xA0, 0x14, 0xD4, 0x3E, 0x14, 0x47, 0x00, 0x00, 0xF9,
    0x89, 0x3B, 0xA0, 0x78, 0x9C, 0x63, 0x60, 0x60, 0x38, 0xF0, 0x9F, 0x85, 0x01, 0x08, 0xBE, 0xE6,
    0x83, 0x48, 0x81, 0x7F, 0x9C, 0x20, 0x6A, 0xC2, 0x7E, 0x10, 0xC9, 0x50, 0x20, 0xCE, 0x00, 0x07,
    0xFF, 0xC1, 0x80, 0x1F, 0x46, 0xD9, 0x1A, 0x03, 0x01, 0xF3, 0x7F, 0x2E, 0x88, 0x1C, 0x11, 0x14,
    0x08, 0xF4, 0xC3, 0x29, 0x90, 0x76, 0x61, 0xA2, 0xF4, 0x41, 0x29, 0xA8, 0x7D, 0x28, 0x8E, 0x00,
    0x00, 0x04, 0x2E, 0x3B, 0xB7, 0x78, 0x9C, 0x63, 0x60, 0x78, 0x58, 0xCF, 0x00, 0x02, 0x7F, 0xFF,
    0xB1, 0x02, 0xC9, 0x0D, 0xF5, 0x0F, 0xED, 0x81, 0xD4, 0x2F, 0x4E, 0x85, 0x77, 0x4C, 0x0C, 0xA8,
    0xE0, 0x3F, 0x18, 0xF0, 0xC3, 0x28, 0x5B, 0x63, 0x20, 0x60, 0xFE, 0xCF, 0x05, 0x91, 0x23, 0x82,
    0x02, 0x81, 0x7E, 0x38, 0x05, 0xD2, 0x2E, 0x4C, 0x94, 0x3E, 0x28, 0x05, 0xB5, 0x0F, 0xC5, 0x11,
    0x00, 0x2A, 0xF8, 0x3D, 0x65, 0x78, 0x9C, 0x63, 0xF8, 0xC9, 0xC2, 0xF0, 0x85, 0x93, 0x81, 0xE1,
    0x3F, 0x27, 0xC3, 0x4F, 0x7E, 0x06, 0x06, 0x28, 0x0F, 0x05, 0xFC, 0x07, 0x03, 0x7E, 0x18, 0x65,
    0x63, 0x0C, 0x04, 0xCC, 0xFF, 0xB9, 0x20, 0x72, 0x44, 0x50, 0x20, 0xD0, 0x0F, 0xA7, 0x40, 0xDA,
    0x85, 0x89, 0xD2, 0x07, 0xA5, 0xA0, 0xF6, 0xA1, 0x38, 0x02, 0x00, 0xE9, 0xDF, 0x3B, 0xA4, 0x78,
    0x9C, 0x5B, 0xF0, 0x9F, 0x8D, 0x81, 0xE1, 0xAF, 0x1C, 0x03, 0xC3, 0xA3, 0xF9, 0x0C, 0x0C, 0x0E,
    0xFF, 0x99, 0x18, 0x18, 0x5A, 0x59, 0x18, 0xC0, 0xE0, 0x3F, 0x17, 0xB5, 0x31, 0x00, 0xED, 0xBD,
    0x1B, 0xC9, 0x78, 0x9C, 0x63, 0xD8, 0xF0, 0x9F, 0x95, 0xE1, 0x6B, 0x3D, 0x03, 0xC3, 0x5F, 0x2E,
    0x86, 0x86, 0xF3, 0x0C, 0x0C, 0x05, 0xE2, 0x0C, 0x60, 0xF0, 0x61, 0x3D, 0xF5, 0x31, 0x00, 0x29,
    0xB6, 0x28, 0x11, 0x78, 0x9C, 0x63, 0xB8, 0xD8, 0xCF, 0xC0, 0xC0, 0xF0, 0xE7, 0x1F, 0x1B, 0xC3,
    0x86, 0xFE, 0x8B, 0xFE, 0x0C, 0x3F, 0xB9, 0x14, 0xFE, 0x31, 0x33, 0x20, 0xC0, 0x87, 0xF5, 0xF4,
    0x21, 0x00, 0xFC, 0x90, 0x29, 0xEF, 0x78, 0x9C, 0xFB, 0xC9, 0xC2, 0xF0, 0x85, 0xF3, 0x3F, 0x27,
    0xC3, 0x4F, 0xFE, 0x9F, 0x20, 0x16, 0x03, 0x02, 0x2C, 0xF8, 0x4F, 0x1F, 0x02, 0x00, 0x01, 0x3B,
    0x28, 0x10, 0x78, 0x9C, 0x63, 0xF8, 0xF0, 0xFF, 0xFF, 0xFF, 0xB5, 0xAC, 0x0C, 0x0C, 0x0C, 0x20,
    0xC6, 0xFF, 0xFB, 0xCC, 0x40, 0xC6, 0x7D, 0x63, 0xE7, 0x6D, 0xFF, 0xFD, 0x81, 0x8C, 0xF5, 0x40,
    0xE1, 0xC7, 0xFF, 0x99, 0x20, 0x0C, 0x85, 0xFF, 0xDC, 0x10, 0x06, 0xC3, 0x0F, 0x7B, 0x28, 0xE3,
    0x53, 0x3F, 0x94, 0xF1, 0xE0, 0x3C, 0x94, 0xB1, 0xE1, 0xFD, 0x0F, 0xA0, 0x29, 0xFB, 0x19, 0x18,
    0x16, 0xFC, 0x87, 0x33, 0x0C, 0x3F, 0xDF, 0x37, 0x56, 0x06, 0x31, 0xA0, 0x6A, 0x0E, 0xBC, 0x47,
    0xD7, 0xF5, 0x19, 0x66, 0xCE, 0x4F, 0xA8, 0xC9, 0x0E, 0x30, 0xBB, 0xBE, 0x82, 0x6C, 0x07, 0xBA,
    0xE7, 0x38, 0xD8, 0x3D, 0x20, 0x17, 0x9E, 0x67, 0x06, 0x33, 0xDE, 0xCF, 0x65, 0x61, 0x60, 0x00,
    0x00, 0x41, 0x2D, 0x53, 0xCB, 0x78, 0x9C, 0x3D, 0xC9, 0x31, 0x0E, 0x82, 0x40, 0x14, 0x84, 0xE1,
    0x11, 0xA5, 0x80, 0x44, 0xC2, 0x09, 0x0C, 0x47, 0xA0, 0xA6, 0x81, 0x23, 0xEC, 0xCD, 0xF4, 0x06,
    0x98, 0x50, 0x1B, 0x8F, 0xE0, 0x11, 0xEC, 0xAD, 0x76, 0xEF, 0x40, 0xC3, 0x12, 0x33, 0xBE, 0x7D,
    0xFB, 0xE2, 0x14, 0xF3, 0x15, 0x3F, 0xD0, 0x1D, 0xE0, 0x4A, 0xA0, 0xDD, 0xDF, 0xE5, 0xDA, 0x00,
    0x37, 0xCA, 0x2A, 0xC0, 0x8F, 0xEE, 0xFB, 0x02, 0xD0, 0x17, 0xE8, 0x0A, 0xFC, 0xC7, 0x4B, 0xFA,
    0x3B, 0xF9, 0x34, 0x79, 0x32, 0x1B, 0x73, 0xCE, 0x7E, 0x52, 0x10, 0x87, 0x14, 0xC4, 0x7A, 0x9B,
    0xB3, 0x5E, 0x42, 0x72, 0xE2, 0x59, 0x85, 0x04, 0xD5, 0xF3, 0xA8, 0x4A, 0x50, 0x11, 0xAF, 0xD9,
    0xC0, 0x45, 0x75, 0x7C, 0xA8, 0x88, 0xCC, 0x06, 0xD3, 0x99, 0xD8, 0xCD, 0xC0, 0x1F, 0xA6, 0xB1,
    0x5C, 0xC6, 0x78, 0x9C, 0x63, 0x60, 0xF8, 0x55, 0xCF, 0x00, 0x01, 0x1B, 0xFE, 0x33, 0x41, 0x59,
    0x7F, 0x78, 0xA0, 0x8C, 0x8B, 0xFD, 0x0C, 0x38, 0x40, 0xE1, 0x9B, 0xF7, 0xD9, 0x20, 0xBA, 0xE0,
    0x3F, 0x10, 0xD8, 0x02, 0x19, 0x3F, 0xDE, 0x7B, 0x04, 0xFF, 0xFA, 0xCF, 0xCC, 0xE0, 0xF0, 0x5F,
    0x86, 0x81, 0xC1, 0xE0, 0xBF, 0x1C, 0xC3, 0x85, 0xF7, 0x8C, 0x40, 0xE1, 0x2F, 0xFD, 0x0C, 0x5F,
    0xC0, 0x16, 0x1C, 0x78, 0xCF, 0xF0, 0x53, 0x1E, 0xC4, 0x48, 0xF8, 0xCF, 0xFC, 0x87, 0x17, 0xC4,
    0x30, 0xF8, 0xCF, 0xFE, 0x8F, 0x1B, 0xC4, 0x10, 0xF8, 0xCF, 0xF1, 0x9F, 0x0B, 0x6C, 0xEA, 0x7F,
    0x4E, 0x18, 0x83, 0x0B, 0x2E, 0x02, 0x57, 0x03, 0xD7, 0x05, 0x37, 0x07, 0x6E, 0x32, 0xDC, 0x2E,
    0xB8, 0xED, 0x0C, 0xDF, 0xC1, 0xEE, 0x61, 0x01, 0xA9, 0x83, 0xBA, 0x10, 0xE6, 0x66, 0x00, 0xFA,
    0xDB, 0x43, 0x3F, 0x78, 0x9C, 0x63, 0x60, 0x60, 0x60, 0x58, 0xF0, 0x9F, 0x8D, 0x01, 0x0C, 0xBE,
    0xD6, 0x43, 0x68, 0x81, 0xFF, 0xEC, 0x10, 0xC6, 0x81, 0x7E, 0x06, 0x1C, 0xA0, 0xF0, 0xCD, 0xFB,
    0x6C, 0x10, 0x5D, 0xF0, 0x1F, 0x08, 0x6C, 0x81, 0x8C, 0x1F, 0xEF, 0x3D, 0x82, 0x7F, 0xFD, 0x67,
    0x66, 0x70, 0xF8, 0x2F, 0xC3, 0xC0, 0x60, 0xF0, 0x5F, 0x8E, 0xE1, 0xC2, 0x7B, 0x46, 0xA0, 0xF0,
    0x97, 0x7E, 0x86, 0x2F, 0x60, 0x53, 0x0F, 0xBC, 0x67, 0xF8, 0x29, 0x0F, 0x62, 0x24, 0xFC, 0x67,
    0xFE, 0xC3, 0x0B, 0x62, 0x18, 0xFC, 0x67, 0xFF, 0xC7, 0x0D, 0xB1, 0x8E, 0xE3, 0x3F, 0x17, 0xD8,
    0xD4, 0xFF, 0x9C, 0x30, 0x06, 0x17, 0x5C, 0x04, 0xAE, 0x06, 0xAE, 0x0B, 0x6E, 0x0E, 0xDC, 0x64,
    0xB8, 0x5D, 0x70, 0xDB, 0x19, 0xBE, 0x83, 0xDD, 0xC3, 0x02, 0x52, 0x07, 0x75, 0x21, 0xCC, 0xCD,
    0x00, 0xE3, 0xC3, 0x43, 0x2B, 0x78, 0x9C, 0x63, 0x60, 0x60, 0xB8, 0x38, 0x9F, 0x01, 0x02, 0xFE,
    0xFC, 0x63, 0x07, 0xD3, 0x1B, 0xE6, 0x1F, 0xC8, 0x07, 0x33, 0x7E, 0x71, 0x09, 0xFC, 0x65, 0x61,
    0xC0, 0x0A, 0x0A, 0xDF, 0xBC, 0xCF, 0x06, 0xD1, 0x05, 0xFF, 0x81, 0xC0, 0x16, 0xC8, 0xF8, 0xF1,
    0xDE, 0x23, 0xF8, 0xD7, 0x7F, 0x66, 0x06, 0x87, 0xFF, 0x32, 0x0C, 0x0C, 0x06, 0xFF, 0xE5, 0x18,
    0x2E, 0xBC, 0x67, 0x04, 0x0A, 0x7F, 0xE9, 0x67, 0xF8, 0x52, 0x0F, 0x52, 0x78, 0xE0, 0x3D, 0xC3,
    0x4F, 0x79, 0x10, 0x23, 0xE1, 0x3F, 0xF3, 0x1F, 0x5E, 0x10, 0xC3, 0xE0, 0x3F, 0xFB, 0x3F, 0x6E,
    0x10, 0x43, 0xE0, 0x3F, 0xC7, 0x7F, 0x2E, 0xB0, 0xA9, 0xFF, 0x39, 0x61, 0x0C, 0x2E, 0xB8, 0x08,
    0x5C, 0x0D, 0x5C, 0x17, 0xDC, 0x1C, 0xB8, 0xC9, 0x70, 0xBB, 0xE0, 0xB6, 0x33, 0x7C, 0x07, 0xBB,
    0x87, 0x05, 0xA4, 0x0E, 0xEA, 0x42, 0x98, 0x9B, 0x01, 0x10, 0xF3, 0x45, 0xB1, 0x78, 0x9C, 0x63,
    0x60, 0x00, 0x01, 0x61, 0x10, 0x71, 0x65, 0x3F, 0x93, 0xC2, 0x79, 0x20, 0xAD, 0xF0, 0xFF, 0x7F,
    0xFD, 0xE6, 0xF9, 0x40, 0xC6, 0x84, 0xF5, 0xC5, 0xFF, 0xFF, 0xEB, 0x03, 0x19, 0x07, 0xE4, 0x19,
    0x0E, 0xDF, 0x67, 0x61, 0xC0, 0x0A, 0x0A, 0xDF, 0xBC, 0xCF, 0x06, 0xD1, 0x05, 0xFF, 0x81, 0xC0,
    0x16, 0xC8, 0xF8, 0xF1, 0xDE, 0x23, 0xF8, 0xD7, 0x7F, 0x66, 0x06, 0x87, 0xFF, 0x32, 0x0C, 0x0C,
    0x06, 0xFF, 0xE5, 0x18, 0x2E, 0xBC, 0x67, 0x04, 0x0A, 0x7F, 0xE9, 0x67, 0xF8, 0x52, 0x0F, 0x52,
    0x78, 0xE0, 0x3D, 0xC3, 0x4F, 0x79, 0x10, 0x23, 0xE1, 0x3F, 0xF3, 0x1F, 0x5E, 0x10, 0xC3, 0xE0,
    0x3F, 0xFB, 0x3F, 0x6E, 0x10, 0x43, 0xE0, 0x3F, 0xC7, 0x7F, 0x2E, 0xB0, 0xA9, 0xFF, 0x39, 0x61,
    0x0C, 0x2E, 0xB8, 0x08, 0x5C, 0x0D, 0x5C, 0x17, 0xDC, 0x1C, 0xB8, 0xC9, 0x70, 0xBB, 0xE0, 0xB6,
    0x33, 0x7C, 0x07, 0xBB, 0x87, 0x05, 0xA4, 0x0E, 0xEA, 0x42, 0x98, 0x9B, 0x01, 0x6F, 0xF8, 0x4A,
    0x97, 0x78, 0x9C, 0x63, 0x60, 0xF8, 0xC9, 0xC2, 0xF0, 0x85, 0x93, 0x01, 0x08, 0xFE, 0x73, 0x32,
    0xFC, 0xE4, 0x07, 0x31, 0x7E, 0xC1, 0x44, 0x30, 0x41, 0xE1, 0x9B, 0xF7, 0xD9, 0x20, 0xBA, 0xE0,
    0x3F, 0x10, 0xD8, 0x02, 0x19, 0x3F, 0xDE, 0x7B, 0x04, 0xFF, 0xFA, 0xCF, 0xCC, 0xE0, 0xF0, 0x5F,
    0x86, 0x81, 0xC1, 0xE0, 0xBF, 0x1C, 0xC3, 0x85, 0xF7, 0x8C, 0x40, 0xE1, 0x2F, 0xFD, 0x0C, 0x5F,
    0xEA, 0x41, 0x0A, 0x0F, 0xBC, 0x67, 0xF8, 0x29, 0x0F, 0x62, 0x24, 0xFC, 0x67, 0xFE, 0xC3, 0x0B,
    0x62, 0x18, 0xFC, 0x67, 0xFF, 0xC7, 0x0D, 0x62, 0x08, 0xFC, 0xE7, 0xF8, 0xCF, 0xC5, 0x00, 0xB1,
    0x19, 0xC6, 0xE0, 0x82, 0x8B, 0xC0, 0xD5, 0xC0, 0x75, 0xC1, 0xCD, 0x81, 0x9B, 0x0C, 0xB7, 0x0B,
    0x6E, 0x3B, 0xC3, 0x77, 0xB0, 0x7B, 0x58, 0x40, 0xEA, 0xA0, 0x2E, 0x84, 0xB9, 0x19, 0x00, 0x3C,
    0xF7, 0x43, 0xB2, 0x78, 0x9C, 0x63, 0x60, 0x00, 0x02, 0x01, 0x86, 0x0D, 0xDC, 0x40, 0xEA, 0x19,
    0xF3, 0xF7, 0xFD, 0x0C, 0x0C, 0x09, 0xFF, 0x79, 0x37, 0xFC, 0xE7, 0x66, 0xF8, 0xFA, 0x9E, 0x89,
    0xE1, 0xF7, 0xFA, 0x80, 0xFF, 0x76, 0x0C, 0x0C, 0x07, 0xFE, 0xFF, 0xFB, 0xCF, 0x0C, 0x94, 0xFF,
    0xF3, 0xDF, 0x1E, 0xA4, 0xFA, 0xCB, 0x7F, 0x5E, 0x20, 0x69, 0xF0, 0xFF, 0x7F, 0x3F, 0x90, 0x7A,
    0xF4, 0xFF, 0xDA, 0x7F, 0x76, 0x06, 0x85, 0x7F, 0xF1, 0x02, 0x7F, 0xEB, 0x81, 0x1C, 0x36, 0x10,
    0xFE, 0x96, 0xCF, 0x00, 0x14, 0xE1, 0x69, 0x60, 0x07, 0xCA, 0x6F, 0x62, 0x64, 0x80, 0x00, 0x00,
    0xCE, 0xA0, 0x24, 0xC1, 0x78, 0x9C, 0x25, 0x8F, 0xCD, 0x09, 0xC2, 0x60, 0x10, 0x44, 0x5F, 0xF0,
    0x37, 0x91, 0x60, 0x0A, 0x90, 0xA4, 0x04, 0xD3, 0x80, 0xE0, 0xD1, 0x9B, 0x82, 0x05, 0x28, 0x78,
    0xF4, 0xA0, 0x56, 0x10, 0xAC, 0x20, 0x25, 0xD8, 0x82, 0x1D, 0x68, 0x03, 0x81, 0x74, 0xA0, 0x05,
    0x88, 0x1F, 0x4A, 0x44, 0xA3, 0xC1, 0x75, 0x13, 0xF7, 0x34, 0xB0, 0x33, 0x3B, 0x6F, 0xA1, 0x9A,
    0x87, 0x0D, 0x9B, 0x8B, 0x59, 0x7A, 0x57, 0x8B, 0xB5, 0xE8, 0x24, 0x33, 0x78, 0x99, 0xD1, 0xF4,
    0x2D, 0x5D, 0x86, 0xD2, 0x83, 0x50, 0x02, 0x52, 0x63, 0xA1, 0xEB, 0x98, 0x2C, 0xD2, 0xCC, 0x3D,
    0x31, 0xE4, 0x81, 0x8A, 0xCF, 0x42, 0x6A, 0x85, 0x0B, 0x93, 0x5D, 0x28, 0xCD, 0x6F, 0x07, 0xCE,
    0xBE, 0x27, 0xB6, 0x38, 0x90, 0x37, 0xA8, 0x44, 0x78, 0x00, 0x71, 0x54, 0x1C, 0xFB, 0x2A, 0x6C,
    0xF5, 0x3C, 0xDB, 0x78, 0xD2, 0x2E, 0x5C, 0xEF, 0x54, 0x9E, 0x6E, 0xE5, 0xC1, 0x7E, 0x0C, 0x73,
    0xA9, 0x65, 0xAB, 0x87, 0xE6, 0x8E, 0x86, 0x54, 0xCA, 0xB2, 0x2C, 0xD6, 0xF6, 0xA8, 0xB4, 0xF8,
    0xDA, 0x53, 0xF1, 0xD4, 0xA1, 0x28, 0x09, 0x07, 0x8A, 0x12, 0x6F, 0x0B, 0xB3, 0x54, 0x82, 0x9B,
    0xFB, 0x7F, 0x83, 0x1F, 0x7F, 0xE1, 0x4F, 0xE2, 0x78, 0x9C, 0x63, 0x68, 0xF8, 0xCF, 0xC9, 0x00,
    0x06, 0x3F, 0xFD, 0x21, 0xF4, 0x82, 0xF7, 0x8C, 0x10, 0xC6, 0x6F, 0x2E, 0x06, 0x4C, 0xF0, 0x1F,
    0x2C, 0xF8, 0x8B, 0x9F, 0xBE, 0xF4, 0x6F, 0xFE, 0xBF, 0xBC, 0x20, 0xFA, 0x2F, 0xEF, 0x4F, 0x7D,
    0x20, 0xA5, 0xF0, 0x9F, 0xF3, 0xD3, 0x7D, 0xA0, 0x2B, 0x2F, 0xFE, 0x67, 0x2A, 0xF8, 0xDF, 0x67,
    0xD2, 0xF2, 0x2F, 0x9F, 0x81, 0xE1, 0xFB, 0xFF, 0xFF, 0xFF, 0xDF, 0xB3, 0x01, 0xE5, 0x8E, 0xFF,
    0x3B, 0x27, 0xCE, 0xC0, 0x00, 0x00, 0x3F, 0x91, 0x38, 0x52, 0x78, 0x9C, 0x63, 0x60, 0x60, 0x60,
    0xF8, 0x31, 0x9F, 0x01, 0x04, 0x0C, 0xFE, 0x73, 0x82, 0xE9, 0x0B, 0xEB, 0xC1, 0x14, 0xC3, 0x4F,
    0x2E, 0x06, 0x4C, 0xF0, 0x1F, 0x2C, 0xF8, 0x8B, 0x9F, 0xBE, 0xF4, 0x6F, 0xFE, 0xBF, 0xBC, 0x20,
    0xFA, 0x2F, 0xEF, 0x4F, 0x7D, 0x20, 0xA5, 0xF0, 0x9F, 0xF3, 0xD3, 0x7D, 0x46, 0x06, 0x86, 0x8B,
    0xFF, 0x99, 0x0A, 0xFE, 0xF7, 0x99, 0xB4, 0xFC, 0xCB, 0x67, 0x60, 0xF8, 0xFE, 0xFF, 0xFF, 0xFF,
    0xF7, 0x6C, 0x40, 0xB9, 0xE3, 0xFF, 0xCE, 0x89, 0x33, 0x30, 0x00, 0x00, 0x29, 0x20, 0x38, 0x3E,
    0x78, 0x9C, 0x63, 0x60, 0x60, 0xF8, 0xCD, 0xCD, 0x00, 0x02, 0x0B, 0xDE, 0xAF, 0x07, 0xD3, 0x3F,
    0xB9, 0x7F, 0x73, 0x00, 0xA9, 0x86, 0xF3, 0x0C, 0x1B, 0xEA, 0x19, 0x30, 0xC0, 0x7F, 0x2E, 0x10,
    0xF9, 0x8B, 0x9F, 0xBE, 0xF4, 0x6F, 0xFE, 0xBF, 0xBC, 0x20, 0xFA, 0x2F, 0xEF, 0x4F, 0x7D, 0x20,
    0xA5, 0xF0, 0x9F, 0xF3, 0xD3, 0x7D, 0x46, 0x06, 0x86, 0x8B, 0xFF, 0x99, 0x0A, 0xFE, 0xF7, 0x99,
    0xB4, 0xFC, 0xCB, 0x67, 0x60, 0xF8, 0xFE, 0xFF, 0xFF, 0xFF, 0xF7, 0x6C, 0x40, 0xB9, 0xE3, 0xFF,
    0xCE, 0x89, 0x33, 0x30, 0x00, 0x00, 0x06, 0xD3, 0x3A, 0xB6, 0x78, 0x9C, 0x63, 0x98, 0xE0, 0xCF,
    0xE0, 0x30, 0x9F, 0x81, 0x81, 0xE1, 0xC3, 0x7C, 0x86, 0x09, 0xFF, 0x81, 0xF4, 0x02, 0x28, 0x1F,
    0x0D, 0xFC, 0xE7, 0x02, 0x91, 0xBF, 0xF8, 0xE9, 0x4B, 0xFF, 0xE6, 0xFF, 0xCB, 0x0B, 0xA2, 0xFF,
    0xF2, 0xFE, 0xD4, 0x07, 0x52, 0x0A, 0xFF, 0x39, 0x3F, 0xDD, 0x67, 0x64, 0x60, 0xB8, 0xF8, 0x9F,
    0xA9, 0xE0, 0x7F, 0x9F, 0x49, 0xCB, 0xBF, 0x7C, 0x06, 0x86, 0xEF, 0xFF, 0xFF, 0xFF, 0x7F, 0xCF,
    0x06, 0x94, 0x3B, 0xFE, 0xEF, 0x9C, 0x38, 0x03, 0x03, 0x00, 0x1A, 0xFF, 0x39, 0x97, 0x78, 0x9C,
    0x63, 0x60, 0x00, 0x82, 0x5F, 0xF9, 0x0C, 0x60, 0x60, 0xF0, 0x9F, 0x03, 0xC2, 0xB8, 0xB0, 0x1F,
    0x42, 0x33, 0x7C, 0xE3, 0x85, 0x32, 0xDA, 0x18, 0x19, 0x90, 0xC0, 0x85, 0xFF, 0x2C, 0x20, 0xEA,
    0x67, 0x7F, 0xC0, 0x7F, 0x1E, 0x20, 0x2D, 0xF0, 0x9F, 0x8F, 0xE1, 0x8F, 0x3F, 0x90, 0x31, 0xE1,
    0x3F, 0x1B, 0xC3, 0xE7, 0xF3, 0x40, 0xC6, 0xC7, 0xFB, 0x0C, 0x0C, 0x1B, 0x40, 0x8A, 0x7E, 0xC6,
    0x33, 0x30, 0x28, 0x00, 0x15, 0x29, 0x80, 0x15, 0xFE, 0xF4, 0x07, 0x2A, 0x01, 0x69, 0xFD, 0x78,
    0x9E, 0xE1, 0x13, 0xD8, 0x8E, 0x86, 0xFF, 0x2C, 0xBF, 0xF4, 0xC1, 0x66, 0xFE, 0xD3, 0xF9, 0xCF,
    0x05, 0x66, 0x7C, 0xBF, 0xFF, 0x9F, 0x11, 0x6A, 0x4B, 0x3F, 0xC4, 0xBA, 0x80, 0xFF, 0x72, 0x50,
    0x8B, 0xA1, 0x4A, 0x28, 0x62, 0x00, 0x00, 0xE5, 0xCD, 0x31, 0x74, 0x78, 0x9C, 0xFB, 0xCF, 0xC5,
    0x00, 0x02, 0xFF, 0xB1, 0x52, 0xFF, 0xFF, 0xBF, 0xEF, 0x61, 0x02, 0x51, 0xFF, 0xFF, 0xD7, 0x33,
    0xFC, 0xB7, 0x36, 0x76, 0x7E, 0xF1, 0x9F, 0x1D, 0x24, 0xA7, 0xF0, 0x4F, 0x1E, 0xAC, 0xE4, 0x6B,
    0x3E, 0x98, 0xFA, 0x38, 0x1F, 0x4C, 0x7D, 0x80, 0x50, 0x5F, 0xEA, 0xC1, 0xD4, 0x1F, 0x7D, 0x20,
    0x25, 0x70, 0xE4, 0x3F, 0x27, 0x58, 0xFB, 0x7E, 0xB0, 0x29, 0xFB, 0x59, 0x19, 0xFE, 0xDB, 0x1A,
    0x0B, 0xE1, 0xB4, 0x0F, 0x42, 0x01, 0x00, 0x56, 0x8C, 0x33, 0x4F, 0x78, 0x9C, 0x63, 0x98, 0xF4,
    0x6F, 0x1F, 0x1B, 0x03, 0x83, 0xC3, 0xFF, 0xFF, 0xFF, 0xF7, 0x33, 0x30, 0x3C, 0xFC, 0x6F, 0x7E,
    0xF5, 0x3F, 0x3B, 0xC3, 0x8F, 0x78, 0x06, 0x81, 0xFF, 0xBC, 0x0C, 0x7F, 0xF8, 0x18, 0x18, 0x7E,
    0xF3, 0x33, 0xFC, 0xE3, 0x66, 0x60, 0xF8, 0xC5, 0xCF, 0xF0, 0x9F, 0x8B, 0x81, 0xE1, 0x1F, 0x0F,
    0x88, 0x4A, 0xF8, 0xCF, 0x0A, 0xA2, 0x1E, 0xDC, 0x67, 0x00, 0x51, 0xDF, 0xFC, 0xC1, 0xD4, 0x4F,
    0x7E, 0x30, 0xF5, 0x43, 0x1F, 0x4C, 0x7D, 0x3E, 0x0F, 0xA6, 0x1A, 0xFE, 0xCB, 0x80, 0xF5, 0xFD,
    0x7C, 0xCF, 0x04, 0xA2, 0x12, 0xFE, 0xCB, 0x81, 0x28, 0x86, 0xAF, 0xEB, 0xC1, 0xD4, 0x81, 0xF7,
    0x60, 0x6A, 0xC1, 0x7F, 0x30, 0xF5, 0xF0, 0xFC, 0x7F, 0xAE, 0x27, 0x1E, 0xC1, 0x7F, 0xF3, 0xFF,
    0x73, 0xFD, 0x00, 0xBA, 0x86, 0xFB, 0x3F, 0x57, 0xF3, 0x9B, 0xF7, 0xD1, 0x0C, 0x00, 0x9A, 0x1E,
    0x41, 0x20, 0x78, 0x9C, 0x63, 0xF8, 0x72, 0x9E, 0x01, 0x04, 0x02, 0xFE, 0xB3, 0x81, 0xE9, 0xEF,
    0xF2, 0x60, 0x6A, 0xC2, 0x7E, 0x30, 0xC5, 0x20, 0xC8, 0x80, 0x00, 0x05, 0x6F, 0xDE, 0x7B, 0x31,
    0x30, 0x18, 0xFC, 0xFB, 0xFF, 0xFF, 0x3F, 0x27, 0xC3, 0xC3, 0xFF, 0x1E, 0xC9, 0xFF, 0xE2, 0x19,
    0xBE, 0xC7, 0x33, 0x30, 0x7C, 0x3A, 0xCF, 0x90, 0x0C, 0xD4, 0xBC, 0xE1, 0x3D, 0x58, 0xD5, 0x82,
    0xFF, 0x0C, 0x0C, 0x85, 0x6F, 0x80, 0x6A, 0x80, 0x46, 0x82, 0x00, 0xC3, 0xE7, 0xFF, 0x59, 0x26,
    0x87, 0xFF, 0x33, 0xFC, 0xB6, 0x07, 0xCB, 0xFD, 0xE3, 0x66, 0x60, 0x38, 0xF0, 0x9F, 0xE1, 0x3F,
    0x17, 0x03, 0xC3, 0x87, 0xFF, 0x0C, 0x7F, 0xE4, 0x80, 0x36, 0xFE, 0x67, 0xF8, 0x76, 0xDF, 0x74,
    0xEB, 0xFF, 0xFF, 0x8C, 0x0B, 0x80, 0xCA, 0xD7, 0xFE, 0x67, 0x61, 0x38, 0xFA, 0xAF, 0xD6, 0x60,
    0x37, 0x2B, 0x00, 0x08, 0x45, 0x3D, 0xD9, 0x78, 0x9C, 0x45, 0x8C, 0x31, 0x0E, 0x01, 0x61, 0x10,
    0x85, 0xBF, 0x4D, 0x88, 0x88, 0x43, 0x70, 0x03, 0x1A, 0xD1, 0x6A, 0xA9, 0xDC, 0x60, 0x37, 0x71,
    0x01, 0x85, 0xD6, 0x5D, 0x5C, 0x40, 0x68, 0x54, 0x6A, 0x8D, 0x66, 0xF7, 0x06, 0xA2, 0x27, 0x3F,
    0x5B, 0xD8, 0x84, 0xEC, 0x3C, 0xB3, 0x7F, 0xE3, 0x15, 0x6F, 0x32, 0xF3, 0xBE, 0x37, 0x40, 0xA6,
    0x2E, 0xAE, 0xD7, 0xBE, 0x71, 0xBE, 0xBD, 0xC6, 0xB3, 0x3C, 0x2E, 0x24, 0xFC, 0xB5, 0xBA, 0x87,
    0x39, 0x0C, 0x6A, 0xC9, 0x0B, 0x37, 0xCD, 0x96, 0x96, 0x52, 0xA5, 0x50, 0xE6, 0xAC, 0x3B, 0x70,
    0x08, 0x91, 0xDA, 0x0A, 0x16, 0x97, 0x87, 0x89, 0xA9, 0x39, 0x29, 0xCA, 0x30, 0x49, 0xFC, 0xF8,
    0x19, 0xC6, 0xCC, 0xFC, 0x7D, 0x21, 0xE4, 0xE3, 0x29, 0xEA, 0x3E, 0x54, 0xE2, 0x7D, 0x1D, 0x1F,
    0x25, 0xA7, 0xA4, 0x9D, 0x5A, 0x9C, 0x6D, 0x33, 0x3A, 0xB5, 0x7F, 0x98, 0xA0, 0x3C, 0x8C, 0x78,
    0x9C, 0x63, 0x60, 0x98, 0x70, 0x9E, 0x01, 0x04, 0x7E, 0xFC, 0xE5, 0x06, 0x92, 0x09, 0xE7, 0x1B,
    0xD6, 0x03, 0xA9, 0xCB, 0x32, 0x0C, 0x37, 0xD9, 0x18, 0xD0, 0x40, 0xC1, 0x9B, 0xF7, 0x5E, 0x0C,
    0x0C, 0x06, 0xFF, 0xFE, 0xFF, 0xFF, 0xCF, 0xC9, 0xF0, 0xF0, 0xBF, 0x47, 0xF2, 0xBF, 0x78, 0x86,
    0xEF, 0xF1, 0x0C, 0x0C, 0x9F, 0xCE, 0x33, 0x24, 0x03, 0x15, 0x6F, 0x78, 0x0F, 0x56, 0xB5, 0xE0,
    0x3F, 0x03, 0x43, 0xE1, 0x1B, 0xA0, 0x1A, 0x86, 0x80, 0xFF, 0x20, 0xC0, 0xF0, 0xF9, 0x7F, 0x96,
    0xC9, 0xE1, 0xFF, 0x0C, 0xBF, 0xED, 0xC1, 0x72, 0xFF, 0x80, 0xB6, 0x1C, 0xF8, 0xCF, 0xF0, 0x9F,
    0x8B, 0x81, 0xE1, 0xC3, 0x7F, 0x86, 0x3F, 0x72, 0x0C, 0x0C, 0xDF, 0xFF, 0x33, 0x7C, 0xBB, 0x6F,
    0xBA, 0xF5, 0xFF, 0x7F, 0xC6, 0x05, 0x40, 0xE5, 0x6B, 0xFF, 0xB3, 0x30, 0x1C, 0xFD, 0x57, 0x6B,
    0xB0, 0x9B, 0x15, 0x00, 0x12, 0xC0, 0x3F, 0xD6, 0x78, 0x9C, 0x5D, 0xCD, 0x4F, 0x0A, 0x01, 0x71,
    0x1C, 0x86, 0xF1, 0x47, 0xA1, 0xB0, 0x63, 0xAF, 0xE4, 0x02, 0x16, 0x6C, 0xE6, 0x00, 0x92, 0x0D,
    0x37, 0x18, 0x35, 0x3B, 0x2B, 0x4E, 0xE0, 0x04, 0x6A, 0x8E, 0x60, 0x63, 0x6F, 0x33, 0x2B, 0x25,
    0x37, 0x98, 0x85, 0x03, 0xC8, 0x4E, 0x91, 0x11, 0xF9, 0x53, 0xF4, 0x7D, 0xFD, 0x66, 0x96, 0x9E,
    0xED, 0xFB, 0xA9, 0x17, 0x5C, 0x35, 0x08, 0x2F, 0xDE, 0x28, 0x86, 0xB7, 0xA4, 0x19, 0x58, 0xF7,
    0xA8, 0x32, 0x34, 0xA1, 0xCA, 0x7F, 0x93, 0x73, 0xD2, 0x87, 0x96, 0x39, 0x59, 0xE2, 0xA0, 0x5E,
    0x60, 0x3E, 0x2F, 0x1F, 0x6E, 0x31, 0x41, 0x11, 0x56, 0x49, 0xA6, 0x16, 0x82, 0xE9, 0xC9, 0x19,
    0x86, 0x4A, 0xE3, 0xAE, 0x71, 0x7B, 0x27, 0x3E, 0x83, 0x6C, 0xB3, 0x0A, 0x6C, 0x45, 0x7A, 0x72,
    0x15, 0xDF, 0x3A, 0x3C, 0xC4, 0x73, 0xDF, 0x59, 0x4A, 0xB9, 0xD0, 0xF1, 0x8D, 0xF2, 0x44, 0x36,
    0x6F, 0xAC, 0x0B, 0x3F, 0x0D, 0xA2, 0x43, 0x22, 0x78, 0x9C, 0x63, 0xF8, 0xC2, 0xC9, 0x00, 0x44,
    0x0C, 0x3F, 0xF9, 0x41, 0x88, 0x01, 0xCA, 0x43, 0x05, 0x05, 0x6F, 0xDE, 0x7B, 0x31, 0x30, 0x18,
    0xFC, 0xFB, 0xFF, 0xFF, 0x3F, 0x27, 0xC3, 0xC3, 0xFF, 0x1E, 0xC9, 0xFF, 0xE2, 0x19, 0xBE, 0xC7,
    0x33, 0x30, 0x7C, 0x3A, 0xCF, 0x90, 0xCC, 0xC6, 0xC0, 0xB0, 0xE1, 0x3D, 0x58, 0xD5, 0x82, 0xFF,
    0x0C, 0x0C, 0x85, 0x6F, 0x80, 0x6A, 0x18, 0x02, 0xFE, 0x83, 0x00, 0xC3, 0xE7, 0xFF, 0x51, 0x26,
    0x87, 0xFF, 0x33, 0xFC, 0xB6, 0x07, 0xCB, 0xFD, 0xE3, 0x66, 0x60, 0x38, 0xF0, 0x9F, 0xE1, 0x3F,
    0x17, 0x03, 0xC3, 0x87, 0xFF, 0x0C, 0x7F, 0xE4, 0x18, 0x18, 0xBE, 0xFF, 0x67, 0xF8, 0x76, 0xDF,
    0x74, 0xEB, 0xFF, 0xFF, 0x8C, 0x0B, 0x80, 0xCA, 0xE7, 0xFC, 0x67, 0x61, 0x38, 0xF6, 0x3F, 0xC7,
    0x61, 0x37, 0x2B, 0x00, 0x28, 0x4E, 0x3E, 0x2F, 0x78, 0x9C, 0x45, 0x8A, 0x3D, 0x0E, 0x01, 0x51,
    0x14, 0x46, 0x8F, 0xC4, 0x4F, 0x50, 0xA0, 0x96, 0x10, 0x3B, 0x50, 0xB0, 0x07, 0xD1, 0xB0, 0x83,
    0x91, 0x4C, 0xA7, 0x62, 0x05, 0x36, 0x60, 0x12, 0x89, 0x0D, 0x4C, 0xA3, 0x45, 0xA3, 0x9A, 0x46,
    0x6C, 0x40, 0xA1, 0x27, 0x6A, 0x92, 0x11, 0x82, 0x82, 0xBC, 0xCF, 0x7B, 0xD3, 0x38, 0xC5, 0x3D,
    0xC9, 0x77, 0x0F, 0xCC, 0x8E, 0x39, 0x2C, 0xD1, 0x7C, 0x62, 0x6F, 0xB9, 0x4E, 0xEC, 0x54, 0xC2,
    0xB8, 0x71, 0x3A, 0x58, 0x39, 0xED, 0x54, 0x75, 0xA2, 0xC2, 0x9F, 0xD1, 0x35, 0xEE, 0x42, 0xD3,
    0x48, 0xCA, 0x73, 0x56, 0xC7, 0x37, 0x1E, 0x6F, 0x0F, 0xEE, 0x7B, 0xFC, 0x2C, 0xAC, 0xE3, 0xA4,
    0x0A, 0x05, 0xE3, 0x8B, 0x6D, 0xE8, 0xCB, 0xC1, 0x43, 0xC3, 0xD6, 0x41, 0x7C, 0x7A, 0xC9, 0xCF,
    0x14, 0x61, 0x2B, 0x54, 0x80, 0x9B, 0xF8, 0xD6, 0xE0, 0x29, 0x5E, 0xA7, 0xF6, 0x42, 0x4A, 0x85,
    0x36, 0x5F, 0x2A, 0xCD, 0xC6, 0x04, 0x8D, 0x28, 0xF3, 0x03, 0x21, 0xAA, 0x41, 0x4F, 0x78, 0x9C,
    0x63, 0x68, 0xFC, 0xF3, 0xDE, 0x8B, 0x21, 0xE1, 0x0D, 0x90, 0x60, 0x70, 0xF8, 0x0F, 0x04, 0x12,
    0x7F, 0x81, 0x04, 0x27, 0xC3, 0xA7, 0xFF, 0x9E, 0xC9, 0xFF, 0xFE, 0xFF, 0xF7, 0x0C, 0xFE, 0xD3,
    0xCF, 0xF0, 0x23, 0x9E, 0x01, 0xC8, 0x07, 0x12, 0x0B, 0xFE, 0x33, 0x26, 0xB3, 0x33, 0x30, 0x5C,
    0xF8, 0xCF, 0xCD, 0xC0, 0xA0, 0xF0, 0x9F, 0x95, 0x01, 0x08, 0x3E, 0xFC, 0x67, 0x01, 0x92, 0xFF,
    0x39, 0x18, 0x26, 0x83, 0xF4, 0x81, 0x01, 0x57, 0xC3, 0x7F, 0x38, 0xE0, 0xFA, 0xFA, 0xDF, 0xD3,
    0xF8, 0xF3, 0x7F, 0x63, 0x10, 0x60, 0xFA, 0xE3, 0x0F, 0x52, 0xCF, 0x08, 0xD2, 0xC6, 0xF0, 0x9F,
    0x07, 0xA6, 0x17, 0xC8, 0xE6, 0x02, 0xB1, 0xB9, 0xC1, 0xEC, 0xBF, 0x7C, 0x0C, 0x0C, 0xDF, 0xFE,
    0xD7, 0x03, 0x59, 0xC5, 0x0C, 0xDF, 0xCF, 0x9B, 0x1E, 0xFD, 0xFF, 0xEE, 0x7F, 0xB4, 0xF3, 0xB6,
    0xFF, 0x8C, 0x07, 0x80, 0x86, 0xED, 0x57, 0x04, 0xD9, 0x71, 0x9E, 0x91, 0xE1, 0xF8, 0xFF, 0x75,
    0x2C, 0x0C, 0x01, 0xAF, 0xFF, 0xAF, 0x65, 0x61, 0x00, 0x00, 0x50, 0xE0, 0x5E, 0x69, 0x78, 0x9C,
    0x63, 0x50, 0xB8, 0xF9, 0xBE, 0x86, 0x91, 0x81, 0xE1, 0xFB, 0xFF, 0xFF, 0xFF, 0xED, 0x18, 0x12,
    0xFE, 0xD7, 0xB9, 0xFC, 0x78, 0xCF, 0xF8, 0xF1, 0x3E, 0x23, 0x83, 0xC1, 0x7F, 0x8E, 0xEF, 0xFE,
    0x0C, 0x0C, 0x0C, 0x3F, 0x78, 0x7F, 0xF3, 0x01, 0xA9, 0xC9, 0x9C, 0xFF, 0x78, 0x18, 0x40, 0xE0,
    0x3F, 0x17, 0x32, 0x05, 0x15, 0x04, 0x2B, 0x31, 0x60, 0x02, 0x6B, 0xF8, 0xCE, 0x07, 0xD2, 0xAE,
    0xF0, 0x8F, 0x13, 0x64, 0xD8, 0xF3, 0xF7, 0x8C, 0x60, 0xA3, 0x75, 0x81, 0xD2, 0x3F, 0xFF, 0xE7,
    0x80, 0xD4, 0x3E, 0xF0, 0x07, 0x6B, 0xD9, 0xF0, 0x5F, 0x16, 0x4C, 0x7F, 0xEA, 0x07, 0x53, 0x5F,
    0xE7, 0x83, 0xC8, 0x47, 0xFF, 0xF5, 0xC1, 0x62, 0x73, 0x99, 0x18, 0x18, 0x00, 0xE6, 0x2B, 0x30,
    0x9B, 0x78, 0x9C, 0x63, 0xF8, 0x72, 0x9E, 0x01, 0x04, 0x12, 0xFE, 0xB3, 0x83, 0xE9, 0xEF, 0xFA,
    0x60, 0x6A, 0x02, 0x44, 0x94, 0x41, 0x90, 0x01, 0x01, 0x04, 0x6E, 0xBC, 0xCF, 0x01, 0x52, 0x5F,
    0xFF, 0xFF, 0xFF, 0xCF, 0xCD, 0xE0, 0xF0, 0x3F, 0xCF, 0xF9, 0xD7, 0x7A, 0x86, 0x07, 0xEF, 0x19,
    0x19, 0x26, 0xFC, 0x67, 0xFA, 0x16, 0x0F, 0x94, 0xFE, 0xCF, 0xF1, 0x9B, 0x0F, 0x28, 0xFF, 0x87,
    0xE7, 0x9F, 0x9D, 0xB1, 0xB1, 0xF1, 0x6F, 0xBE, 0xFF, 0x60, 0xC0, 0x0F, 0xA5, 0xFE, 0x71, 0x83,
    0x0D, 0xF9, 0xC3, 0x07, 0xB1, 0x26, 0x1E, 0x4C, 0x7D, 0x7C, 0xCF, 0xC4, 0xC0, 0xF0, 0x9C, 0x39,
    0xE1, 0x7F, 0xBF, 0xC9, 0xB1, 0xFF, 0x6C, 0x0C, 0xDF, 0x80, 0x0A, 0xEB, 0x19, 0x18, 0x14, 0x6E,
    0xFC, 0x9F, 0xCB, 0xC4, 0x00, 0x00, 0x6E, 0x3D, 0x37, 0x91, 0x78, 0x9C, 0x63, 0x60, 0x60, 0x08,
    0xF8, 0xCF, 0xC5, 0x00, 0x04, 0x0F, 0xF7, 0x83, 0x48, 0x86, 0xDF, 0x3C, 0x20, 0x32, 0xE0, 0x3E,
    0x23, 0x98, 0x07, 0x21, 0x21, 0x40, 0xE0, 0xC6, 0xFB, 0x1C, 0x20, 0xF5, 0xF5, 0xFF, 0xFF, 0xFF,
    0xDC, 0x0C, 0x0E, 0xFF, 0xF3, 0x9C, 0x7F, 0xAD, 0x67, 0x78, 0xF0, 0x9E, 0x91, 0x61, 0xC2, 0x7F,
    0xA6, 0x6F, 0xF1, 0x40, 0xE9, 0xFF, 0x1C, 0xBF, 0xF9, 0x80, 0xF2, 0x7F, 0x78, 0xFE, 0xD9, 0x19,
    0x1B, 0x1B, 0xFF, 0xE6, 0xFB, 0x0F, 0x06, 0xFC, 0x50, 0xEA, 0x1F, 0x37, 0xD8, 0x90, 0x3F, 0x7C,
    0x60, 0xEA, 0x7B, 0x3C, 0x98, 0xFA, 0xF8, 0x9E, 0x89, 0x81, 0xE1, 0x39, 0x73, 0xC2, 0xFF, 0x7E,
    0x93, 0x63, 0xFF, 0xD9, 0x18, 0xBE, 0x01, 0x15, 0xD6, 0x33, 0x30, 0x28, 0xDC, 0xF8, 0x3F, 0x97,
    0x89, 0x01, 0x00, 0x18, 0xA6, 0x37, 0x03, 0x78, 0x9C, 0x63, 0x60, 0x98, 0x70, 0x9F, 0x91, 0x01,
    0x08, 0x7E, 0xFC, 0xE5, 0x01, 0x92, 0x05, 0xE7, 0x0B, 0xF6, 0x03, 0xA9, 0x2B, 0x32, 0x0C, 0x37,
    0x38, 0x18, 0xD0, 0x80, 0xC0, 0x8D, 0xF7, 0x39, 0x40, 0xEA, 0xEB, 0xFF, 0xFF, 0xFF, 0xB9, 0x19,
    0x1C, 0xFE, 0xE7, 0x39, 0xFF, 0x5A, 0xCF, 0xF0, 0xE0, 0x3D, 0x23, 0xC3, 0x84, 0xFF, 0x4C, 0xDF,
    0xE2, 0x81, 0xD2, 0xFF, 0x39, 0x7E, 0xF3, 0x01, 0xE5, 0xFF, 0xF0, 0xFC, 0xB3, 0x37, 0x36, 0x36,
    0xFE, 0xCD, 0xF7, 0x1F, 0x0C, 0xF8, 0xA1, 0xD4, 0x3F, 0x6E, 0xB0, 0x21, 0x7F, 0xF8, 0xC0, 0xD4,
    0xF7, 0x78, 0x30, 0xF5, 0xF1, 0x3D, 0x13, 0x03, 0xC3, 0x73, 0xE6, 0x84, 0xFF, 0xFD, 0x26, 0xC7,
    0xFE, 0xB3, 0x31, 0x7C, 0x03, 0x2A, 0xAC, 0x67, 0x60, 0x50, 0xB8, 0xF1, 0x7F, 0x2E, 0x13, 0x03,
    0x00, 0x72, 0xD5, 0x39, 0x82, 0x78, 0x9C, 0x63, 0xF8, 0xC2, 0xC9, 0x00, 0x44, 0x0C, 0x3F, 0xF9,
    0x41, 0x88, 0x01, 0xCA, 0x43, 0x05, 0x02, 0x37, 0xDE, 0xE7, 0x00, 0xA9, 0xAF, 0xFF, 0xFF, 0xFF,
    0xE7, 0x66, 0x70, 0xF8, 0x9F, 0xE7, 0xFC, 0x6B, 0x3D, 0xC3, 0x83, 0xF7, 0x8C, 0x0C, 0x13, 0xFE,
    0x33, 0x7D, 0x8B, 0x07, 0x4A, 0xFF, 0xE7, 0xF8, 0xCD, 0x07, 0x94, 0xFF, 0xC3, 0xF3, 0xCF, 0xDE,
    0xD8, 0xD8, 0xF8, 0x37, 0xDF, 0x7F, 0x30, 0xE0, 0x87, 0x52, 0xFF, 0xB8, 0xC1, 0x86, 0xFC, 0xE1,
    0x03, 0x53, 0x3F, 0xE2, 0xC1, 0xD4, 0xC7, 0xF7, 0x4C, 0x0C, 0x0C, 0xA7, 0x99, 0x12, 0xFE, 0xD7,
    0xBB, 0x5C, 0xFF, 0xCF, 0xC6, 0xF0, 0x0D, 0xA8, 0x30, 0x9F, 0x81, 0x41, 0xE1, 0xE6, 0xFF, 0xB9,
    0x4C, 0x0C, 0x00, 0x76, 0x4D, 0x37, 0xBD, 0x78, 0x9C, 0x9B, 0xF0, 0x9F, 0x9D, 0x81, 0xE1, 0x97,
    0x3D, 0x03, 0xC3, 0x86, 0xFB, 0x0C, 0x0C, 0x0C, 0xAF, 0x81, 0x1C, 0x18, 0xF8, 0xCF, 0x45, 0x09,
    0x06, 0x00, 0xC1, 0xD3, 0x15, 0xE1, 0x78, 0x9C, 0x63, 0x58, 0xF0, 0x9F, 0x8D, 0xE1, 0x5B, 0x3E,
    0x83, 0x02, 0x90, 0x5A, 0x50, 0xC7, 0x00, 0x07, 0x1F, 0xD6, 0x53, 0x86, 0x01, 0x17, 0xDA, 0x1F,
    0x3E, 0x78, 0x9C, 0x63, 0xB8, 0xB8, 0x9E, 0x81, 0x41, 0xE0, 0xEF, 0x1F, 0x4E, 0x86, 0x8B, 0xF9,
    0x0B, 0xE6, 0x33, 0x6C, 0x67, 0x63, 0xD8, 0xC1, 0xC2, 0x80, 0x00, 0x1F, 0xD6, 0x53, 0x95, 0x00,
    0x00, 0x23, 0x2B, 0x21, 0x7B, 0x78, 0x9C, 0xFB, 0xC9, 0xC2, 0xF0, 0x85, 0xF3, 0x3F, 0x27, 0xC3,
    0x4F, 0xFE, 0x9F, 0x20, 0x16, 0x03, 0x02, 0x2C, 0xF8, 0x4F, 0x55, 0x02, 0x00, 0x75, 0x93, 0x1F,
    0xF5, 0x78, 0x9C, 0x63, 0xD8, 0x2E, 0xC6, 0x00, 0x02, 0x7F, 0xFF, 0x4B, 0x30, 0x6C, 0x63, 0x60,
    0xB8, 0xF1, 0xFF, 0xFD, 0xD6, 0xFF, 0xCC, 0x0C, 0x0C, 0x47, 0xFE, 0xFF, 0xD7, 0x01, 0x8A, 0x0A,
    0xFC, 0xFF, 0xCF, 0x06, 0xA4, 0x9E, 0xFE, 0xFF, 0xAF, 0xCF, 0xC0, 0xA0, 0xF0, 0x9F, 0xFD, 0xCB,
    0x7D, 0x20, 0xCF, 0x8C, 0x61, 0xC2, 0x7F, 0x56, 0xA0, 0x9C, 0x90, 0xC0, 0x7F, 0x1E, 0x86, 0x82,
    0xBF, 0xFF, 0x63, 0x7F, 0xC9, 0x0B, 0xFC, 0xF9, 0x0F, 0x04, 0xFE, 0x0B, 0xFE, 0xFB, 0x30, 0x34,
    0xFD, 0xAF, 0xFF, 0xBC, 0x1F, 0xA8, 0xEA, 0x7B, 0xFF, 0x4F, 0xA0, 0x1E, 0x86, 0x0F, 0xF3, 0xFF,
    0xF2, 0x82, 0xA8, 0xF5, 0xFF, 0xB9, 0xC0, 0x3C, 0x30, 0xF5, 0xA9, 0x1F, 0x2C, 0xF8, 0x2D, 0xFE,
    0x67, 0x3C, 0x90, 0xFA, 0x23, 0xFF, 0xE9, 0x3D, 0x23, 0x43, 0xC2, 0x7F, 0xCE, 0x82, 0xFF, 0x75,
    0xCE, 0x3F, 0x81, 0x36, 0x7C, 0x07, 0x9A, 0xA5, 0x0B, 0xB4, 0xEF, 0xE6, 0xFF, 0x1C, 0x06, 0x06,
    0x00, 0xA0, 0x96, 0x43, 0xB0, 0x78, 0x9C, 0x63, 0x60, 0x60, 0x60, 0x50, 0x60, 0x62, 0x78, 0x9E,
    0xC7, 0xF0, 0x81, 0x3F, 0xE0, 0xFF, 0x7F, 0xAF, 0x9F, 0x3C, 0x07, 0xD6, 0x2F, 0xFE, 0xFF, 0x9F,
    0xF5, 0x83, 0x3C, 0xC3, 0xB3, 0x3A, 0x06, 0x64, 0xF0, 0x9F, 0xEB, 0xD8, 0xFF, 0x1C, 0x86, 0xFF,
    0xBB, 0xFF, 0xFF, 0xFF, 0xCF, 0x05, 0x54, 0x98, 0xFC, 0xCF, 0xFE, 0x7F, 0x3E, 0x03, 0xC3, 0x97,
    0xFE, 0xFF, 0xFC, 0x0C, 0x0C, 0x1F, 0xF6, 0x83, 0xC8, 0x0B, 0xE7, 0xFF, 0xF3, 0x80, 0x49, 0x2E,
    0x72, 0x48, 0x00, 0x6D, 0xDA, 0x3B, 0x6C, 0x78, 0x9C, 0x63, 0x78, 0xF4, 0x9E, 0x91, 0x01, 0x08,
    0x0C, 0xFE, 0x73, 0x81, 0x28, 0x86, 0xAF, 0xFE, 0x60, 0x2A, 0x01, 0x22, 0xCA, 0x20, 0xC0, 0x80,
    0x00, 0x02, 0x37, 0xFE, 0xF7, 0x02, 0x45, 0xBF, 0xFE, 0xFF, 0xFF, 0x3F, 0x9E, 0xC1, 0xE1, 0x7F,
    0xBD, 0xCB, 0x8F, 0xFF, 0x2C, 0x0F, 0xDE, 0x33, 0x31, 0x28, 0xFC, 0xE3, 0xFB, 0x96, 0x0F, 0x94,
    0xFF, 0x96, 0xFF, 0x9B, 0x1F, 0x48, 0x7D, 0xD8, 0xFF, 0x8F, 0x07, 0x48, 0x1D, 0x78, 0x0F, 0x36,
    0x71, 0xC1, 0x7F, 0x28, 0x05, 0x15, 0x84, 0x2A, 0xF9, 0x16, 0x0F, 0xD6, 0x00, 0xD5, 0xEE, 0xF0,
    0xBF, 0x1F, 0x64, 0x18, 0xD4, 0x68, 0xA8, 0x45, 0x00, 0x0B, 0x20, 0x36, 0xF8, 0x78, 0x9C, 0x63,
    0x60, 0x60, 0x30, 0xF8, 0x2F, 0xCB, 0x00, 0x04, 0x17, 0xEE, 0x33, 0x82, 0xA8, 0x1F, 0x72, 0x20,
    0xD2, 0xE0, 0x3D, 0x13, 0x88, 0x62, 0x00, 0x0B, 0x41, 0x81, 0xC0, 0x8D, 0xFF, 0xBD, 0x40, 0xFE,
    0xD7, 0xFF, 0xFF, 0xFF, 0xC7, 0x33, 0x38, 0xFC, 0xAF, 0x77, 0xF9, 0xF1, 0x9F, 0xE5, 0x01, 0x50,
    0x9D, 0xC2, 0x3F, 0xBE, 0x6F, 0xF9, 0x40, 0xF9, 0x6F, 0xF9, 0xBF, 0xF9, 0x81, 0xD4, 0x87, 0xFD,
    0xFF, 0x78, 0x80, 0xD4, 0x81, 0xF7, 0xFF, 0xB9, 0x80, 0xD4, 0x82, 0xFF, 0x50, 0x0A, 0x2A, 0x08,
    0x55, 0xF2, 0x2D, 0x1E, 0xAC, 0x01, 0xAA, 0xDD, 0xE1, 0x7F, 0x3F, 0xC8, 0x30, 0xA8, 0xD1, 0x50,
    0x8B, 0x00, 0xBF, 0xD6, 0x36, 0x7D, 0x78, 0x9C, 0x63, 0x60, 0x48, 0xF8, 0xCF, 0xC4, 0x00, 0x04,
    0x5F, 0xFF, 0xEA, 0x01, 0x49, 0x87, 0xF7, 0x8E, 0xF7, 0x19, 0x19, 0x18, 0x2E, 0xE9, 0x32, 0x5C,
    0xE5, 0x62, 0x40, 0x03, 0x02, 0x37, 0xFE, 0xF7, 0x02, 0xE5, 0xBE, 0xFE, 0xFF, 0xFF, 0x3F, 0x9E,
    0xC1, 0xE1, 0x7F, 0xBD, 0xCB, 0x8F, 0xFF, 0x2C, 0x0F, 0xDE, 0x33, 0x31, 0x28, 0xFC, 0xE3, 0xFB,
    0x96, 0x0F, 0x94, 0xFF, 0x96, 0xFF, 0x9B, 0x1F, 0x48, 0x7D, 0xD8, 0xFF, 0x8F, 0x07, 0x48, 0x1D,
    0x78, 0xFF, 0x1F, 0x64, 0xC2, 0x82, 0xFF, 0x50, 0x0A, 0x2A, 0x08, 0x55, 0xF2, 0x2D, 0x1E, 0xAC,
    0x01, 0xAA, 0xDD, 0xE1, 0x7F, 0x9D, 0xCB, 0xF7, 0xFF, 0x2C, 0x50, 0xA3, 0xA1, 0x16, 0x01, 0x00,
    0x16, 0x31, 0x38, 0xE6, 0x78, 0x9C, 0x63, 0x60, 0x00, 0x02, 0x25, 0x06, 0x86, 0x86, 0x77, 0x5E,
    0x0E, 0xEF, 0x19, 0x18, 0x7E, 0xFC, 0xFF, 0xFF, 0x7F, 0x3E, 0x03, 0xC3, 0x3F, 0xB7, 0xE7, 0xFF,
    0x65, 0x18, 0x18, 0x94, 0xC1, 0x52, 0x68, 0x40, 0xE0, 0xC6, 0xFF, 0x5E, 0x46, 0x06, 0x86, 0xAF,
    0x40, 0x95, 0xF1, 0x0C, 0x0E, 0xFF, 0xEB, 0x5D, 0x7E, 0xFC, 0x67, 0x79, 0xF0, 0x9E, 0x89, 0x41,
    0xE1, 0x1F, 0xDF, 0xB7, 0x7C, 0xA0, 0xFC, 0xB7, 0xFC, 0xDF, 0xFC, 0x40, 0xEA, 0xC3, 0xFE, 0x7F,
    0x3C, 0x40, 0xEA, 0xC0, 0xFB, 0xFF, 0x5C, 0x40, 0x6A, 0xC1, 0x7F, 0x28, 0x05, 0x15, 0x84, 0x2A,
    0xF9, 0x16, 0x0F, 0xD6, 0x00, 0xD5, 0xEE, 0xF0, 0xBF, 0xCE, 0xE5, 0xFB, 0x7F, 0x16, 0xA8, 0xD1,
    0x50, 0x8B, 0x00, 0x25, 0x62, 0x3C, 0x5F, 0x78, 0x9C, 0x63, 0xF8, 0xC2, 0xC9, 0xF0, 0x93, 0x85,
    0x81, 0xE1, 0x27, 0x3F, 0xC3, 0x7F, 0x4E, 0x06, 0x06, 0x28, 0x0F, 0x15, 0x08, 0xDC, 0xF8, 0xDF,
    0xCB, 0xC8, 0xC0, 0xF0, 0xF5, 0xFF, 0xFF, 0xFF, 0xF1, 0x0C, 0x0E, 0xFF, 0xEB, 0x5D, 0x7E, 0xFC,
    0x67, 0x79, 0xF0, 0x9E, 0x89, 0x41, 0xE1, 0x1F, 0xDF, 0xB7, 0x7C, 0xA0, 0xFC, 0xB7, 0xFC, 0xDF,
    0xFC, 0x40, 0xEA, 0xC3, 0xFE, 0x7F, 0x3C, 0x40, 0xEA, 0xC0, 0xFB, 0xFF, 0x5C, 0x40, 0x6A, 0xC1,
    0x7F, 0x28, 0x05, 0x15, 0x84, 0x2A, 0xF9, 0x16, 0x0F, 0xD6, 0x00, 0xD5, 0xEE, 0xF0, 0xBF, 0xCE,
    0xE5, 0xFB, 0x7F, 0x16, 0xA8, 0xD1, 0x50, 0x8B, 0x00, 0x1C, 0xB1, 0x37, 0x3B, 0x78, 0x9C, 0x63,
    0x60, 0x60, 0xF8, 0xC9, 0xC1, 0x00, 0x02, 0xFF, 0xF9, 0xC1, 0xD4, 0x4F, 0x4E, 0x06, 0xEC, 0xE0,
    0x3F, 0x0A, 0x30, 0x86, 0x00, 0x1C, 0x6A, 0xB1, 0x98, 0x09, 0x00, 0x99, 0x70, 0x15, 0x7A, 0x78,
    0x9C, 0x63, 0x60, 0x00, 0x82, 0xAF, 0x6C, 0x20, 0x92, 0xE1, 0x0D, 0x03, 0x83, 0xC0, 0x8D, 0xFF,
    0x67, 0xEB, 0x81, 0x02, 0xFF, 0xFF, 0xFF, 0x8F, 0x67, 0x70, 0xF8, 0x5F, 0xEF, 0xF2, 0xE7, 0x3F,
    0xCB, 0x83, 0xF7, 0x4C, 0x0C, 0xBF, 0xFF, 0xF3, 0x7D, 0xCB, 0x67, 0x30, 0xE8, 0xFF, 0x96, 0xFF,
    0x9B, 0x9F, 0x61, 0x83, 0xFC, 0x87, 0xFD, 0xFF, 0x78, 0x18, 0x3E, 0x73, 0x1E, 0x78, 0xFF, 0x9F,
    0x8B, 0xE1, 0x17, 0xE3, 0x82, 0xFF, 0xFF, 0xB9, 0x14, 0xE6, 0x33, 0x2C, 0xF8, 0xFF, 0x8F, 0x67,
    0x81, 0x3E, 0xC3, 0x81, 0xF7, 0xBF, 0xF9, 0x3F, 0x71, 0x31, 0x7C, 0xD8, 0xFF, 0x2D, 0xFE, 0x27,
    0x13, 0xC3, 0xB7, 0xFC, 0x07, 0xFF, 0xD7, 0x33, 0x28, 0xFC, 0xE3, 0x73, 0xF8, 0xBF, 0xDE, 0xE5,
    0xFB, 0x7F, 0x16, 0x86, 0x6F, 0x60, 0xA3, 0x19, 0x7E, 0xDC, 0xF9, 0xDF, 0xCB, 0xC8, 0x20, 0xB0,
    0x1F, 0x6C, 0xB1, 0x81, 0x06, 0x98, 0x02, 0x00, 0x6F, 0x07, 0x3E, 0xC8, 0x78, 0x9C, 0x63, 0xF8,
    0xA3, 0xCF, 0x00, 0x04, 0x17, 0xEF, 0x83, 0x48, 0x81, 0x7F, 0x1C, 0x20, 0xEA, 0x92, 0x2E, 0x03,
    0x0A, 0xF8, 0xCF, 0xC5, 0xC0, 0xB0, 0xE0, 0x3F, 0x39, 0xE4, 0x03, 0x30, 0xF9, 0xE1, 0xFF, 0x3F,
    0x1E, 0x10, 0xF9, 0x1B, 0x68, 0xD5, 0xB7, 0xFF, 0x5F, 0xDF, 0xBB, 0x6F, 0xFB, 0xFF, 0x7F, 0xC3,
    0xFF, 0xFF, 0xFF, 0xEF, 0xFD, 0x67, 0x38, 0xFE, 0xBF, 0x77, 0xE1, 0x7F, 0x00, 0xC1, 0xFC, 0x37,
    0x2D, 0x78, 0x9C, 0x63, 0x60, 0x60, 0x78, 0x78, 0x9F, 0x91, 0x81, 0x81, 0xE1, 0xB7, 0x1C, 0x90,
    0x48, 0x78, 0xCF, 0x04, 0x24, 0x2F, 0xEA, 0x32, 0xA0, 0x80, 0xFF, 0x5C, 0x0C, 0x0C, 0x0B, 0xFE,
    0x93, 0x43, 0x3E, 0x00, 0x93, 0x1F, 0xFE, 0xFF, 0xE3, 0x01, 0x91, 0xBF, 0xF5, 0x19, 0x18, 0xBE,
    0xFE, 0xFF, 0x7A, 0xDF, 0x74, 0xE9, 0xFF, 0xFF, 0x1B, 0xFE, 0xFF, 0xFF, 0x7F, 0xEF, 0x3F, 0xC3,
    0xF1, 0xFF, 0xBD, 0x0B, 0xFF, 0x03, 0x00, 0xD5, 0xE2, 0x37, 0x32, 0x78, 0x9C, 0x63, 0x60, 0xF8,
    0xE2, 0xCF, 0xC0, 0xC0, 0x60, 0xF0, 0xFE, 0x2F, 0x0B, 0x03, 0xC3, 0x67, 0xBD, 0x47, 0xF6, 0x0C,
    0x0C, 0x2B, 0x99, 0x15, 0x66, 0x31, 0x20, 0x83, 0xFF, 0x5C, 0x0C, 0x0C, 0x0B, 0xFE, 0x93, 0x43,
    0x3E, 0x00, 0x93, 0x1F, 0xFE, 0xFF, 0xE3, 0x01, 0x91, 0xBF, 0xF5, 0x19, 0x18, 0xBE, 0xFD, 0xFF,
    0xFA, 0xDE, 0x7D, 0xDB, 0xFF, 0xFF, 0x1B, 0xFE, 0xFF, 0xFF, 0x7F, 0xEF, 0x3F, 0xC3, 0xF1, 0xFF,
    0xBD, 0x0B, 0xFF, 0x03, 0x00, 0xB7, 0xEF, 0x39, 0x48, 0x78, 0x9C, 0x63, 0xF8, 0xC9, 0xC2, 0x00,
    0x44, 0xFF, 0x39, 0x41, 0x08, 0xC2, 0x46, 0x02, 0xFF, 0xB9, 0x18, 0x18, 0x16, 0xFC, 0x27, 0x87,
    0x7C, 0x00, 0x26, 0x3F, 0xFC, 0xFF, 0xC7, 0x03, 0x22, 0x7F, 0xEB, 0x33, 0x30, 0x7C, 0xFD, 0xFF,
    0xF5, 0xBE, 0xE9, 0xD2, 0xFF, 0xFF, 0x37, 0xFC, 0xFF, 0xFF, 0xFF, 0xDE, 0x7F, 0x86, 0xE3, 0xFF,
    0x7B, 0x17, 0xFE, 0x07, 0x00, 0x27, 0x04, 0x38, 0x0D, 0x78, 0x9C, 0x4D, 0x8E, 0xB9, 0x0D, 0xC2,
    0x50, 0x10, 0x05, 0x47, 0x60, 0x04, 0x46, 0xC2, 0xD0, 0x01, 0x74, 0x40, 0x09, 0x90, 0x10, 0xDB,
    0x1D, 0xB8, 0x05, 0x77, 0x00, 0x1D, 0x90, 0x93, 0x40, 0x44, 0xEA, 0x16, 0xDC, 0x01, 0x0D, 0x20,
    0xE1, 0x0E, 0xCC, 0x21, 0xEE, 0xE3, 0xF1, 0xFF, 0x92, 0xB0, 0xC1, 0x1B, 0x8D, 0x56, 0x7B, 0x00,
    0xBC, 0x62, 0x17, 0xCC, 0x14, 0x78, 0x9C, 0x4C, 0xD8, 0x9A, 0xFC, 0xD7, 0x2D, 0xF5, 0x11, 0x1F,
    0x73, 0x87, 0x77, 0x54, 0x08, 0x06, 0x0A, 0x33, 0x35, 0xC8, 0x14, 0xF4, 0xD4, 0xA6, 0xA8, 0xE0,
    0xD9, 0xE5, 0xB0, 0x84, 0x4B, 0xCA, 0x79, 0x04, 0xFB, 0x9C, 0x47, 0x04, 0x2B, 0xA1, 0x16, 0x24,
    0x9A, 0xA8, 0xEE, 0x66, 0x3F, 0x8B, 0x9D, 0x5F, 0x77, 0xAF, 0xE6, 0x76, 0x4E, 0x43, 0x8F, 0x52,
    0x9D, 0xDF, 0x0F, 0x4D, 0x8F, 0x44, 0x35, 0xB3, 0x8D, 0x1D, 0x2E, 0xA7, 0x86, 0x6B, 0xDF, 0xC5,
    0x78, 0xAD, 0xD0, 0xA1, 0x90, 0xB5, 0x56, 0x95, 0x17, 0xBE, 0x09, 0x13, 0x35, 0x81, 0x78, 0x9C,
    0xFB, 0xCF, 0xC5, 0x00, 0x02, 0xFF, 0x89, 0xA1, 0xAE, 0xFF, 0xCF, 0x01, 0x52, 0x77, 0xFE, 0xFF,
    0xFF, 0xCF, 0xCD, 0xF0, 0xFF, 0xBF, 0x67, 0xF2, 0xBF, 0xF5, 0x0C, 0xFF, 0xE3, 0x19, 0x18, 0x2E,
    0xFE, 0x67, 0xFA, 0xCF, 0xCF, 0xC0, 0x10, 0xF0, 0x9F, 0xE3, 0x3F, 0x2F, 0x48, 0x1D, 0x0F, 0x58,
    0xC3, 0x1F, 0x3E, 0x30, 0xF5, 0x8B, 0x1F, 0x99, 0x02, 0x0A, 0xF2, 0x40, 0x94, 0x00, 0x35, 0x38,
    0x00, 0x35, 0xF8, 0x43, 0xB4, 0x83, 0x0C, 0x9B, 0xCF, 0xF0, 0xFF, 0x0D, 0xC4, 0x68, 0xAE, 0x1B,
    0x60, 0x8B, 0x88, 0x76, 0x19, 0x00, 0xBE, 0x55, 0x3C, 0xF9, 0x78, 0x9C, 0x55, 0x8D, 0xC1, 0x0D,
    0x82, 0x60, 0x0C, 0x46, 0x9F, 0x46, 0x2F, 0x62, 0x64, 0x04, 0xB9, 0x7B, 0x61, 0x04, 0x37, 0xF8,
    0xDD, 0x80, 0x11, 0x64, 0x04, 0x4F, 0x9E, 0xD9, 0x80, 0x11, 0x18, 0x01, 0x47, 0x70, 0x04, 0x36,
    0x40, 0x25, 0x26, 0x68, 0x02, 0x9F, 0x2D, 0x7A, 0xB1, 0x87, 0xBE, 0xB4, 0x7D, 0xE9, 0x47, 0x11,
    0xD8, 0x97, 0x70, 0x2B, 0x29, 0x04, 0xBF, 0xE9, 0xAF, 0x1E, 0xBE, 0xE8, 0x8E, 0xD7, 0xD6, 0xD0,
    0x6F, 0x4F, 0x5A, 0xC0, 0x10, 0xA5, 0x5A, 0x91, 0x68, 0xC9, 0xB0, 0x21, 0xD7, 0x8C, 0x3E, 0x70,
    0xA9, 0xCD, 0xAA, 0xB8, 0x67, 0xD0, 0x88, 0x67, 0x0C, 0xA6, 0xBE, 0x23, 0x30, 0xD5, 0x44, 0x18,
    0x83, 0xFC, 0xDD, 0xAB, 0xAD, 0x1D, 0x9D, 0x32, 0x47, 0xA3, 0xD8, 0x51, 0x68, 0xED, 0x48, 0x27,
    0xD1, 0x30, 0x05, 0x17, 0xD5, 0x37, 0x3F, 0x58, 0x4B, 0xCE, 0xA3, 0x1B, 0xB9, 0xDA, 0xB9, 0xE1,
    0xA0, 0x9D, 0x5F, 0x3E, 0xF7, 0xE1, 0x36, 0x61, 0x78, 0x9C, 0x63, 0x60, 0xF8, 0xF0, 0x1F, 0x08,
    0xF8, 0x19, 0x80, 0x00, 0xC1, 0x32, 0x30, 0x06, 0x02, 0x66, 0x06, 0x9C, 0xE0, 0x3F, 0x1F, 0x94,
    0xE1, 0xF0, 0xDF, 0x1F, 0xCA, 0x5A, 0xF0, 0x7F, 0x3F, 0x94, 0xF5, 0xE1, 0xFD, 0x7F, 0x46, 0x08,
    0xEB, 0x9B, 0xFD, 0x7F, 0x0E, 0x08, 0xEB, 0x0F, 0xF7, 0x6F, 0x88, 0x16, 0x85, 0xFF, 0x6C, 0x5F,
    0xE3, 0xC1, 0xAC, 0x82, 0xFF, 0x0C, 0x0F, 0x20, 0x5A, 0x2E, 0xEC, 0x67, 0x68, 0xF8, 0xCF, 0x04,
    0x62, 0x7D, 0x8E, 0x07, 0x2A, 0x00, 0x6B, 0xF9, 0x09, 0x74, 0xC7, 0x1F, 0xB0, 0x96, 0x7F, 0x5C,
    0x40, 0x83, 0x40, 0x5A, 0x02, 0xFE, 0xB3, 0x02, 0x0D, 0xDF, 0x0F, 0xB6, 0x0B, 0x0C, 0x80, 0x5A,
    0x3E, 0x42, 0x58, 0x40, 0x2D, 0xDF, 0xE6, 0xBB, 0x00, 0x01, 0xC8, 0x61, 0x10, 0x6D, 0xDF, 0x40,
    0x46, 0x71, 0x82, 0xDD, 0x73, 0x1E, 0x68, 0x3C, 0x0B, 0xC4, 0x8D, 0x4C, 0x17, 0xDE, 0x83, 0xAD,
    0x34, 0xF8, 0xCF, 0xF9, 0x79, 0x3E, 0xC4, 0x69, 0x7F, 0xF9, 0x00, 0x7A, 0xEF, 0x48, 0xDB, 0x78,
    0x9C, 0x63, 0xF8, 0x0F, 0x02, 0x0C, 0x0C, 0x50, 0xCA, 0x18, 0x04, 0x18, 0xD0, 0x40, 0xC1, 0x9B,
    0xF7, 0x5E, 0x0C, 0x0C, 0x06, 0xFF, 0x80, 0x2A, 0x38, 0x19, 0x1E, 0xFE, 0xF7, 0x48, 0xFE, 0x17,
    0xCF, 0xF0, 0x3D, 0x9E, 0x81, 0xE1, 0xD3, 0x79, 0x86, 0x64, 0x36, 0x06, 0x86, 0x0D, 0xEF, 0xC1,
    0xAA, 0x16, 0x00, 0xB5, 0x17, 0xBE, 0x06, 0x99, 0x12, 0x00, 0x31, 0xEC, 0xF3, 0xFF, 0x2C, 0x93,
    0xCB, 0xFF, 0x19, 0x7E, 0xFB, 0x83, 0xE5, 0xFE, 0x71, 0x33, 0x30, 0x1C, 0xF8, 0xCF, 0xF0, 0x9F,
    0x8B, 0x81, 0xE1, 0xC3, 0x7F, 0x86, 0x3F, 0x72, 0x0C, 0x0C, 0xDF, 0xFE, 0x33, 0x7C, 0xBB, 0x6F,
    0xBA, 0xF4, 0xFF, 0x7F, 0xC6, 0x09, 0x40, 0xE5, 0xF7, 0xFF, 0xB3, 0x30, 0x6C, 0xF9, 0x37, 0x57,
    0x69, 0x37, 0x2B, 0x00, 0xF0, 0x64, 0x43, 0x71, 0x78, 0x9C, 0x5D, 0xCE, 0xBD, 0x11, 0x82, 0x40,
    0x14, 0x04, 0xE0, 0x85, 0x51, 0xFC, 0x41, 0xD1, 0x12, 0xEC, 0x40, 0x3A, 0x20, 0x31, 0x32, 0xD1,
    0x0E, 0x68, 0xC1, 0x12, 0xE8, 0x40, 0x3A, 0xC0, 0x0A, 0x94, 0x0E, 0x68, 0x81, 0x12, 0xEC, 0x00,
    0x1C, 0x06, 0x1C, 0x07, 0xCF, 0xF5, 0x1D, 0x77, 0x26, 0x6E, 0xF4, 0x05, 0x6F, 0xE7, 0x2D, 0x90,
    0xD2, 0xC9, 0x09, 0x9D, 0x23, 0xF7, 0x5D, 0x31, 0x08, 0x6F, 0x72, 0x6B, 0x94, 0xA8, 0xAB, 0x8B,
    0xFF, 0x7C, 0x7C, 0x8B, 0xF5, 0xEF, 0x0C, 0x27, 0x9E, 0xAD, 0xCA, 0xAA, 0xB2, 0x6A, 0x22, 0x7A,
    0x46, 0x2F, 0xBF, 0x5F, 0xD8, 0xAA, 0xD7, 0x46, 0xF6, 0x1B, 0xEE, 0xD9, 0xA0, 0xBC, 0x40, 0x42,
    0x47, 0xEB, 0x11, 0x63, 0xC3, 0x89, 0xD6, 0x73, 0x25, 0x23, 0x96, 0x5A, 0x6A, 0x0E, 0x74, 0x07,
    0x41, 0xC8, 0x31, 0x50, 0xDF, 0x44, 0x29, 0x87, 0x48, 0xA5, 0x36, 0x92, 0x4A, 0x9B, 0xED, 0x24,
    0x0C, 0x80, 0x3E, 0xD0, 0xB5, 0x2E, 0x96, 0x71, 0x33, 0xAD, 0xBA, 0x90, 0x71, 0x23, 0xAD, 0x0B,
    0xDD, 0xD2, 0x6C, 0x0B, 0x39, 0x6D, 0xCC, 0x73, 0xA8, 0xE0, 0x0B, 0xE0, 0x39, 0x47, 0xAB, 0x78,
    0x9C, 0x63, 0xF8, 0x29, 0xCF, 0xF0, 0x9B, 0x9F, 0x81, 0xE1, 0x5B, 0xBF, 0xC3, 0x7F, 0x6E, 0x06,
    0x86, 0x0B, 0xFF, 0xFF, 0xFF, 0x67, 0x61, 0x60, 0x10, 0xF8, 0xFD, 0xDF, 0x97, 0x01, 0x08, 0x04,
    0x84, 0x18, 0x10, 0xA0, 0xF1, 0xCF, 0x7B, 0x2F, 0x06, 0x06, 0x07, 0xA0, 0x8A, 0xFF, 0x9C, 0x0C,
    0x9F, 0xDE, 0x47, 0x24, 0xFF, 0x8B, 0x67, 0xF8, 0x61, 0xCF, 0xC0, 0xF0, 0xE9, 0x3C, 0x58, 0x7A,
    0xC3, 0x7B, 0x30, 0xB5, 0xE0, 0x3F, 0x03, 0x43, 0xC0, 0xA9, 0xB7, 0xFF, 0xFE, 0x33, 0x38, 0xFC,
    0x03, 0x29, 0x05, 0xAA, 0x34, 0x67, 0x04, 0x0A, 0xFE, 0xD2, 0x07, 0xCB, 0xFD, 0x03, 0x5B, 0xC2,
    0x00, 0xB2, 0xEB, 0xC3, 0x7F, 0x86, 0xBF, 0xF2, 0x0C, 0x0C, 0xDF, 0xFF, 0x33, 0x7C, 0xBB, 0x6F,
    0xBA, 0xF5, 0xFF, 0x7F, 0xA0, 0xAA, 0xFF, 0xFF, 0xF7, 0x01, 0xAD, 0xDF, 0xFA, 0xAF, 0xD7, 0x70,
    0x37, 0x2B, 0x00, 0xCB, 0x94, 0x42, 0x54, 0x78, 0x9C, 0x63, 0x60, 0x60, 0x60, 0xF8, 0xCF, 0xCB,
    0x00, 0x01, 0x0E, 0xFF, 0xED, 0xA1, 0xAC, 0x05, 0xFF, 0xD7, 0x43, 0x59, 0x1F, 0xDE, 0xFF, 0x67,
    0x84, 0xB0, 0xBE, 0xD9, 0xFF, 0x67, 0x87, 0xB0, 0xFE, 0x70, 0xFF, 0x86, 0x68, 0x51, 0xF8, 0xCF,
    0xF6, 0xD5, 0x1F, 0xCC, 0x2A, 0xF8, 0xCF, 0xF0, 0x00, 0xA2, 0xE5, 0xC2, 0x7E, 0x86, 0x06, 0x88,
    0x96, 0xCF, 0xF1, 0x40, 0x05, 0x60, 0x2D, 0x3F, 0xF9, 0x81, 0x9A, 0xF8, 0x40, 0xAC, 0x7F, 0x5C,
    0x40, 0x83, 0x40, 0x5A, 0x02, 0xFE, 0xB3, 0x02, 0x0D, 0xDF, 0x0F, 0xB6, 0x0B, 0x0C, 0x98, 0x18,
    0x18, 0x3E, 0x42, 0x58, 0x1C, 0x40, 0x25, 0xF3, 0x5D, 0x80, 0xE0, 0x3F, 0x1F, 0x4C, 0xDB, 0x37,
    0x90, 0x51, 0x9C, 0x60, 0xF7, 0x80, 0x8C, 0x67, 0x81, 0xB8, 0x91, 0xE9, 0xC2, 0x7B, 0xB0, 0x95,
    0x06, 0xFF, 0x39, 0x3E, 0xCF, 0x87, 0x38, 0xED, 0x3F, 0x3F, 0xD4, 0xDD, 0x07, 0xCF, 0x33, 0x41,
    0x59, 0x7F, 0xB9, 0xA0, 0x8C, 0x02, 0x98, 0x4F, 0x18, 0x26, 0xFC, 0x37, 0x63, 0x85, 0xB0, 0x02,
    0xFE, 0xC3, 0x7D, 0x7F, 0xFD, 0x3E, 0x3B, 0x00, 0xFD, 0x1E, 0x47, 0x6E, 0x78, 0x9C, 0x63, 0x28,
    0x78, 0xF3, 0xDE, 0x8B, 0x81, 0xC1, 0xE0, 0xDF, 0xFF, 0xFF, 0xFF, 0x39, 0x19, 0x1E, 0xFE, 0xF7,
    0x48, 0xFE, 0x17, 0xCF, 0xF0, 0x3D, 0x9E, 0x81, 0xE1, 0xD3, 0x79, 0x86, 0x64, 0x36, 0x06, 0x86,
    0x0D, 0xEF, 0x19, 0x40, 0x60, 0xC1, 0x7F, 0x06, 0x86, 0xC2, 0xD7, 0x40, 0x35, 0x0C, 0x01, 0xFF,
    0x41, 0x80, 0xE1, 0xF3, 0xFF, 0x2C, 0x93, 0xCB, 0xFF, 0x19, 0x7E, 0xFB, 0x83, 0xE5, 0xFE, 0x71,
    0x33, 0x30, 0x1C, 0xF8, 0xCF, 0xF0, 0x9F, 0x8B, 0x81, 0xE1, 0xC3, 0x7F, 0x86, 0x3F, 0x72, 0x0C,
    0x0C, 0x5F, 0xFF, 0x33, 0x7C, 0xBB, 0x6F, 0xBA, 0xF4, 0xFF, 0x7F, 0xC6, 0x05, 0x40, 0xE5, 0xEB,
    0xFE, 0xB3, 0x30, 0x6C, 0xFD, 0xD7, 0x9B, 0xF8, 0x9F, 0x15, 0x64, 0xD8, 0x57, 0x7F, 0x10, 0xA9,
    0xF0, 0x9F, 0x1D, 0x44, 0x35, 0xFC, 0x07, 0x5B, 0x30, 0xE1, 0xBF, 0x1B, 0x23, 0x90, 0x02, 0x9A,
    0xCE, 0x02, 0xE2, 0xBE, 0xD8, 0xCF, 0x04, 0x00, 0xFB, 0x48, 0x42, 0x88, 0x78, 0x9C, 0x63, 0x60,
    0x60, 0x60, 0x28, 0xA8, 0x60, 0x64, 0x00, 0x81, 0xEF, 0xF9, 0x60, 0xCA, 0xE0, 0x3F, 0x3B, 0x98,
    0xBE, 0xD0, 0x0F, 0xA6, 0x18, 0x9A, 0xD9, 0x18, 0xB0, 0x81, 0xA6, 0x37, 0xEF, 0xB3, 0x81, 0x54,
    0xC3, 0x7F, 0x20, 0xB0, 0x65, 0x60, 0xF8, 0xF9, 0xDE, 0x3D, 0xF8, 0xD7, 0x7F, 0xA6, 0x84, 0xFF,
    0xDC, 0x0C, 0x0C, 0x0E, 0xFF, 0x79, 0x1F, 0xDC, 0x07, 0xA9, 0xF9, 0xE9, 0xFF, 0x35, 0x1E, 0x44,
    0x7F, 0x9A, 0xFF, 0x8B, 0x1F, 0x44, 0x1F, 0x58, 0xFB, 0x97, 0x07, 0xA2, 0xFB, 0x1F, 0x37, 0x84,
    0xFE, 0xCF, 0x85, 0x9D, 0x86, 0xC9, 0xC3, 0xD4, 0x43, 0xF4, 0x6F, 0x98, 0x03, 0x33, 0x0F, 0x66,
    0x7E, 0x02, 0x48, 0x43, 0xC0, 0x7F, 0x5E, 0x86, 0x5F, 0xF7, 0xDD, 0x40, 0xF6, 0xC3, 0xDD, 0xC3,
    0x30, 0xE9, 0xEF, 0xFD, 0x68, 0x06, 0x06, 0x00, 0x15, 0x3F, 0x3A, 0xB8, 0x78, 0x9C, 0x63, 0x60,
    0x60, 0xD8, 0xF0, 0x9F, 0x95, 0x01, 0x08, 0xBE, 0xE5, 0x83, 0x48, 0x85, 0xFF, 0xEC, 0x20, 0xEA,
    0x40, 0x3D, 0x88, 0x64, 0x10, 0x60, 0x40, 0x02, 0x0A, 0x37, 0xDF, 0xD7, 0x30, 0x32, 0x30, 0x7C,
    0xFF, 0xFF, 0xFF, 0xBF, 0x1D, 0x43, 0xC2, 0xFF, 0x3A, 0xE7, 0x9F, 0xEF, 0x19, 0x3F, 0xDE, 0x67,
    0x64, 0x08, 0xF8, 0xCF, 0xF1, 0x3D, 0x1E, 0x28, 0xFF, 0x9B, 0xF7, 0x37, 0x1F, 0x90, 0x9A, 0xCA,
    0xF9, 0x8F, 0x07, 0xAC, 0xFE, 0x3F, 0x17, 0x32, 0x05, 0x15, 0x04, 0x2B, 0x31, 0x64, 0xFA, 0xEE,
    0x0F, 0xA4, 0x7E, 0xF1, 0x7D, 0xBC, 0xCF, 0xC0, 0x60, 0xF0, 0x9F, 0x33, 0xE1, 0x7F, 0xAE, 0xF3,
    0x8F, 0xF7, 0x8C, 0x60, 0xA3, 0x75, 0x81, 0x22, 0x37, 0xDF, 0xE7, 0x30, 0x30, 0x00, 0x00, 0xDE,
    0x14, 0x2C, 0x90, 0x78, 0x9C, 0x63, 0x60, 0x60, 0x28, 0x64, 0x67, 0x00, 0x83, 0x3F, 0xF3, 0xC1,
    0xD4, 0x86, 0xF9, 0x7F, 0xC0, 0x02, 0xBF, 0xB8, 0x2E, 0xC4, 0x03, 0x29, 0x85, 0x0A, 0x06, 0x81,
    0x72, 0x06, 0x2C, 0xA0, 0xE9, 0xCD, 0xFB, 0x6C, 0x20, 0xD5, 0xF0, 0x1F, 0x08, 0x6C, 0x19, 0x18,
    0x7E, 0xBE, 0x77, 0x0F, 0xFE, 0xF5, 0x9F, 0x29, 0xE1, 0x3F, 0x37, 0x03, 0x83, 0xC3, 0x7F, 0xDE,
    0x07, 0xF7, 0x41, 0x6A, 0x7E, 0xFA, 0x7F, 0x05, 0x99, 0xC1, 0xF0, 0x69, 0xFE, 0x2F, 0x7E, 0x10,
    0x7D, 0x60, 0xED, 0x5F, 0x1E, 0x88, 0xEE, 0x7F, 0xDC, 0x10, 0xFA, 0x3F, 0x17, 0x76, 0x1A, 0x26,
    0x0F, 0x53, 0x0F, 0xD1, 0xBF, 0x61, 0x0E, 0xCC, 0x3C, 0x98, 0xF9, 0x09, 0x20, 0x0D, 0x01, 0xFF,
    0x79, 0x19, 0x7E, 0xDD, 0x77, 0x03, 0xD9, 0x0F, 0x77, 0x0F, 0xC3, 0xA4, 0xBF, 0xF7, 0xA3, 0x19,
    0x18, 0x00, 0xD8, 0x28, 0x3D, 0x02, 0x78, 0x9C, 0x63, 0x60, 0x78, 0xD8, 0xCF, 0x00, 0x04, 0x02,
    0x7F, 0xFF, 0xB2, 0x03, 0xA9, 0x03, 0xF9, 0x07, 0xF2, 0x81, 0xD4, 0x2D, 0x76, 0x81, 0x3B, 0xCC,
    0x0C, 0x68, 0x40, 0xE1, 0xE6, 0xFB, 0x1A, 0x46, 0x06, 0x86, 0xEF, 0xFF, 0xFF, 0xFF, 0xB7, 0x63,
    0x48, 0xF8, 0x5F, 0xE7, 0xFC, 0xF3, 0x3D, 0xE3, 0xC7, 0xFB, 0x8C, 0x0C, 0x01, 0xFF, 0x39, 0xBE,
    0xC7, 0x03, 0xE5, 0x7F, 0xF3, 0xFE, 0xE6, 0x03, 0x52, 0x53, 0x39, 0xFF, 0xF1, 0x80, 0xD5, 0xFF,
    0xE7, 0x42, 0xA6, 0xA0, 0x82, 0x60, 0x25, 0x86, 0x4C, 0xDF, 0xFD, 0x81, 0xD4, 0x2F, 0xBE, 0x8F,
    0xF7, 0x19, 0x18, 0x0C, 0xFE, 0x73, 0x26, 0xFC, 0xCF, 0x75, 0xFE, 0xF1, 0x9E, 0x11, 0x6C, 0xB4,
    0x2E, 0x50, 0xE4, 0xE6, 0xFB, 0x1C, 0x06, 0x06, 0x00, 0x04, 0x9F, 0x2E, 0xB1, 0x78, 0x9C, 0x63,
    0x60, 0x60, 0xF8, 0xC9, 0xC2, 0x00, 0x06, 0xFF, 0x39, 0x21, 0xF4, 0x2F, 0x28, 0x1F, 0x07, 0x98,
    0xFC, 0xF7, 0x9E, 0x06, 0x90, 0x5A, 0xF0, 0x1F, 0x08, 0xD8, 0x19, 0x18, 0x7E, 0x9F, 0x37, 0x2B,
    0xF9, 0x97, 0xCF, 0x50, 0x00, 0xD2, 0xFD, 0xF0, 0x3F, 0xE3, 0x87, 0xF3, 0x40, 0xB9, 0x80, 0xFF,
    0x1C, 0xDF, 0xFC, 0xC1, 0x46, 0xF2, 0xFC, 0xE2, 0x07, 0xD1, 0x37, 0x79, 0xFE, 0xF2, 0x40, 0x74,
    0xFF, 0xE3, 0x86, 0x5A, 0xC6, 0x85, 0x9D, 0x86, 0xC9, 0xC3, 0xD4, 0x43, 0xF4, 0x9F, 0xE4, 0x81,
    0x99, 0x07, 0x35, 0x9F, 0xBD, 0xE0, 0x3F, 0x07, 0xD8, 0x3E, 0x86, 0x3F, 0xFB, 0x4D, 0x5B, 0xFE,
    0xC5, 0x43, 0xDD, 0xC3, 0x06, 0x94, 0x5C, 0xF2, 0xEF, 0x1C, 0xD0, 0x7D, 0x00, 0x55, 0x4F, 0x35,
    0xB0, 0x78, 0x9C, 0x63, 0x60, 0x98, 0xE0, 0xCF, 0x00, 0x02, 0x1F, 0xE6, 0x83, 0x29, 0x28, 0x0F,
    0x05, 0x28, 0xDC, 0x7C, 0x5F, 0xC3, 0xC8, 0xC0, 0xF0, 0xFD, 0xFF, 0xFF, 0xFF, 0x76, 0x0C, 0x09,
    0xFF, 0x73, 0x9D, 0x7F, 0xBD, 0x67, 0xFC, 0x78, 0x9F, 0x11, 0xC8, 0xE4, 0xF8, 0x1E, 0x0F, 0x94,
    0xFF, 0xCB, 0xFB, 0x9B, 0x0F, 0x48, 0x4D, 0xE3, 0xFC, 0xC7, 0x03, 0x56, 0xFF, 0x9F, 0x0B, 0x99,
    0x82, 0x0A, 0x82, 0x95, 0x18, 0x32, 0x7D, 0x07, 0x99, 0xFF, 0x87, 0xEF, 0xE3, 0x7D, 0x06, 0x86,
    0x80, 0xFF, 0x9C, 0x20, 0xC3, 0x7E, 0xBE, 0x67, 0x04, 0x1B, 0xAD, 0xCB, 0xC0, 0x60, 0x70, 0xF3,
    0x7D, 0x0E, 0x03, 0x03, 0x00, 0x97, 0x73, 0x2A, 0x75, 0x78, 0x9C, 0x63, 0x50, 0xA8, 0x60, 0x10,
    0x28, 0x67, 0x64, 0x60, 0x60, 0xF8, 0xC9, 0x79, 0xA1, 0x1F, 0x48, 0x31, 0x6C, 0xE8, 0xFF, 0xCD,
    0x09, 0xA2, 0x19, 0xFE, 0xCC, 0x07, 0x53, 0x0C, 0x85, 0xEC, 0x0C, 0xD8, 0x40, 0xD3, 0x9B, 0xF7,
    0xD9, 0x40, 0xAA, 0xE1, 0x3F, 0x10, 0xD8, 0x02, 0xB5, 0xBF, 0x77, 0x0F, 0xFE, 0xF5, 0x9F, 0x29,
    0xE1, 0x3F, 0x37, 0x03, 0x83, 0xC3, 0x7F, 0xDE, 0x07, 0xF7, 0x41, 0x6A, 0x7E, 0xFA, 0x7F, 0x8D,
    0x07, 0xD1, 0x9F, 0xE6, 0xFF, 0xE2, 0x07, 0xD1, 0x07, 0xD6, 0xFE, 0xE5, 0x81, 0xE8, 0xFE, 0xC7,
    0x0D, 0xA1, 0xFF, 0x73, 0x61, 0xA7, 0x61, 0xF2, 0x30, 0xF5, 0x10, 0xFD, 0x1B, 0xE6, 0xC0, 0xCC,
    0x83, 0x99, 0x9F, 0x00, 0xD2, 0x10, 0xF0, 0x9F, 0x97, 0xE1, 0xD7, 0x7D, 0x37, 0x90, 0xFD, 0x70,
    0xF7, 0x30, 0x4C, 0xFA, 0x7B, 0x3F, 0x9A, 0x81, 0x01, 0x00, 0x11, 0x50, 0x3D, 0x22, 0x78, 0x9C,
    0x63, 0xF8, 0xC5, 0x29, 0xF0, 0x8F, 0x8D, 0x81, 0x61, 0x43, 0xFD, 0xC5, 0x7C, 0x06, 0x20, 0xF8,
    0xF3, 0x8F, 0x1D, 0x44, 0x5D, 0xEC, 0x67, 0xC0, 0x00, 0x0A, 0x37, 0xDF, 0xE7, 0x00, 0xA9, 0xEF,
    0xFF, 0xFF, 0xFF, 0xD7, 0x65, 0x48, 0xF8, 0x5F, 0xE7, 0xFC, 0xEB, 0x3E, 0xC3, 0xC7, 0xFB, 0x8C,
    0x0C, 0x05, 0xFF, 0xD9, 0xBE, 0xC7, 0x03, 0x25, 0xFE, 0xF2, 0xFC, 0xE6, 0x03, 0x52, 0x3F, 0xF8,
    0xFF, 0xF1, 0x80, 0xD5, 0xFF, 0xE7, 0x42, 0xA6, 0xA0, 0x82, 0x60, 0x25, 0x40, 0x43, 0xFC, 0x81,
    0xC4, 0x4F, 0xBE, 0x8F, 0xF7, 0x19, 0x18, 0x0C, 0xFE, 0x73, 0x25, 0xFC, 0xCF, 0x75, 0xFE, 0xF1,
    0x9E, 0x09, 0x6C, 0xB4, 0x2D, 0x50, 0xE4, 0xE6, 0xFB, 0x1A, 0x06, 0x06, 0x00, 0x3F, 0x09, 0x2F,
    0x2D, 0x78, 0x9C, 0x63, 0xF8, 0xCD, 0xAE, 0xF0, 0x8F, 0x95, 0x81, 0x81, 0xE1, 0x40, 0xFE, 0xC5,
    0x7C, 0x20, 0xC5, 0x20, 0xF0, 0xF7, 0x2F, 0x3B, 0x88, 0x66, 0x78, 0xD4, 0xCF, 0x80, 0x05, 0xFC,
    0xFF, 0xFF, 0xFF, 0x7E, 0x14, 0x84, 0xFE, 0xFF, 0xDF, 0x16, 0x48, 0xDB, 0x1A, 0xA7, 0xFC, 0xFE,
    0xCF, 0xC2, 0xF0, 0x9F, 0x8B, 0x81, 0xC1, 0xE0, 0x9F, 0x3E, 0x98, 0x66, 0xF8, 0xB4, 0x1F, 0x42,
    0x37, 0xFC, 0x67, 0x06, 0xD3, 0x0A, 0xFF, 0x39, 0xC0, 0x34, 0xC3, 0x3F, 0x1E, 0x08, 0xFD, 0x9B,
    0x0F, 0x42, 0xFF, 0xE2, 0xC7, 0x4E, 0xFF, 0xE1, 0x43, 0x51, 0x6F, 0x00, 0xD5, 0x3F, 0x01, 0x6A,
    0xDE, 0x17, 0x88, 0xF9, 0x01, 0xFF, 0xF5, 0x41, 0xF6, 0x97, 0xFC, 0x01, 0xD9, 0x0F, 0x02, 0x36,
    0x60, 0x77, 0xDD, 0xF3, 0x04, 0x2A, 0x01, 0x00, 0xAD, 0xB7, 0x45, 0x0D, 0x78, 0x9C, 0x63, 0x60,
    0x00, 0x82, 0x5F, 0xFC, 0x1F, 0xD6, 0x33, 0x40, 0x19, 0xF3, 0xA1, 0x8C, 0x4F, 0xF9, 0x50, 0xC6,
    0x0F, 0x79, 0x28, 0xE3, 0x0F, 0x1B, 0x94, 0xE1, 0xC0, 0xC0, 0x10, 0xF0, 0xFA, 0x3E, 0xFB, 0x2F,
    0x7E, 0x10, 0xEF, 0xFF, 0xFF, 0xFB, 0x7F, 0x80, 0x8C, 0x86, 0xFF, 0x79, 0xCE, 0x3F, 0xFF, 0x03,
    0x19, 0x9F, 0xEE, 0x33, 0x32, 0x04, 0x80, 0x18, 0x3F, 0xFC, 0x81, 0xD2, 0x20, 0xC6, 0x1F, 0x3E,
    0x20, 0xE3, 0x1F, 0x90, 0xF1, 0x8F, 0x07, 0xAC, 0x1D, 0x28, 0xCA, 0x85, 0xCE, 0x80, 0x4B, 0xFD,
    0x86, 0x29, 0xFE, 0x0E, 0xD3, 0xFE, 0x11, 0x66, 0x60, 0xC3, 0xFF, 0x5C, 0x88, 0x15, 0x0C, 0x3F,
    0x81, 0x96, 0x82, 0x6D, 0x0F, 0xF8, 0x7D, 0x9F, 0xE3, 0x3B, 0x90, 0x01, 0x00, 0xAC, 0xAD, 0x3D,
    0x2E, 0x78, 0x9C, 0x63, 0xF8, 0xF0, 0xFF, 0xFF, 0xFF, 0xB5, 0xAC, 0x0C, 0x0C, 0x0C, 0x20, 0xC6,
    0xFF, 0xFB, 0xCC, 0x40, 0xC6, 0x7D, 0x63, 0xE7, 0x6D, 0xFF, 0xFD, 0x81, 0x8C, 0xF5, 0x40, 0xE1,
    0xC7, 0xFF, 0x99, 0x20, 0x0C, 0x85, 0xFF, 0xDC, 0x10, 0x06, 0xC3, 0x0F, 0x7B, 0x28, 0xE3, 0x53,
    0x3F, 0x94, 0xF1, 0xE0, 0x3C, 0x94, 0xB1, 0xE1, 0xFD, 0x0F, 0xA0, 0x29, 0xFB, 0x19, 0x18, 0x16,
    0xFC, 0x87, 0x33, 0x0C, 0x3F, 0xDF, 0x37, 0x56, 0x06, 0x31, 0xA0, 0x6A, 0x0E, 0xBC, 0x47, 0xD7,
    0xF5, 0x19, 0x66, 0xCE, 0x4F, 0xA8, 0xC9, 0x0E, 0x30, 0xBB, 0xBE, 0x82, 0x6C, 0x07, 0xBA, 0xE7,
    0x38, 0xD8, 0x3D, 0x20, 0x17, 0x9E, 0x67, 0x06, 0x33, 0xDE, 0xCF, 0x65, 0x61, 0x60, 0x00, 0x00,
    0x41, 0x2D, 0x53, 0xCB, 0x78, 0x9C, 0x63, 0x60, 0x00, 0x82, 0x5F, 0xFC, 0x20, 0xD2, 0xD0, 0xF8,
    0xAF, 0xBD, 0x30, 0x90, 0xFE, 0xF6, 0xFF, 0xFF, 0xFF, 0x7E, 0x24, 0x1A, 0x26, 0x0F, 0xA1, 0x03,
    0x5E, 0xDF, 0x67, 0x07, 0xD1, 0xBF, 0xFE, 0xFF, 0xBF, 0xFF, 0x87, 0x9F, 0xA1, 0xE1, 0x7F, 0x9E,
    0xF3, 0xCF, 0xFF, 0xFC, 0x0C, 0x9F, 0xEE, 0x33, 0x32, 0x04, 0x00, 0xE9, 0x1F, 0xFE, 0x40, 0x75,
    0x40, 0xFA, 0x0F, 0x1F, 0x90, 0xFE, 0xC7, 0xCF, 0xF0, 0x8F, 0x07, 0xA2, 0xEF, 0x3F, 0x17, 0x2A,
    0x0D, 0x13, 0xFF, 0x0D, 0x55, 0xF7, 0x1D, 0xAA, 0xEF, 0x23, 0xD4, 0x9C, 0x86, 0xFF, 0xB9, 0x60,
    0x73, 0x19, 0x7E, 0x02, 0xED, 0x01, 0xDB, 0xFB, 0xFB, 0x3E, 0xC7, 0x77, 0x7E, 0x06, 0x00, 0x70,
    0xAF, 0x3D, 0xE2, 0x78, 0x9C, 0xFB, 0xF0, 0x1F, 0x08, 0xF8, 0x19, 0x3E, 0x40, 0x28, 0x03, 0x63,
    0x20, 0x60, 0x66, 0x40, 0x05, 0xFF, 0xC1, 0x80, 0x1F, 0x46, 0xD9, 0x82, 0xD5, 0xFC, 0xE7, 0x82,
    0xC8, 0x11, 0x41, 0x81, 0x40, 0x3F, 0x9C, 0x02, 0x69, 0x17, 0x26, 0x4A, 0x1F, 0x94, 0x82, 0xDA,
    0x87, 0xE2, 0x08, 0x00, 0x60, 0x48, 0x40, 0x98, 0x78, 0x9C, 0x63, 0xF8, 0x0F, 0x02, 0x0C, 0x0C,
    0x50, 0xCA, 0x18, 0x04, 0x18, 0xD0, 0x80, 0xC0, 0x8D, 0xF7, 0x39, 0x40, 0xEA, 0x2B, 0x50, 0x05,
    0x37, 0x83, 0xC3, 0xFF, 0x3C, 0xE7, 0x5F, 0xEB, 0x19, 0x1E, 0xBC, 0x67, 0x64, 0x98, 0xF0, 0x9F,
    0xE9, 0x5B, 0x3C, 0x50, 0xFA, 0x3F, 0xC7, 0x6F, 0x3E, 0xA0, 0xFC, 0x1F, 0x9E, 0x7F, 0xF6, 0x40,
    0xDD, 0xBF, 0xF9, 0xC0, 0x66, 0xFD, 0xE7, 0x87, 0x52, 0xFF, 0xB8, 0xC1, 0x86, 0xFC, 0xE1, 0x03,
    0x53, 0xDF, 0xF3, 0xC1, 0xD4, 0xC7, 0xFF, 0xCC, 0x0C, 0x0C, 0x8F, 0x59, 0x13, 0xFE, 0xCF, 0x37,
    0x59, 0xFA, 0x9F, 0x9D, 0xE1, 0x1B, 0x50, 0x61, 0x3F, 0xC8, 0xA2, 0xFF, 0x73, 0x99, 0x19, 0x00,
    0x39, 0x82, 0x3C, 0xD8, 0x78, 0x9C, 0x63, 0x68, 0x67, 0x65, 0x68, 0x65, 0x67, 0x60, 0xF8, 0xC7,
    0xC3, 0xF0, 0x87, 0x8F, 0x81, 0xE1, 0x57, 0x7C, 0xC0, 0x7F, 0x4E, 0x06, 0x86, 0x4F, 0xFF, 0xFF,
    0xFF, 0x67, 0x62, 0x60, 0x30, 0xF8, 0xF3, 0x5F, 0x87, 0x01, 0x08, 0x04, 0x84, 0x80, 0xC4, 0x7F,
    0x30, 0xE0, 0x87, 0x51, 0xB6, 0xC6, 0x40, 0xC0, 0xFC, 0x9F, 0x0B, 0x24, 0xCF, 0x40, 0x0C, 0x05,
    0x02, 0xFD, 0x70, 0x0A, 0xA4, 0x5D, 0x98, 0x28, 0x7D, 0x50, 0x0A, 0x6A, 0x1F, 0x8A, 0x23, 0x00,
    0x01, 0xCD, 0x41, 0xEA, 0x78, 0x9C, 0x63, 0xF8, 0x29, 0xCF, 0xF0, 0x9B, 0x9F, 0x81, 0xE1, 0x5B,
    0xBF, 0xC3, 0x7F, 0x6E, 0x06, 0x86, 0x0B, 0xFF, 0xFF, 0xFF, 0x67, 0x66, 0x60, 0x10, 0xF8, 0xFD,
    0xDF, 0x97, 0x01, 0x08, 0x04, 0x84, 0x18, 0x10, 0x40, 0xE0, 0xC6, 0xFB, 0x1C, 0x20, 0xF5, 0x15,
    0xA8, 0x84, 0x9B, 0xC1, 0xE1, 0x7F, 0x9E, 0xF3, 0xAF, 0xF5, 0x0C, 0x0F, 0xDE, 0x33, 0x32, 0x4C,
    0xF8, 0xCF, 0xF4, 0x2D, 0x1E, 0x28, 0xFD, 0x9F, 0xE3, 0x37, 0x1F, 0x50, 0xFE, 0x0F, 0xCF, 0x3F,
    0x3B, 0x63, 0x63, 0xE3, 0xDF, 0x7C, 0xFF, 0xC1, 0x80, 0x1F, 0x4A, 0xFD, 0xE3, 0x06, 0x1B, 0xF2,
    0x87, 0x0F, 0x4C, 0x7D, 0x8F, 0x07, 0x53, 0x1F, 0xDF, 0x33, 0x31, 0x30, 0x3C, 0x63, 0x4E, 0xF8,
    0xDF, 0x6F, 0xB2, 0xF5, 0x3F, 0x3B, 0xC3, 0x37, 0xA0, 0xC2, 0x7A, 0x06, 0x06, 0x85, 0x1B, 0xFF,
    0xE7, 0x32, 0x31, 0x00, 0x00, 0x62, 0x48, 0x3C, 0xFB, 0x78, 0x9C, 0x63, 0x60, 0x98, 0xE0, 0xCF,
    0x00, 0x02, 0x1F, 0xE6, 0x83, 0x29, 0x28, 0x0F, 0x19, 0xFC, 0x07, 0x03, 0x7E, 0x18, 0x65, 0x6B,
    0x0C, 0x04, 0xCC, 0xFF, 0xB9, 0x20, 0x72, 0x44, 0x50, 0x20, 0xD0, 0x0F, 0xA7, 0x40, 0xDA, 0x85,
    0x89, 0xD2, 0x07, 0xA5, 0xA0, 0xF6, 0xA1, 0x38, 0x02, 0x00, 0x16, 0xF9, 0x38, 0xF0, 0x78, 0x9C,
    0x63, 0x60, 0x70, 0x98, 0xCF, 0x00, 0x02, 0x13, 0xFE, 0x83, 0x29, 0x28, 0x0F, 0x05, 0x08, 0xDC,
    0x78, 0x9F, 0x03, 0xA4, 0xBE, 0xFE, 0xFF, 0xFF, 0x9F, 0x9B, 0xC1, 0xE1, 0x7F, 0x9E, 0xF3, 0xAF,
    0xF5, 0x0C, 0x0F, 0xDE, 0x33, 0x02, 0xB5, 0x30, 0x7D, 0x8B, 0x07, 0x4A, 0xFF, 0xE7, 0xF8, 0xCD,
    0x07, 0x94, 0xFF, 0xC3, 0xF3, 0xCF, 0xDE, 0xD8, 0xD8, 0xF8, 0x37, 0xDF, 0x7F, 0x30, 0xE0, 0x87,
    0x52, 0xFF, 0xB8, 0xC1, 0x86, 0xFC, 0xE1, 0x03, 0x53, 0xDF, 0xE3, 0xC1, 0xD4, 0xC7, 0xF7, 0x4C,
    0x0C, 0x0C, 0xCF, 0x99, 0x13, 0xFE, 0xF7, 0x9B, 0x1C, 0xFB, 0xCF, 0xC6, 0xF0, 0x0D, 0xA8, 0xB0,
    0x9E, 0x81, 0x41, 0xE1, 0xC6, 0xFF, 0xB9, 0x4C, 0x0C, 0x00, 0x02, 0x90, 0x35, 0x20, 0x78, 0x9C,
    0xFB, 0xFF, 0x1F, 0x04, 0xF8, 0xFF, 0x43, 0x29, 0x5B, 0x63, 0x20, 0x60, 0xFE, 0xCF, 0xC5, 0x00,
    0x02, 0x78, 0x29, 0x90, 0x4A, 0x61, 0x06, 0xB0, 0xB6, 0x7E, 0x38, 0x45, 0x84, 0x3E, 0x4C, 0x53,
    0x80, 0xF6, 0xA1, 0x38, 0x02, 0x24, 0xF1, 0x38, 0x1F, 0x44, 0x0A, 0xFC, 0xE3, 0x00, 0x51, 0x05,
    0xFF, 0x19, 0x41, 0xD4, 0x84, 0xFF, 0x61, 0x20, 0x2A, 0xE1, 0xFF, 0x7F, 0x26, 0x10, 0xFD, 0x62,
    0x3D, 0x23, 0x00, 0x6E, 0x7D, 0x3F, 0x58, 0x78, 0x9C, 0x63, 0x10, 0xB8, 0xF1, 0x3E, 0x87, 0x81,
    0x81, 0xE1, 0xEB, 0xFF, 0xFF, 0xFF, 0xB9, 0x19, 0x1C, 0xFE, 0xE7, 0x39, 0xFF, 0x5A, 0xCF, 0xF0,
    0xE0, 0x3D, 0x23, 0xC3, 0x84, 0xFF, 0x4C, 0xDF, 0xE2, 0x19, 0x18, 0x04, 0xFE, 0x73, 0xFC, 0xE6,
    0x03, 0xCA, 0xFF, 0xE1, 0xF9, 0x67, 0x6F, 0x6C, 0x6C, 0xFC, 0x9B, 0xEF, 0x3F, 0x18, 0xF0, 0x43,
    0xA9, 0x7F, 0xDC, 0x0C, 0x20, 0xF0, 0x87, 0x0F, 0x4C, 0x7D, 0x8F, 0x07, 0x53, 0x1F, 0xDF, 0x33,
    0x31, 0x30, 0x3C, 0x67, 0x4E, 0xF8, 0xDF, 0x6F, 0x72, 0xEC, 0x3F, 0x1B, 0xC3, 0x37, 0xA0, 0xC2,
    0x7A, 0x06, 0x06, 0x85, 0x1B, 0xFF, 0xFF, 0x33, 0x83, 0xA4, 0x7F, 0xE9, 0x81, 0x48, 0x87, 0xFF,
    0xAC, 0x20, 0x6A, 0xC2, 0x7F, 0x06, 0x08, 0xE5, 0xC6, 0x04, 0x16, 0x04, 0xAA, 0x07, 0x82, 0xE7,
    0xE7, 0x99, 0x19, 0x00, 0x38, 0x55, 0x3C, 0x05, 0x78, 0x9C, 0x63, 0xF8, 0xC5, 0xA1, 0xF0, 0x8F,
    0x85, 0x81, 0x61, 0x43, 0xFD, 0xC3, 0x78, 0x06, 0x20, 0xF8, 0xFB, 0x97, 0x0D, 0x44, 0x3D, 0xEC,
    0x67, 0x40, 0x07, 0xFF, 0xC1, 0x80, 0x1F, 0x46, 0xD9, 0x1A, 0x03, 0x01, 0xF3, 0x7F, 0x2E, 0x88,
    0x1C, 0x11, 0x14, 0x08, 0xF4, 0xC3, 0x29, 0x90, 0x76, 0x61, 0xA2, 0xF4, 0x41, 0x29, 0xA8, 0x7D,
    0x28, 0x8E, 0x00, 0x00, 0x68, 0xA4, 0x3D, 0xA6, 0x78, 0x9C, 0x63, 0xF8, 0x22, 0xC7, 0xF0, 0x8B,
    0x9B, 0x81, 0x21, 0xE0, 0x7E, 0xE3, 0x79, 0x06, 0x20, 0xF8, 0xF6, 0x8F, 0x07, 0x44, 0x35, 0x9C,
    0x67, 0x64, 0x40, 0x07, 0x02, 0x37, 0xDE, 0xE7, 0x00, 0xA9, 0xAF, 0xFF, 0xFF, 0xFF, 0xE7, 0x66,
    0x70, 0xF8, 0x9F, 0xE7, 0xFC, 0x6B, 0x3D, 0xC3, 0x83, 0xF7, 0x8C, 0x0C, 0x13, 0xFE, 0x33, 0x7D,
    0x8B, 0x07, 0x4A, 0xFF, 0xE7, 0xF8, 0xCD, 0x07, 0x94, 0xFF, 0xC3, 0xF3, 0xCF, 0xCE, 0xD8, 0xD8,
    0xF8, 0x37, 0xDF, 0x7F, 0x30, 0xE0, 0x87, 0x52, 0xFF, 0xB8, 0xC1, 0x86, 0xFC, 0xE1, 0x03, 0x53,
    0xDF, 0xE3, 0xC1, 0xD4, 0xC7, 0xF7, 0x4C, 0x0C, 0x0C, 0xCF, 0x99, 0x13, 0xFE, 0xF7, 0x9B, 0x1C,
    0xFB, 0xCF, 0xC6, 0xF0, 0x0D, 0xA8, 0xB0, 0x9E, 0x81, 0x41, 0xE1, 0xC6, 0xFF, 0xB9, 0x4C, 0x0C,
    0x00, 0x9F, 0xDB, 0x39, 0xB8, 0x78, 0x9C, 0x63, 0x60, 0x60, 0x28, 0x64, 0x63, 0x00, 0x01, 0x81,
    0xBF, 0xFD, 0x60, 0xFA, 0x40, 0xFF, 0x1F, 0xB0, 0xC0, 0x1F, 0xCE, 0x8B, 0xF1, 0x40, 0xCA, 0x20,
    0x83, 0x41, 0xA0, 0x82, 0x01, 0x0B, 0x68, 0x7E, 0xFB, 0xBE, 0x86, 0x89, 0x81, 0x61, 0xC2, 0x7F,
    0x20, 0xA8, 0x67, 0x60, 0xF8, 0xFD, 0xDE, 0xDD, 0xF9, 0xC7, 0x7F, 0xF6, 0x82, 0xFF, 0x5C, 0x20,
    0xA3, 0xF4, 0x3F, 0xDC, 0x07, 0xA9, 0xF9, 0x3C, 0xFF, 0x5B, 0x3C, 0xD8, 0xCC, 0xFB, 0xBF, 0xF8,
    0x21, 0xBA, 0xFE, 0xF2, 0x42, 0xE8, 0x7F, 0xDC, 0x10, 0x1A, 0xA4, 0x1C, 0x46, 0xFF, 0x00, 0x19,
    0x05, 0xA5, 0x41, 0xF2, 0x86, 0xC6, 0x9B, 0xFF, 0x43, 0xD4, 0x2F, 0xF8, 0xFF, 0x53, 0x1E, 0x42,
    0x7F, 0xE9, 0x87, 0xD0, 0x17, 0xFE, 0x33, 0x81, 0x69, 0x87, 0xFF, 0xBA, 0x40, 0xFA, 0xD2, 0x7F,
    0x86, 0xEF, 0xFF, 0x23, 0x8D, 0xA7, 0xFE, 0xEF, 0x67, 0x08, 0xF8, 0x07, 0x32, 0x05, 0xE8, 0x83,
    0x82, 0xD7, 0xFF, 0xF7, 0x89, 0x33, 0x00, 0x00, 0x38, 0x11, 0x4A, 0xB1, 0x78, 0x9C, 0x63, 0x60,
    0xD8, 0x70, 0x9E, 0x01, 0x04, 0x7E, 0xFD, 0xE5, 0x02, 0x92, 0x13, 0xD6, 0x4F, 0x98, 0x0F, 0xA4,
    0xAE, 0x71, 0x31, 0xDC, 0x64, 0x63, 0x40, 0x03, 0x01, 0x6F, 0xEE, 0xB3, 0x7F, 0xE7, 0x67, 0xF8,
    0xF5, 0xFF, 0xFF, 0xFD, 0x9F, 0xFC, 0x13, 0xFE, 0xE7, 0x3A, 0xFF, 0xFA, 0xCF, 0xFF, 0xE9, 0x3E,
    0x23, 0x43, 0xC0, 0x7F, 0xFE, 0x1F, 0xF1, 0x40, 0xF9, 0xFF, 0xFC, 0x7F, 0xF8, 0x81, 0xD4, 0x3F,
    0xFE, 0x7F, 0x3C, 0x20, 0xF3, 0xF8, 0xFF, 0x73, 0x21, 0x53, 0x50, 0xC1, 0xDF, 0x7C, 0x60, 0x95,
    0xDF, 0x21, 0x1A, 0x3E, 0xDE, 0x67, 0x00, 0x69, 0x6F, 0x00, 0x1A, 0xF6, 0xF3, 0x3F, 0xC4, 0x68,
    0xA0, 0x19, 0x01, 0x7F, 0xEE, 0x73, 0xFC, 0xE2, 0x07, 0xDB, 0x09, 0x54, 0xCE, 0x08, 0x52, 0xC9,
    0x3D, 0x41, 0x0F, 0xE8, 0xB8, 0xFF, 0xAC, 0x0F, 0xFF, 0x7B, 0x06, 0xFF, 0x3E, 0xCF, 0xA0, 0xF0,
    0xF7, 0xFF, 0xFF, 0xFF, 0x32, 0x40, 0xBD, 0xAF, 0xDF, 0x47, 0x33, 0x30, 0x00, 0x00, 0x21, 0x63,
    0x47, 0x57, 0x78, 0x9C, 0x63, 0x98, 0xF0, 0x9F, 0x51, 0xE0, 0x3F, 0x27, 0x03, 0x43, 0xC0, 0x7F,
    0xA9, 0x85, 0xFF, 0x59, 0x19, 0x18, 0x18, 0xFE, 0xFC, 0xFF, 0x7F, 0x1E, 0x48, 0x31, 0x2C, 0xFC,
    0xFF, 0x5F, 0x12, 0x44, 0x33, 0x28, 0x30, 0x31, 0x20, 0x83, 0xE6, 0xB7, 0xEF, 0x6B, 0x80, 0x22,
    0x13, 0xFE, 0x03, 0x41, 0x3D, 0x03, 0xC3, 0xEF, 0xF7, 0xEE, 0xCE, 0x3F, 0xFE, 0xB3, 0x17, 0xFC,
    0xE7, 0x62, 0x60, 0x10, 0xF8, 0xAB, 0xFF, 0xE1, 0x3E, 0x48, 0xCD, 0xE7, 0xF9, 0xDF, 0xE2, 0x41,
    0xF4, 0x81, 0xFB, 0xBF, 0xF8, 0x21, 0xBA, 0xFE, 0xF2, 0x42, 0xE8, 0x7F, 0xDC, 0x10, 0x1A, 0xA4,
    0x1C, 0x46, 0x7F, 0x03, 0x19, 0x05, 0xA5, 0x41, 0xF2, 0x8E, 0x2E, 0x5B, 0xFE, 0x43, 0xD4, 0x2F,
    0xF8, 0xFF, 0x53, 0x1E, 0x42, 0x7F, 0xE9, 0x87, 0xD0, 0x17, 0xFE, 0x33, 0x81, 0x69, 0x87, 0xFF,
    0xBA, 0x40, 0xFA, 0xE2, 0x7F, 0x86, 0xEF, 0xFF, 0x23, 0x8D, 0xA7, 0xFE, 0xEF, 0x67, 0x08, 0xF8,
    0x07, 0x32, 0x85, 0x8D, 0x81, 0xA1, 0xE0, 0xF5, 0xFF, 0x7D, 0xE2, 0x0C, 0x00, 0xC9, 0xDD, 0x4F,
    0x6E, 0x78, 0x9C, 0x4D, 0x8E, 0xC1, 0x09, 0xC2, 0x40, 0x10, 0x45, 0xBF, 0x88, 0x28, 0x46, 0x32,
    0xC1, 0xAB, 0x16, 0x61, 0x09, 0x01, 0x2F, 0x5E, 0xC4, 0xBD, 0x7B, 0x50, 0xF0, 0x6C, 0x0F, 0x96,
    0x60, 0x09, 0x96, 0x60, 0x27, 0x29, 0x61, 0x0B, 0x50, 0x08, 0x51, 0xC4, 0xB8, 0xBB, 0xE6, 0x3B,
    0x49, 0x04, 0xFD, 0x97, 0x3F, 0xCC, 0xCC, 0x7F, 0x33, 0x60, 0x04, 0x2F, 0x80, 0x5F, 0xA5, 0x5A,
    0xE1, 0x4E, 0xB2, 0x0B, 0xA4, 0x6F, 0x2E, 0xA1, 0x4A, 0xC6, 0xF8, 0xC9, 0x5C, 0x6D, 0xFF, 0x21,
    0x70, 0xA4, 0x2D, 0xE5, 0xC8, 0xFD, 0xDC, 0x51, 0x6E, 0xB6, 0x03, 0x43, 0x29, 0x37, 0x3A, 0xA7,
    0x04, 0x05, 0xA1, 0x92, 0x6A, 0xA4, 0xE6, 0x84, 0xC3, 0x7F, 0xFB, 0x36, 0x7D, 0xDC, 0x6C, 0x3E,
    0xDB, 0x40, 0x61, 0x51, 0xC7, 0x0F, 0x0A, 0x7B, 0xB1, 0x45, 0x2B, 0xC3, 0x04, 0x3B, 0x70, 0xD2,
    0xDC, 0xF4, 0x71, 0x52, 0x1B, 0xA3, 0xF3, 0x04, 0x38, 0xB1, 0x57, 0xE4, 0x8B, 0x5D, 0xC8, 0x30,
    0xAB, 0xF4, 0xCF, 0x29, 0xB0, 0xBD, 0xE4, 0x6B, 0xE0, 0x03, 0xB1, 0xB4, 0x4B, 0x4A, 0x78, 0x9C,
    0x63, 0x60, 0x60, 0xF8, 0xC2, 0xC9, 0x00, 0x06, 0x3F, 0xF9, 0x21, 0x34, 0x8C, 0x8F, 0x03, 0x34,
    0xBF, 0x7D, 0x5F, 0xC3, 0xC4, 0xC0, 0x30, 0xE1, 0x3F, 0x10, 0xD4, 0x33, 0x30, 0xFC, 0x7E, 0xEF,
    0xEE, 0xFC, 0xE3, 0x3F, 0x7B, 0xC1, 0x7F, 0x2E, 0x06, 0x06, 0x81, 0xBF, 0xFA, 0x1F, 0xEE, 0x83,
    0xD4, 0x7C, 0x9E, 0xFF, 0x2D, 0x1E, 0x44, 0x1F, 0xB8, 0xFF, 0x0B, 0x6A, 0xE8, 0x5F, 0x5E, 0x08,
    0xFD, 0x8F, 0x1B, 0x42, 0x83, 0x94, 0xC3, 0xE8, 0x3F, 0x20, 0xA3, 0xA0, 0x34, 0x48, 0xDE, 0xC8,
    0x78, 0xF3, 0x7F, 0x88, 0xFA, 0x05, 0xFF, 0x7F, 0xCA, 0x43, 0xE8, 0x2F, 0xFD, 0x10, 0xFA, 0xC2,
    0x7F, 0x26, 0x30, 0xED, 0xF0, 0x5F, 0x17, 0x48, 0x5F, 0xFA, 0xCF, 0xF0, 0xFD, 0x7F, 0xA4, 0xF1,
    0xD4, 0xFF, 0xFD, 0x0C, 0x01, 0xFF, 0x40, 0xA6, 0xB0, 0x31, 0x30, 0x14, 0xBC, 0xFE, 0xBF, 0x4F,
    0x9C, 0x01, 0x00, 0x84, 0xD5, 0x46, 0x03, 0x78, 0x9C, 0x63, 0x60, 0x70, 0x98, 0xCF, 0x00, 0x02,
    0x13, 0xFE, 0x83, 0x29, 0x28, 0x0F, 0x05, 0x04, 0xBC, 0xB9, 0xCF, 0xFE, 0x9D, 0x9F, 0xE1, 0xD7,
    0xFF, 0xFF, 0xF7, 0x7F, 0xF2, 0x4F, 0xF8, 0x9F, 0xEB, 0xFC, 0xEB, 0x3F, 0xFF, 0xA7, 0xFB, 0x8C,
    0x0C, 0x01, 0xFF, 0xF9, 0x7F, 0xC4, 0x03, 0xE5, 0xFF, 0xF3, 0xFF, 0xE1, 0x07, 0x52, 0xFF, 0xF8,
    0xFF, 0xF1, 0x00, 0xA9, 0x5F, 0xFC, 0xFF, 0xB9, 0x90, 0x29, 0xA8, 0xE0, 0x6F, 0x3E, 0xB0, 0xCA,
    0xEF, 0x10, 0x0D, 0x1F, 0xEF, 0x33, 0x80, 0xB4, 0x37, 0x00, 0x0D, 0xFB, 0xF9, 0x1F, 0x62, 0x34,
    0xD0, 0x8C, 0x80, 0x3F, 0xF7, 0x39, 0x7E, 0xF1, 0x83, 0xED, 0x04, 0x2A, 0x67, 0x04, 0xA9, 0xE4,
    0x9E, 0xA0, 0x07, 0x72, 0x1B, 0xEB, 0xC3, 0xFF, 0x9E, 0xC1, 0xBF, 0xCF, 0x33, 0x28, 0xFC, 0xFD,
    0xFF, 0xFF, 0xBF, 0x0C, 0x50, 0xEF, 0xEB, 0xF7, 0xD1, 0x0C, 0x0C, 0x00, 0xF8, 0xAF, 0x42, 0xF7,
    0x78, 0x9C, 0x63, 0x60, 0x68, 0x7E, 0xFB, 0xBE, 0x86, 0x89, 0x81, 0x61, 0xC2, 0x7F, 0x20, 0xA8,
    0x67, 0x60, 0xF8, 0xFD, 0xDE, 0xDD, 0xF9, 0xC7, 0x7F, 0xF6, 0x82, 0xFF, 0x5C, 0x0C, 0x0C, 0x02,
    0x7F, 0xF5, 0x3F, 0xDC, 0x67, 0x00, 0x82, 0xCF, 0xF3, 0xBF, 0xC5, 0x83, 0xE8, 0x03, 0xF7, 0x7F,
    0xF1, 0x33, 0x80, 0xC1, 0x5F, 0x5E, 0x08, 0xFD, 0x8F, 0x1B, 0x42, 0x83, 0x94, 0xC3, 0xE8, 0x1F,
    0x20, 0xA3, 0xA0, 0x34, 0x48, 0xDE, 0xD0, 0x78, 0xF3, 0x7F, 0x88, 0xFA, 0x05, 0xFF, 0x7F, 0xCA,
    0x43, 0xE8, 0x2F, 0xFD, 0x10, 0xFA, 0xC2, 0x7F, 0x26, 0x30, 0xED, 0xF0, 0x5F, 0x17, 0x48, 0x5F,
    0xFA, 0xCF, 0xF0, 0xFD, 0x7F, 0xA4, 0xF1, 0xD4, 0xFF, 0xFD, 0x0C, 0x01, 0xFF, 0x40, 0xA6, 0xB0,
    0x31, 0x30, 0x14, 0xBC, 0xFE, 0xBF, 0x4F, 0x9C, 0x01, 0x09, 0x04, 0x74, 0x40, 0xE8, 0x05, 0xFF,
    0x21, 0xF4, 0x86, 0xF7, 0x10, 0xFA, 0xC1, 0x7A, 0x08, 0xFD, 0xC5, 0x1F, 0x42, 0x7F, 0xE5, 0x84,
    0xD0, 0x02, 0x20, 0x02, 0x00, 0xDB, 0x5A, 0x4A, 0xEE, 0x78, 0x9C, 0x63, 0x60, 0x60, 0x08, 0x66,
    0x00, 0x83, 0x7F, 0xAC, 0x20, 0xB2, 0xE0, 0x3F, 0x23, 0x88, 0xBA, 0x70, 0x1E, 0x2C, 0xF6, 0x61,
    0x3D, 0x32, 0xD5, 0x10, 0xC1, 0x80, 0x01, 0x02, 0xDE, 0xDC, 0x67, 0xFF, 0xCE, 0xCF, 0xF0, 0xEB,
    0xFF, 0xFF, 0xFB, 0x3F, 0xF9, 0x27, 0xFC, 0xCF, 0x75, 0xFE, 0xF5, 0x9F, 0xFF, 0xD3, 0x7D, 0x46,
    0x86, 0x80, 0xFF, 0xFC, 0x3F, 0xE2, 0x81, 0xF2, 0xFF, 0xF9, 0xFF, 0xF0, 0x83, 0x0C, 0xE7, 0xFF,
    0xC7, 0x03, 0xA4, 0x7E, 0xF1, 0xFF, 0xE7, 0x42, 0xA6, 0xA0, 0x82, 0xBF, 0xF9, 0xC0, 0x2A, 0xBF,
    0x43, 0x34, 0x7C, 0xBC, 0xCF, 0x00, 0xD2, 0xDE, 0x00, 0x34, 0xEC, 0xE7, 0x7F, 0x88, 0xD1, 0x40,
    0x33, 0x02, 0xFE, 0xDC, 0xE7, 0xF8, 0xC5, 0x0F, 0xB6, 0x13, 0xA8, 0x1C, 0xE4, 0xC8, 0xFF, 0xDC,
    0x13, 0xF4, 0x18, 0x18, 0x26, 0xFC, 0x67, 0x7D, 0xF8, 0xDF, 0x33, 0xF8, 0xF7, 0x79, 0x06, 0x85,
    0xBF, 0xFF, 0xFF, 0xFF, 0x97, 0x01, 0xEA, 0x7D, 0xFD, 0x3E, 0x9A, 0x81, 0x01, 0x00, 0xFC, 0xBB,
    0x48, 0x25, 0x78, 0x9C, 0x63, 0x60, 0x60, 0xF8, 0xAE, 0xC7, 0x00, 0x02, 0x09, 0xEF, 0xEF, 0x33,
    0x82, 0xE8, 0xAF, 0x72, 0xDF, 0x78, 0x80, 0x94, 0xC3, 0x7B, 0xA6, 0x82, 0xFD, 0x0C, 0x18, 0xE0,
    0x3F, 0x37, 0x88, 0x5C, 0xF0, 0x9F, 0x62, 0x1A, 0x1D, 0xF8, 0xB9, 0x00, 0xC1, 0x15, 0xCA, 0xCD,
    0x85, 0xD2, 0x00, 0x85, 0x13, 0x4B, 0xCC, 0x78, 0x9C, 0x63, 0x30, 0xF8, 0xCF, 0xCA, 0xC0, 0xC0,
    0xF0, 0xE8, 0xBD, 0x3D, 0x03, 0x83, 0xC0, 0x5F, 0xD3, 0xF7, 0x4C, 0x0C, 0x07, 0xEA, 0x19, 0xBE,
    0xC8, 0x32, 0x40, 0xC0, 0x7F, 0x2E, 0x62, 0xC8, 0x2D, 0xFF, 0x7A, 0x19, 0xFE, 0xCF, 0xFA, 0xFF,
    0xFF, 0x3F, 0xCF, 0xFF, 0xFF, 0xD1, 0xC9, 0x7F, 0xF3, 0xFF, 0xCF, 0x67, 0x60, 0xF8, 0xB4, 0xFF,
    0x3F, 0x3F, 0x03, 0xC3, 0x81, 0xF7, 0x20, 0x72, 0xC1, 0xFF, 0xFF, 0xBC, 0x60, 0x92, 0x1B, 0x4C,
    0x72, 0x91, 0x46, 0x02, 0x00, 0x08, 0x34, 0x3D, 0x5D, 0x78, 0x9C, 0x63, 0xF8, 0xCF, 0xC5, 0x00,
    0x04, 0x0B, 0xFE, 0x33, 0x30, 0xE0, 0x65, 0xFD, 0xC7, 0x02, 0x04, 0xFF, 0x4B, 0x0B, 0x02, 0xC1,
    0xC6, 0xFF, 0x82, 0xD8, 0xF5, 0x42, 0x01, 0x0A, 0xCB, 0xC6, 0x18, 0x08, 0x0E, 0x13, 0xB2, 0x8D,
    0x12, 0x16, 0x00, 0x5F, 0x21, 0x52, 0xAE, 0x78, 0x9C, 0x63, 0xF8, 0xB0, 0x9E, 0x01, 0x0C, 0xA0,
    0xF4, 0x8F, 0xFF, 0xFF, 0xFF, 0xCF, 0x47, 0xA2, 0x0D, 0x3F, 0xDF, 0x37, 0x16, 0x46, 0x92, 0x07,
    0xD2, 0x01, 0x6F, 0xEE, 0x73, 0x80, 0xE8, 0xDF, 0xFF, 0xFF, 0x9F, 0x07, 0xD2, 0xFF, 0xF7, 0x9B,
    0x5E, 0xFB, 0xCF, 0x06, 0xA4, 0xD9, 0x19, 0x14, 0xFE, 0x73, 0x03, 0x69, 0xA0, 0xA2, 0x3F, 0x7C,
    0x10, 0xFA, 0x17, 0x3F, 0xC3, 0x87, 0xFD, 0x50, 0x7A, 0x3D, 0x55, 0x68, 0x00, 0xA6, 0xE8, 0x41,
    0xE7, 0x78, 0x9C, 0x63, 0x50, 0x62, 0x60, 0x08, 0x3D, 0xF8, 0xBF, 0xB6, 0xE4, 0xFD, 0xAF, 0xFF,
    0xFF, 0xFF, 0xF7, 0xFF, 0x67, 0xDE, 0xF2, 0x9E, 0x83, 0x01, 0x09, 0xFC, 0xE7, 0xA2, 0x0B, 0x01,
    0x00, 0xF7, 0xCF, 0x21, 0x08, 0x78, 0x9C, 0x63, 0x60, 0x60, 0x60, 0x50, 0x2A, 0x78, 0xC7, 0xC6,
    0xF0, 0xFF, 0xEB, 0xFF, 0xF5, 0x53, 0xCE, 0xFF, 0xF1, 0xF8, 0xFD, 0x3F, 0xFE, 0x3D, 0x43, 0xC3,
    0x3B, 0x76, 0x06, 0x04, 0x58, 0xF0, 0x9F, 0xAA, 0x04, 0x00, 0x16, 0xB8, 0x26, 0x7D, 0x78, 0x9C,
    0xFB, 0xFF, 0x1F, 0x06, 0x8C, 0x41, 0x80, 0x01, 0x01, 0x16, 0xFC, 0xA7, 0x0F, 0x01, 0x00, 0x72,
    0x40, 0x2D, 0x01, 0x78, 0x9C, 0xFB, 0xFF, 0x1F, 0x06, 0x8C, 0x41, 0x80, 0x01, 0x01, 0x16, 0xFC,
    0xA7, 0x2A, 0x01, 0x00, 0x6B, 0x0F, 0x24, 0xE6, 0x78, 0x9C, 0x6B, 0x67, 0x65, 0xE8, 0x60, 0xF9,
    0xC7, 0xA3, 0xF0, 0x9F, 0xE3, 0x57, 0xFC, 0xC2, 0xFF, 0x2C, 0x9F, 0xFE, 0xFF, 0xDF, 0xCF, 0x60,
    0xF0, 0xF7, 0x3F, 0x17, 0x03, 0x83, 0x00, 0x13, 0x03, 0x03, 0xC3, 0x87, 0xF5, 0xF4, 0x21, 0x00,
    0xF5, 0x20, 0x2E, 0x49, 0x78, 0x9C, 0xFB, 0xCF, 0x2D, 0xF0, 0x9F, 0xF3, 0x8F, 0x7F, 0xC3, 0x7F,
    0xB6, 0x2F, 0xFF, 0xFF, 0xDF, 0x67, 0x70, 0xF8, 0xFB, 0x5F, 0x9A, 0x81, 0x41, 0x41, 0x88, 0x01,
    0x0A, 0x3E, 0xAC, 0xA7, 0x2A, 0x01, 0x00, 0x98, 0xF1, 0x25, 0x3D, 0x78, 0x9C, 0x63, 0xF8, 0xC5,
    0xCF, 0x40, 0x36, 0xFA, 0xCF, 0xDF, 0x70, 0x9F, 0xE9, 0x9B, 0x3E, 0xC3, 0x5F, 0x6E, 0x86, 0xFF,
    0xB6, 0xAC, 0xBF, 0xFF, 0xF3, 0x6D, 0x7C, 0xCF, 0x01, 0x00, 0x8D, 0xF0, 0x1E, 0x42, 0x78, 0x9C,
    0x63, 0xB8, 0xC8, 0xCB, 0xF0, 0xD5, 0x9E, 0x01, 0x48, 0x42, 0xC0, 0x57, 0x7E, 0x12, 0xD0, 0x0F,
    0xFE, 0x84, 0xF7, 0x2C, 0x40, 0xDD, 0x7F, 0xB9, 0x19, 0xFE, 0xDB, 0xB2, 0xFE, 0xFE, 0xCF, 0xBF,
    0xF1, 0x3D, 0x27, 0x00, 0xE3, 0x57, 0x1B, 0xB6, 0x78, 0x9C, 0xFB, 0xC9, 0xF2, 0x9F, 0xF3, 0x27,
    0x0B, 0x03, 0x10, 0xFC, 0xE7, 0x22, 0x16, 0x02, 0x00, 0x74, 0x11, 0x18, 0xC0, 0x78, 0x9C, 0xFB,
    0xCF, 0xF5, 0x1F, 0x2F, 0x04, 0x00, 0x19, 0x1F, 0x10, 0x91, 0x78, 0x9C, 0xFB, 0xCF, 0xC5, 0x00,
    0x06, 0xBF, 0xF8, 0xFF, 0x0F, 0x2E, 0xD6, 0x7F, 0x6E, 0x20, 0xEB, 0x37, 0x1F, 0x90, 0xF5, 0x97,
    0x0F, 0xC8, 0xFA, 0xCF, 0x03, 0x64, 0xFD, 0xC8, 0x67, 0x60, 0x98, 0xF0, 0x9F, 0x0D, 0xC8, 0x7A,
    0xF8, 0xDF, 0x2B, 0xF8, 0xF7, 0x7D, 0x06, 0x20, 0xCB, 0xE0, 0xDF, 0xFF, 0xFF, 0xFF, 0x65, 0x40,
    0x2C, 0x86, 0x82, 0x37, 0xEF, 0xB3, 0x19, 0x18, 0x00, 0x42, 0x23, 0x37, 0xBE, 0x78, 0x9C, 0xFB,
    0xC9, 0xC2, 0x30, 0xC1, 0xFF, 0x3F, 0x27, 0xC3, 0x87, 0xF9, 0x3F, 0x41, 0x2C, 0x06, 0x38, 0xF8,
    0xCF, 0xC5, 0xF0, 0x61, 0x3D, 0x15, 0x09, 0xA0, 0x91, 0x08, 0xE2, 0x63, 0x3F, 0x03, 0x83, 0xF3,
    0x9F, 0x78, 0x06, 0x83, 0xFF, 0xFF, 0x79, 0x18, 0x14, 0xFE, 0xCD, 0x63, 0x00, 0x00, 0x6A, 0x1E,
    0x3B, 0x22, 0x78, 0x9C, 0x63, 0x60, 0x60, 0x60, 0x10, 0xF8, 0xCB, 0xC1, 0x00, 0x02, 0x07, 0xDE,
    0xE7, 0x83, 0xE9, 0xDF, 0x92, 0x7F, 0x59, 0x81, 0xD4, 0x82, 0xF5, 0x0C, 0x0F, 0xED, 0x19, 0xB0,
    0x81, 0x5F, 0xFC, 0x74, 0xA7, 0xFF, 0x73, 0x83, 0x1C, 0xC6, 0xC7, 0xF0, 0x97, 0x0F, 0x48, 0xFF,
    0xE7, 0x61, 0xF8, 0x01, 0x74, 0xEA, 0x84, 0xFF, 0x6C, 0x0C, 0x0F, 0xFF, 0x47, 0x05, 0xFF, 0xBE,
    0xCF, 0xC0, 0x60, 0xF0, 0xEF, 0xFF, 0xFF, 0xFF, 0x3A, 0x40, 0xB9, 0x82, 0x37, 0xEF, 0xB3, 0x81,
    0x14, 0x00, 0x1B, 0x61, 0x29, 0xD9, 0x78, 0x9C, 0x63, 0x10, 0xF8, 0xCB, 0xC1, 0xC0, 0x70, 0xE0,
    0x7D, 0x3D, 0x03, 0xC3, 0x6F, 0xC9, 0xBF, 0xAC, 0x13, 0xD6, 0x33, 0x3C, 0xB4, 0x67, 0x40, 0x02,
    0xFF, 0xB9, 0xA8, 0x4F, 0x08, 0xFC, 0xE7, 0x64, 0x60, 0x70, 0xF8, 0xCF, 0xCE, 0x60, 0x74, 0xE5,
    0x3F, 0x13, 0xC3, 0xF7, 0xFF, 0xFD, 0x0C, 0x0C, 0xDF, 0xCE, 0xB3, 0x31, 0x30, 0x00, 0x00, 0xFE,
    0x9E, 0x22, 0x07, 0x78, 0x9C, 0x2D, 0xCC, 0xCB, 0x0D, 0x82, 0x60, 0x14, 0x84, 0xD1, 0x31, 0x31,
    0x01, 0x7C, 0x24, 0xBF, 0x0D, 0x68, 0x09, 0x58, 0x82, 0x1D, 0x60, 0x27, 0x5A, 0x82, 0x4B, 0x77,
    0xEE, 0x5D, 0xD9, 0x01, 0x74, 0x00, 0x1D, 0x58, 0x01, 0xF1, 0xD1, 0x00, 0x1B, 0x4C, 0x30, 0x3E,
    0x46, 0xE6, 0x5E, 0x67, 0x31, 0x67, 0xF7, 0x71, 0x04, 0xA0, 0x60, 0x42, 0xF9, 0x2C, 0x21, 0xB7,
    0x9C, 0x98, 0x8F, 0x66, 0x20, 0x97, 0x4C, 0x21, 0xEF, 0x1C, 0xCA, 0xF0, 0xD9, 0x40, 0x56, 0x8C,
    0xCD, 0x57, 0x0E, 0x79, 0xE4, 0xC2, 0x24, 0x4B, 0xB7, 0x66, 0x24, 0x2F, 0xB3, 0x6F, 0x26, 0x53,
    0xB4, 0x7D, 0x0E, 0x9C, 0x62, 0xC7, 0xB1, 0xF5, 0xF0, 0x3E, 0xB8, 0xB7, 0x3E, 0x2C, 0x57, 0x9C,
    0x9B, 0xE8, 0xCE, 0x6E, 0xC1, 0xD8, 0x0C, 0x4A, 0xAC, 0xF7, 0xB0, 0x9D, 0xE8, 0x56, 0x8D, 0x7B,
    0xCD, 0xDD, 0x36, 0xFB, 0x9B, 0xB8, 0xC1, 0xFE, 0x07, 0xED, 0x7C, 0x43, 0x6C, 0x78, 0x9C, 0xFB,
    0xCF, 0xC5, 0x00, 0x02, 0xFF, 0x89, 0xA3, 0xBE, 0x9D, 0x07, 0x51, 0x01, 0xFF, 0x65, 0x41, 0xD4,
    0x97, 0xF7, 0x8C, 0x40, 0xCA, 0xE0, 0xBF, 0x1E, 0x48, 0xEE, 0xF3, 0x7F, 0x66, 0x20, 0xA5, 0xF5,
    0xCF, 0x1E, 0xA4, 0xF2, 0xF6, 0x7F, 0x76, 0x10, 0xF5, 0xFF, 0x3F, 0x0F, 0x84, 0xEA, 0x07, 0x51,
    0xF5, 0x17, 0xFE, 0xB3, 0x00, 0x29, 0x7E, 0x83, 0xFF, 0x72, 0x60, 0xC3, 0xBE, 0xEF, 0x07, 0x53,
    0x1B, 0x80, 0x6A, 0x81, 0x94, 0x00, 0x50, 0x27, 0xC8, 0x86, 0xCF, 0xF7, 0xC1, 0x54, 0xC1, 0x7F,
    0x4E, 0x06, 0x86, 0x56, 0x0E, 0xB0, 0xC5, 0xBF, 0xF8, 0xC1, 0xD4, 0x6F, 0x3E, 0x30, 0xF5, 0x0F,
    0xEC, 0x9A, 0x00, 0x90, 0x59, 0x0C, 0x0C, 0x09, 0xF3, 0xC1, 0x62, 0x0C, 0x8C, 0x20, 0x02, 0x00,
    0xA2, 0xE0, 0x38, 0x7C, 0x78, 0x9C, 0xFB, 0xCF, 0xC5, 0xC0, 0x70, 0xE0, 0x3F, 0xEB, 0x7F, 0x20,
    0xF5, 0xB3, 0x9F, 0x01, 0x48, 0x25, 0xFC, 0xE7, 0x06, 0x51, 0x9F, 0xEF, 0x33, 0x02, 0x29, 0x81,
    0x7F, 0xFA, 0x0C, 0x40, 0xEA, 0xC0, 0x7F, 0x16, 0x10, 0xF5, 0xAB, 0x9E, 0x01, 0x48, 0xFD, 0x07,
    0x2A, 0x00, 0x53, 0xBC, 0x20, 0x2A, 0xFE, 0xFF, 0x7A, 0x06, 0x88, 0x12, 0x0E, 0x10, 0x25, 0xF0,
    0x37, 0x1F, 0x44, 0x31, 0x3C, 0x02, 0xEA, 0x00, 0x52, 0x06, 0xFF, 0xF5, 0x41, 0x14, 0xC3, 0xD7,
    0xF7, 0x8C, 0x20, 0xAA, 0xE0, 0x3F, 0x0F, 0x00, 0xB7, 0x7C, 0x2B, 0x7C, 0x78, 0x9C, 0x63, 0x70,
    0xE8, 0x60, 0x66, 0x00, 0x82, 0x4F, 0xE7, 0x41, 0x24, 0xC3, 0x1F, 0x1E, 0x10, 0x99, 0x70, 0x9F,
    0x11, 0x44, 0x15, 0x88, 0x33, 0x20, 0x81, 0x0F, 0xEB, 0x07, 0x94, 0xBA, 0x6F, 0x0C, 0x04, 0xC2,
    0x1F, 0xFE, 0x83, 0x40, 0x3F, 0x94, 0x02, 0x00, 0x30, 0x90, 0x32, 0x2C, 0x78, 0x9C, 0x63, 0xD8,
    0xF0, 0x9F, 0x95, 0xE1, 0x5B, 0x3C, 0x83, 0xC2, 0x7F, 0x36, 0x86, 0x03, 0xF5, 0x0C, 0x70, 0xF0,
    0x61, 0x3D, 0x6D, 0x30, 0x00, 0x96, 0xAF, 0x29, 0x18, 0x78, 0x9C, 0xFB, 0xCF, 0xC5, 0x00, 0x02,
    0xFF, 0x07, 0x88, 0xB2, 0x35, 0x06, 0x02, 0xC6, 0xFF, 0x60, 0xC0, 0x01, 0xA5, 0x18, 0x60, 0xA0,
    0x21, 0x02, 0x4C, 0x7D, 0x58, 0x0F, 0xA6, 0x3E, 0xF6, 0x83, 0xA9, 0x2F, 0xFE, 0x60, 0xEA, 0x17,
    0x2F, 0x98, 0xFA, 0xC9, 0x02, 0xA6, 0x04, 0x40, 0x04, 0x00, 0xE5, 0xB1, 0x27, 0xFE, 0x78, 0x9C,
    0xFB, 0xB0, 0xFE, 0x03, 0xD1, 0x90, 0x81, 0xA1, 0x21, 0xE2, 0xC3, 0xFA, 0x8F, 0xFD, 0x5F, 0xFC,
    0x7F, 0xF1, 0xFD, 0x64, 0x11, 0x60, 0x00, 0x00, 0xA1, 0x0C, 0x2A, 0xFA, 0x78, 0x9C, 0xFB, 0xCF,
    0xC5, 0xF0, 0x8B, 0x9F, 0x81, 0xE1, 0x3F, 0x17, 0xC3, 0x6F, 0x08, 0xF5, 0x97, 0x07, 0x44, 0x09,
    0xFC, 0x67, 0x07, 0x51, 0x05, 0xEF, 0x19, 0xC0, 0x82, 0x1A, 0x10, 0x8A, 0x81, 0xEA, 0x94, 0x9F,
    0x0B, 0x10, 0x30, 0xFD, 0x07, 0x03, 0x0E, 0x28, 0x05, 0x00, 0xCC, 0x57, 0x26, 0xBF, 0x78, 0x9C,
    0xFB, 0xCF, 0xF5, 0x61, 0xFD, 0x7F, 0xAE, 0x0F, 0xF3, 0xFF, 0x73, 0x7D, 0xCA, 0xFF, 0xCF, 0xF5,
    0x5D, 0xFE, 0x3F, 0xD7, 0x5F, 0x8E, 0xFF, 0x5C, 0x8D, 0x0C, 0xFF, 0xB9, 0x18, 0x28, 0xC2, 0x00,
    0x45, 0x48, 0x1D, 0xF2, 0x78, 0x9C, 0xFB, 0xCF, 0xC5, 0x00, 0x02, 0xFF, 0xC9, 0xA0, 0xBE, 0x70,
    0x82, 0xA9, 0x9F, 0xFC, 0xC8, 0x3C, 0x12, 0x4D, 0xB1, 0x35, 0x06, 0x02, 0xC6, 0xFF, 0x60, 0xC0,
    0x01, 0xA5, 0x00, 0xD9, 0xC0, 0x23, 0xB2, 0x78, 0x9C, 0xFB, 0xCF, 0xC5, 0xC0, 0xF0, 0x9F, 0x20,
    0xFE, 0xC2, 0xF9, 0x9F, 0xEB, 0x27, 0x3F, 0x84, 0x26, 0x46, 0x3D, 0x03, 0x03, 0x00, 0xA1, 0x87,
    0x19, 0xC9, 0x78, 0x9C, 0x63, 0xF8, 0xCF, 0xC5, 0x00, 0x06, 0xA4, 0xD3, 0x02, 0x4C, 0x60, 0x3A,
    0xFB, 0x37, 0x07, 0x90, 0x52, 0xF8, 0xFF, 0xFF, 0x3C, 0x0B, 0x90, 0xFE, 0xFB, 0x3F, 0x9F, 0x11,
    0x24, 0xBC, 0x9E, 0x6C, 0x73, 0x6D, 0x8D, 0x81, 0x80, 0x91, 0xE1, 0x3F, 0x18, 0x70, 0xC0, 0x68,
    0x00, 0xBD, 0xC6, 0x26, 0x20, 0x78, 0x9C, 0x63, 0xF8, 0xCF, 0xC5, 0xC0, 0x80, 0x1F, 0x33, 0x31,
    0xFC, 0x3F, 0xCF, 0x6F, 0xF0, 0xFF, 0x3F, 0xE7, 0xDF, 0xFF, 0xFC, 0x0C, 0x7D, 0x84, 0xD5, 0x83,
    0x31, 0x00, 0xA3, 0x62, 0x1A, 0x5B, 0x78, 0x9C, 0x45, 0xC9, 0xB1, 0x0D, 0xC2, 0x40, 0x10, 0x44,
    0xD1, 0x11, 0xD8, 0x0E, 0x90, 0x70, 0x09, 0x2E, 0x84, 0xE8, 0x3A, 0xC0, 0x1D, 0x11, 0x50, 0x00,
    0x25, 0x18, 0x89, 0x18, 0xB9, 0x15, 0x62, 0x22, 0x5F, 0x05, 0xC8, 0xA1, 0x2F, 0x19, 0xEF, 0xCE,
    0xAD, 0xC4, 0x04, 0xF3, 0x82, 0x0F, 0x00, 0xEB, 0xEF, 0x00, 0x5F, 0xB9, 0x8A, 0xC4, 0x56, 0x2E,
    0x37, 0x81, 0x7B, 0x87, 0xFF, 0x38, 0xF8, 0x3F, 0xC9, 0x39, 0x64, 0x13, 0xF6, 0xE1, 0x54, 0xFD,
    0x7A, 0x30, 0x2F, 0x1E, 0xCC, 0xD3, 0x36, 0x55, 0x3F, 0x16, 0xDC, 0xC4, 0xB3, 0x84, 0x05, 0xB9,
    0xF0, 0x28, 0x2D, 0x48, 0x94, 0x47, 0x35, 0xF3, 0x25, 0x13, 0xDF, 0x12, 0x85, 0xD5, 0x1C, 0x8E,
    0xA1, 0x07, 0x99, 0xB9, 0x03, 0xC6, 0xBE, 0x57, 0x91, 0x78, 0x9C, 0x63, 0x60, 0x60, 0x78, 0xF0,
    0x9E, 0x89, 0x81, 0x81, 0xE1, 0xA7, 0x3D, 0x90, 0x70, 0xF8, 0xCF, 0x02, 0x24, 0x2F, 0xC4, 0x03,
    0x09, 0x06, 0x01, 0x06, 0x18, 0xF8, 0xCF, 0x75, 0xEC, 0x7F, 0x2F, 0xC3, 0xFF, 0xD3, 0xFF, 0xFF,
    0xFF, 0xE7, 0xF9, 0xFF, 0x3F, 0x2A, 0xF9, 0x6F, 0xFE, 0xFF, 0x7A, 0x06, 0x86, 0x4F, 0xFB, 0xFF,
    0xF3, 0x33, 0x30, 0x1C, 0x78, 0x0F, 0x22, 0x17, 0x00, 0x65, 0xC0, 0x24, 0x17, 0x39, 0x24, 0x00,
    0x4E, 0xE7, 0x35, 0x0C, 0x78, 0x9C, 0xFB, 0xCF, 0xC7, 0x00, 0x04, 0x5F, 0xE2, 0xFF, 0xCF, 0x87,
    0xD2, 0xFF, 0x99, 0xA1, 0x34, 0x0F, 0x94, 0xCE, 0x87, 0xD0, 0xAF, 0xFE, 0x33, 0x82, 0x69, 0xAF,
    0xFF, 0x5C, 0x60, 0x9A, 0xEB, 0x97, 0x3F, 0x84, 0xFE, 0x78, 0x1F, 0x42, 0x17, 0xFC, 0xE7, 0x00,
    0xD3, 0x0C, 0x7F, 0xF4, 0x21, 0xF4, 0xE7, 0xF3, 0x10, 0x7A, 0xC2, 0x7F, 0x36, 0x30, 0xCD, 0xF0,
    0x4F, 0x0E, 0x42, 0x7F, 0x5D, 0x0F, 0xA1, 0x37, 0xFC, 0xFF, 0x01, 0xA6, 0x15, 0xFE, 0xFF, 0x07,
    0xD3, 0x0C, 0xDF, 0xA1, 0xF4, 0x05, 0x28, 0x6D, 0x00, 0xA5, 0x19, 0x7E, 0xC6, 0x33, 0x20, 0x40,
    0x2B, 0x07, 0x84, 0xFE, 0xC5, 0x0F, 0xA1, 0xFF, 0xF0, 0x41, 0xE8, 0x7F, 0x60, 0xA5, 0x0C, 0x0E,
    0x60, 0x1F, 0x00, 0xE9, 0xF9, 0x50, 0xF5, 0x8C, 0x20, 0x02, 0x00, 0x8C, 0x3D, 0x4F, 0x42, 0x78,
    0x9C, 0xFB, 0xCF, 0x75, 0xEC, 0x7F, 0x2F, 0xC3, 0xFF, 0xD3, 0xFF, 0xFF, 0xFF, 0xE7, 0xF9, 0xFF,
    0x3F, 0x2A, 0xF9, 0x6F, 0xFE, 0xFF, 0x7A, 0x06, 0x86, 0x4F, 0xFB, 0xFF, 0xF3, 0x33, 0x30, 0x1C,
    0x78, 0x0F, 0x22, 0x17, 0x00, 0x65, 0xC0, 0x24, 0x17, 0x39, 0x24, 0x03, 0x14, 0xB4, 0x72, 0x80,
    0xC8, 0x5F, 0xFC, 0x20, 0xF2, 0x37, 0x1F, 0x88, 0xFC, 0x07, 0x94, 0x67, 0x30, 0xF8, 0xCF, 0x0C,
    0x22, 0xE7, 0x81, 0xD5, 0x30, 0x02, 0x31, 0x00, 0x21, 0xED, 0x35, 0x29, 0x78, 0x9C, 0x2D, 0xC9,
    0xCB, 0x09, 0xC2, 0x50, 0x14, 0x84, 0xE1, 0x21, 0x09, 0x04, 0x02, 0xA6, 0x03, 0xC5, 0x3A, 0x5C,
    0xDD, 0x12, 0xEC, 0xC0, 0x16, 0x52, 0x42, 0x3A, 0xB0, 0x84, 0x1B, 0x70, 0x2D, 0x96, 0x12, 0xD7,
    0xAE, 0x72, 0x5B, 0x10, 0x5C, 0x18, 0x09, 0xE3, 0x79, 0x9D, 0xC5, 0xF9, 0x18, 0x7E, 0x1C, 0x59,
    0x25, 0xD6, 0x00, 0x3E, 0xFB, 0xF7, 0x45, 0xC0, 0x38, 0x6F, 0xAD, 0x8A, 0x5F, 0x36, 0x30, 0xF8,
    0xF4, 0xE3, 0x41, 0xFF, 0x44, 0x3E, 0x42, 0x36, 0x61, 0x1F, 0x66, 0xF7, 0xA5, 0x41, 0x3C, 0x69,
    0x10, 0xBB, 0x6F, 0x76, 0x9F, 0x12, 0xD4, 0xC4, 0x9D, 0x09, 0x09, 0xE6, 0xC2, 0xDA, 0x94, 0x60,
    0x62, 0xBD, 0xBA, 0x85, 0x37, 0x33, 0xF1, 0x6E, 0x62, 0xA5, 0x5B, 0xC2, 0x73, 0xA8, 0xC1, 0x2C,
    0xFC, 0x03, 0x06, 0x79, 0x5A, 0x64, 0x78, 0x9C, 0x63, 0xF8, 0xCD, 0xEE, 0xF0, 0x9F, 0x89, 0xE1,
    0x40, 0xFC, 0x27, 0x7B, 0x06, 0x06, 0x81, 0xBF, 0xFF, 0x58, 0x18, 0x18, 0x18, 0x1E, 0xC5, 0x31,
    0xA0, 0x80, 0xFF, 0x5C, 0xC7, 0xFE, 0xF7, 0x32, 0xFC, 0x3F, 0xFD, 0xFF, 0xFF, 0x7F, 0x9E, 0xFF,
    0xFF, 0xA3, 0x92, 0xFF, 0xE6, 0xFF, 0xAF, 0x67, 0x60, 0xF8, 0xB4, 0xFF, 0x3F, 0x3F, 0x03, 0xC3,
    0x81, 0xF7, 0x20, 0x72, 0x01, 0x50, 0x06, 0x4C, 0x72, 0x91, 0x43, 0x02, 0x00, 0x71, 0xA6, 0x37,
    0x63, 0x78, 0x9C, 0x63, 0xE8, 0x60, 0x65, 0x00, 0x83, 0xFF, 0x5C, 0x50, 0x9A, 0x03, 0x4C, 0x39,
    0xFC, 0x67, 0x01, 0xD3, 0x13, 0xDE, 0x43, 0x84, 0x37, 0xC4, 0x43, 0x68, 0x06, 0x66, 0x28, 0x0D,
    0xD4, 0x70, 0xEC, 0x7F, 0x2F, 0x88, 0x3E, 0xFD, 0xFF, 0xFF, 0x7F, 0x1E, 0x20, 0xFD, 0x3F, 0x2A,
    0xF9, 0x6F, 0x3E, 0x90, 0xAE, 0x67, 0x60, 0xF8, 0xB4, 0x1F, 0x48, 0xF3, 0x33, 0x30, 0x1C, 0x78,
    0x0F, 0xA1, 0x17, 0xFC, 0x07, 0xD2, 0x3C, 0x50, 0x9A, 0x8B, 0x1A, 0x34, 0x00, 0xC1, 0x1A, 0x35,
    0xF2, 0x78, 0x9C, 0x2D, 0xCE, 0xB1, 0x0D, 0x82, 0x00, 0x14, 0x45, 0xD1, 0x27, 0x36, 0x04, 0x62,
    0x58, 0xC1, 0x0D, 0xE8, 0xAD, 0x48, 0x1C, 0x80, 0x05, 0x4C, 0x74, 0x04, 0x36, 0x70, 0x05, 0x37,
    0x60, 0x04, 0xF6, 0xB0, 0x71, 0x04, 0x70, 0x02, 0x05, 0xC1, 0x18, 0x03, 0x3E, 0xE4, 0xBF, 0x7F,
    0x9B, 0xD3, 0x5E, 0x26, 0xF8, 0xF7, 0xAC, 0x58, 0xBA, 0x5C, 0xBB, 0x1B, 0xF7, 0x2C, 0xAF, 0x0C,
    0xCC, 0x1D, 0x63, 0x33, 0xFA, 0x1C, 0x65, 0xF3, 0x58, 0x99, 0x19, 0x23, 0x13, 0xDF, 0x5C, 0xDE,
    0x6B, 0x79, 0x62, 0x68, 0x62, 0x4C, 0x65, 0x77, 0x93, 0x05, 0xDF, 0x26, 0x26, 0xCA, 0x97, 0x7B,
    0x71, 0xF1, 0x73, 0x87, 0x0A, 0xD0, 0x9F, 0x6C, 0x4B, 0xD9, 0x2F, 0x73, 0xD8, 0xEE, 0xA7, 0x74,
    0xB1, 0x20, 0x43, 0x79, 0xC0, 0x0C, 0xE9, 0x3A, 0x59, 0x3F, 0x78, 0x9C, 0xFB, 0xCF, 0x76, 0xEC,
    0x7F, 0x0E, 0xC3, 0xFF, 0x1D, 0xFF, 0xFF, 0xFF, 0xE7, 0xFA, 0xFF, 0xDE, 0xBD, 0xE4, 0xBF, 0xFF,
    0x7F, 0x79, 0x06, 0x86, 0xCF, 0xEB, 0xFF, 0xF3, 0x33, 0x30, 0x5C, 0x78, 0xFF, 0x9F, 0x8B, 0x81,
    0x61, 0xC1, 0x7F, 0x4A, 0x48, 0x06, 0x06, 0x54, 0xF2, 0xC2, 0x7D, 0x20, 0x61, 0xF2, 0xB3, 0x1F,
    0x48, 0xFE, 0xFF, 0x2F, 0x07, 0x24, 0xFF, 0xCD, 0x63, 0x04, 0x00, 0xAA, 0x87, 0x39, 0x13, 0x78,
    0x9C, 0x63, 0xF8, 0xF0, 0x1F, 0x08, 0xF8, 0x19, 0x18, 0x18, 0xE0, 0x0C, 0x03, 0x63, 0x20, 0x60,
    0x66, 0xC0, 0x0A, 0x0A, 0xDF, 0xBC, 0xCF, 0x06, 0xD1, 0x05, 0x20, 0xC5, 0xB6, 0x40, 0xC6, 0x8F,
    0xF7, 0x1E, 0xC1, 0xBF, 0xFE, 0x33, 0x33, 0x38, 0xFC, 0x97, 0x01, 0xEA, 0xFC, 0x2F, 0xC7, 0x70,
    0xE1, 0x3D, 0x23, 0x50, 0xF8, 0x4B, 0x3F, 0xC3, 0x97, 0x7A, 0x90, 0xC2, 0x03, 0xEF, 0x19, 0x7E,
    0xCA, 0x83, 0x18, 0x09, 0xFF, 0x99, 0xFF, 0xF0, 0x82, 0x18, 0x06, 0xFF, 0xD9, 0xFF, 0x71, 0x83,
    0x18, 0x02, 0xFF, 0x39, 0xFE, 0x73, 0x81, 0x4D, 0xFD, 0xCF, 0x09, 0x63, 0x70, 0xC1, 0x45, 0xE0,
    0x6A, 0xE0, 0xBA, 0xE0, 0xE6, 0xC0, 0x4D, 0x86, 0xDB, 0x05, 0xB7, 0x9D, 0xE1, 0x3B, 0xD8, 0x3D,
    0x2C, 0x20, 0x75, 0x50, 0x17, 0xC2, 0xDC, 0x0C, 0x00, 0xAB, 0xC6, 0x48, 0xA2, 0x78, 0x9C, 0x63,
    0xF8, 0x0F, 0x02, 0x0C, 0x0C, 0x50, 0xCA, 0x18, 0x04, 0x18, 0xD0, 0x80, 0xC0, 0x8D, 0xFF, 0xBD,
    0x8C, 0x0C, 0x0C, 0x5F, 0x81, 0x2A, 0xE2, 0x19, 0x1C, 0xFE, 0xD7, 0xBB, 0xFC, 0xF8, 0xCF, 0xF2,
    0xE0, 0x3D, 0x13, 0x83, 0xC2, 0x3F, 0xBE, 0x6F, 0xF9, 0x40, 0xF9, 0x6F, 0xF9, 0xBF, 0xF9, 0x81,
    0xD4, 0x87, 0xFD, 0xFF, 0x78, 0x80, 0xD4, 0x81, 0xF7, 0xFF, 0xB9, 0x80, 0xD4, 0x82, 0xFF, 0x50,
    0x0A, 0x2A, 0x08, 0x55, 0xF2, 0x2D, 0x1E, 0xAC, 0x01, 0xAA, 0xDD, 0xE1, 0x7F, 0x9D, 0xCB, 0xF7,
    0xFF, 0x2C, 0x50, 0xA3, 0xA1, 0x16, 0x01, 0x00, 0xDA, 0xDC, 0x3C, 0x2C, 0x78, 0x9C, 0x63, 0x60,
    0x68, 0x67, 0x65, 0x68, 0x65, 0x67, 0x00, 0x82, 0xBF, 0xF9, 0xC9, 0xFF, 0x79, 0x40, 0x8C, 0x2F,
    0xFF, 0xFF, 0xFF, 0x67, 0x01, 0x31, 0x14, 0x6E, 0xBD, 0xB7, 0x62, 0xC0, 0x0E, 0x0A, 0xDF, 0xBC,
    0xCF, 0x06, 0xD1, 0x05, 0x40, 0xB5, 0xFF, 0x6D, 0x81, 0x8C, 0x1F, 0xEF, 0x3D, 0x82, 0x7F, 0xFD,
    0x67, 0x66, 0x70, 0xF8, 0x2F, 0xC3, 0xC0, 0x60, 0xF0, 0x5F, 0x8E, 0xE1, 0xC2, 0x7B, 0x46, 0x90,
    0x59, 0xFD, 0x0C, 0x5F, 0xEA, 0x41, 0x0A, 0x0F, 0xBC, 0x67, 0xF8, 0x29, 0x0F, 0x62, 0x24, 0xFC,
    0x67, 0xFE, 0xC3, 0x0B, 0x62, 0x18, 0xFC, 0x67, 0xFF, 0xC7, 0x0D, 0x62, 0x08, 0xFC, 0xE7, 0xF8,
    0xCF, 0x05, 0x36, 0xF5, 0x3F, 0x27, 0x8C, 0xC1, 0x05, 0x17, 0x81, 0xAB, 0x81, 0xEB, 0x82, 0x9B,
    0x03, 0x37, 0x19, 0x6E, 0x17, 0xDC, 0x76, 0x86, 0xEF, 0x60, 0xF7, 0xB0, 0x80, 0xD4, 0x41, 0x5D,
    0x08, 0x73, 0x33, 0x00, 0xD1, 0x66, 0x47, 0xB7, 0x78, 0x9C, 0x63, 0xF8, 0x29, 0xCF, 0xF0, 0x71,
    0x3E, 0x03, 0xC3, 0xB7, 0xF5, 0x82, 0xBF, 0xE2, 0x19, 0x18, 0x2E, 0xFC, 0xFF, 0xFF, 0x9F, 0x87,
    0x81, 0x41, 0xE0, 0xD7, 0xFF, 0xF9, 0x8C, 0x0C, 0x40, 0xA0, 0xC4, 0x80, 0x00, 0x02, 0x37, 0xFE,
    0xF7, 0x02, 0x05, 0xBF, 0x02, 0x95, 0xC4, 0x33, 0x38, 0xFC, 0xEF, 0x37, 0x79, 0xF6, 0x9F, 0xE5,
    0xC1, 0x7B, 0x26, 0x06, 0x86, 0x3F, 0x7C, 0xDF, 0xF2, 0x81, 0xF2, 0x9F, 0xF2, 0x7F, 0xF3, 0x03,
    0xA9, 0x0D, 0xFB, 0xFF, 0x01, 0x4D, 0x60, 0x28, 0x78, 0xFF, 0x9F, 0x0B, 0x48, 0x25, 0xFC, 0x87,
    0x52, 0x50, 0x41, 0xA8, 0x12, 0xA8, 0x06, 0xA8, 0x76, 0x90, 0x61, 0xD7, 0xFE, 0xB3, 0x40, 0x8D,
    0x86, 0x5A, 0x04, 0x00, 0x38, 0x10, 0x3B, 0x84, 0x78, 0x9C, 0x63, 0x60, 0x60, 0xF8, 0xB4, 0x3E,
    0xE0, 0x3F, 0x27, 0x03, 0x10, 0xFC, 0xE6, 0xFD, 0x34, 0x1F, 0x44, 0x07, 0xFC, 0x17, 0xFA, 0xC7,
    0x05, 0x62, 0x3C, 0x88, 0x3F, 0xB0, 0x9F, 0x01, 0x3B, 0x28, 0x7C, 0xF3, 0x3E, 0x1B, 0x44, 0x17,
    0xFC, 0x07, 0x02, 0x5B, 0x20, 0xE3, 0xC7, 0x7B, 0x8F, 0xE0, 0x5F, 0xFF, 0x99, 0x19, 0x1C, 0xFE,
    0xCB, 0x30, 0x30, 0x18, 0xFC, 0x97, 0x63, 0xB8, 0xF0, 0x9E, 0x11, 0x28, 0xFC, 0xA5, 0x9F, 0xE1,
    0x4B, 0x3D, 0x48, 0xE1, 0x81, 0xF7, 0x0C, 0x3F, 0xE5, 0x41, 0x8C, 0x84, 0xFF, 0xCC, 0x7F, 0x78,
    0x41, 0x0C, 0x83, 0xFF, 0xEC, 0xFF, 0xB8, 0x41, 0x0C, 0x81, 0xFF, 0x1C, 0xFF, 0xC1, 0xF6, 0x31,
    0xFC, 0xE7, 0x84, 0x31, 0xB8, 0xE0, 0x22, 0x70, 0x35, 0x70, 0x5D, 0x70, 0x73, 0xE0, 0x26, 0xC3,
    0xED, 0x82, 0xDB, 0xCE, 0xF0, 0x1D, 0xEC, 0x1E, 0x16, 0x90, 0x3A, 0xA8, 0x0B, 0x61, 0x6E, 0x06,
    0x00, 0x7D, 0x4D, 0x48, 0x66, 0x78, 0x9C, 0x63, 0x60, 0x68, 0xF8, 0xCF, 0xFC, 0x47, 0x8F, 0x81,
    0xE1, 0x53, 0xFE, 0x82, 0xF7, 0x4C, 0x0C, 0x0C, 0x7F, 0xB8, 0xBE, 0xDB, 0x33, 0x30, 0x04, 0xDC,
    0x77, 0xF8, 0xCF, 0xCC, 0x80, 0x06, 0x04, 0x6E, 0xFC, 0xEF, 0x65, 0x64, 0x60, 0xF8, 0xFA, 0xFF,
    0xFF, 0xFF, 0x78, 0x06, 0x87, 0xFF, 0xF5, 0x2E, 0x3F, 0xFE, 0xB3, 0x3C, 0x00, 0xEA, 0x51, 0xF8,
    0xC7, 0xF7, 0x2D, 0x1F, 0x28, 0xFF, 0x2D, 0xFF, 0x37, 0x3F, 0x90, 0xFA, 0xB0, 0xFF, 0x1F, 0x0F,
    0x90, 0x3A, 0xF0, 0xFE, 0x3F, 0x17, 0x90, 0x5A, 0xF0, 0x1F, 0x4A, 0x41, 0x05, 0xA1, 0x4A, 0xBE,
    0xC5, 0x83, 0x35, 0x40, 0xB5, 0x3B, 0xFC, 0xAF, 0x73, 0xF9, 0xFE, 0x9F, 0x05, 0x6A, 0x34, 0xD4,
    0x22, 0x00, 0x89, 0x5E, 0x3B, 0x82, 0x78, 0x9C, 0x63, 0x60, 0x58, 0xF2, 0xF7, 0x3F, 0x14, 0x30,
    0x6C, 0xFC, 0x0F, 0x07, 0x02, 0x7F, 0xF7, 0x9B, 0x19, 0x7F, 0xBE, 0x6F, 0x0C, 0x02, 0x0B, 0xFE,
    0xB3, 0x31, 0x30, 0x7C, 0x58, 0xCF, 0x00, 0x02, 0x9F, 0xE7, 0x33, 0xC0, 0xD9, 0x3F, 0xE5, 0x11,
    0xEC, 0xBF, 0xBC, 0x08, 0xF6, 0x3F, 0x6E, 0x04, 0xFB, 0x3F, 0x17, 0x88, 0x0D, 0x36, 0x87, 0x11,
    0xC2, 0x06, 0x1B, 0xCF, 0x81, 0xC9, 0x46, 0x56, 0x8F, 0x69, 0x0E, 0xB2, 0xF9, 0xC8, 0xF6, 0x22,
    0xBB, 0x07, 0xD9, 0x9D, 0xC8, 0xEE, 0x47, 0xF6, 0x17, 0x03, 0x92, 0x7F, 0x01, 0x1A, 0x6E, 0x66,
    0x74, 0x78, 0x9C, 0x63, 0x10, 0xB8, 0xF1, 0xBF, 0x97, 0x91, 0xA1, 0xE0, 0xCF, 0x79, 0x09, 0x06,
    0x86, 0xAF, 0xFF, 0xFF, 0xFF, 0x8F, 0x17, 0xF8, 0xFB, 0xFF, 0xFF, 0x7B, 0x26, 0x87, 0xFF, 0x75,
    0x2E, 0xDF, 0xFF, 0x5F, 0xFB, 0x6F, 0xD1, 0xF2, 0x9F, 0xF7, 0xC1, 0x7B, 0x26, 0x06, 0x85, 0x7F,
    0xFF, 0xE3, 0x81, 0x0A, 0xF2, 0xBF, 0x01, 0x49, 0x86, 0x6F, 0xFF, 0xB9, 0x19, 0x18, 0x2E, 0xEC,
    0xFF, 0xCD, 0x0F, 0x64, 0x7F, 0xF8, 0xCF, 0xCA, 0xC0, 0xB0, 0xE0, 0xFD, 0x3F, 0x1E, 0x30, 0x1B,
    0x02, 0xB8, 0x30, 0xD8, 0xC6, 0x20, 0x00, 0x55, 0xC3, 0x08, 0x24, 0x19, 0xA0, 0x7A, 0x59, 0x40,
    0x6C, 0xB0, 0x99, 0x5F, 0xC1, 0x2A, 0x19, 0x10, 0x76, 0x09, 0x70, 0x80, 0xDC, 0xF0, 0xFC, 0xFF,
    0xB3, 0xFF, 0x9E, 0xC1, 0x3F, 0xFD, 0x21, 0x6E, 0x53, 0x00, 0xBA, 0xED, 0xBF, 0x2E, 0x03, 0xD4,
    0xCD, 0x6F, 0xDE, 0x67, 0x33, 0x00, 0x00, 0x26, 0x7B, 0x5A, 0xCC, 0x78, 0x9C, 0x63, 0x60, 0x60,
    0x38, 0xF0, 0x9F, 0x95, 0x01, 0x04, 0xBE, 0xD5, 0x83, 0x29, 0x81, 0x7F, 0x9C, 0x60, 0x7A, 0xC1,
    0x7E, 0x30, 0xC5, 0x50, 0xC0, 0xCE, 0x80, 0x04, 0xFE, 0x03, 0xC1, 0x5A, 0x56, 0x08, 0xFD, 0xFF,
    0x3C, 0x13, 0xC3, 0x7F, 0x6B, 0x63, 0xE7, 0x63, 0xFF, 0x79, 0x19, 0xFE, 0x73, 0x01, 0x25, 0x7F,
    0xD6, 0x43, 0xE8, 0x07, 0xE7, 0x21, 0xF4, 0x86, 0xF7, 0x10, 0x7A, 0xC1, 0x7F, 0xA8, 0xF8, 0x7D,
    0x08, 0xFD, 0xBD, 0x1F, 0x4C, 0x2F, 0xFE, 0xCF, 0x07, 0x31, 0xE7, 0x3E, 0x13, 0x84, 0xE6, 0x00,
    0x9A, 0x6B, 0x6B, 0xDC, 0x0C, 0xA6, 0x81, 0xF2, 0x7F, 0xE5, 0x21, 0xF4, 0x97, 0xF9, 0x10, 0xFA,
    0xC0, 0x7F, 0x46, 0x30, 0xED, 0xF0, 0x9F, 0x13, 0x62, 0xCE, 0x1F, 0x7D, 0x08, 0xFD, 0x79, 0x3D,
    0xD4, 0xBE, 0xFF, 0x4C, 0x60, 0xDA, 0xE0, 0x3F, 0x17, 0x00, 0xC4, 0x2F, 0x48, 0x4A, 0x78, 0x9C,
    0x63, 0x60, 0xF8, 0x74, 0x9F, 0x91, 0x81, 0xE1, 0xAF, 0x2C, 0x03, 0x43, 0xC3, 0x7B, 0x26, 0x06,
    0x86, 0xCF, 0x7A, 0x0C, 0x0C, 0x0C, 0x02, 0x0C, 0x50, 0xF0, 0x5F, 0xEA, 0x65, 0x3D, 0xC3, 0xFF,
    0xDB, 0xFF, 0xFB, 0x19, 0xFE, 0xFF, 0xF7, 0x54, 0x66, 0xF8, 0x1F, 0x0F, 0x12, 0xE3, 0x87, 0x13,
    0xDC, 0x20, 0x82, 0x8B, 0x04, 0x02, 0x00, 0x88, 0x16, 0x1B, 0xB7, 0x78, 0x9C, 0xFB, 0xFF, 0xFF,
    0xFF, 0xFF, 0xB5, 0xAC, 0x0C, 0x0C, 0xFF, 0x41, 0xE0, 0x3C, 0x13, 0xC3, 0x7F, 0x6B, 0x63, 0xE7,
    0x63, 0xFF, 0x79, 0x19, 0xFE, 0x73, 0x31, 0x30, 0x30, 0xFC, 0xAC, 0x87, 0xD0, 0x0F, 0xCE, 0x43,
    0xE8, 0x0D, 0xEF, 0x21, 0xF4, 0x82, 0xFF, 0x50, 0xF1, 0xFB, 0x10, 0xFA, 0x7B, 0x3F, 0x98, 0x5E,
    0xFC, 0x9F, 0x0F, 0x62, 0xCE, 0x7D, 0x26, 0x08, 0xCD, 0x09, 0x34, 0xD7, 0xD6, 0x38, 0x19, 0x4C,
    0x03, 0xE5, 0x7F, 0xEB, 0x43, 0xE8, 0xCF, 0xF3, 0x21, 0xF4, 0x86, 0xFF, 0x4C, 0x60, 0xDA, 0x00,
    0x48, 0x80, 0xCD, 0x01, 0x2A, 0x00, 0xD3, 0x9F, 0xD7, 0x43, 0xED, 0xFB, 0xCF, 0x04, 0xA6, 0x0D,
    0xC0, 0x24, 0x14, 0x34, 0x44, 0x40, 0xE8, 0x0F, 0xEB, 0x21, 0xF4, 0xC7, 0x7E, 0x08, 0xFD, 0xC5,
    0x1F, 0x42, 0xFF, 0xE2, 0x85, 0xD2, 0x2C, 0x10, 0x5A, 0x00, 0x4C, 0x02, 0x00, 0x61, 0x7C, 0x49,
    0x43, 0x78, 0x9C, 0xFB, 0xB0, 0x7E, 0xE2, 0x3F, 0xF6, 0x0F, 0xFB, 0xFF, 0xFE, 0xE7, 0xF8, 0xF0,
    0x7F, 0xBE, 0x09, 0xD3, 0x87, 0xFF, 0xAC, 0x0C, 0x0C, 0x1F, 0xFE, 0x33, 0xC0, 0x88, 0xFD, 0x20,
    0x62, 0x3D, 0x09, 0x04, 0x18, 0x34, 0x44, 0xC0, 0xB8, 0x1F, 0xFB, 0x81, 0xC4, 0xE7, 0x78, 0x20,
    0xF1, 0x83, 0x0F, 0x48, 0x7C, 0x07, 0x9A, 0xCE, 0x20, 0x00, 0x52, 0x02, 0x00, 0x7B, 0x95, 0x27,
    0x20, 0x78, 0x9C, 0x63, 0xF8, 0xC3, 0x26, 0xF0, 0x8F, 0x95, 0x81, 0x81, 0xE1, 0xA1, 0xFD, 0x81,
    0x7E, 0x20, 0xC5, 0x60, 0xF0, 0xFE, 0x37, 0x17, 0x88, 0x66, 0xF8, 0x76, 0x1E, 0x4C, 0x31, 0x24,
    0x48, 0x30, 0x20, 0x81, 0xFF, 0x40, 0xB0, 0x96, 0x15, 0x42, 0xFF, 0x3F, 0xCF, 0xC4, 0xF0, 0xDF,
    0xDA, 0xD8, 0xF9, 0xD8, 0x7F, 0x5E, 0x86, 0xFF, 0x20, 0x4D, 0x3F, 0xEB, 0x21, 0xF4, 0x83, 0xF3,
    0x10, 0x7A, 0xC3, 0x7B, 0x08, 0xBD, 0xE0, 0x3F, 0x54, 0xFC, 0x3E, 0x84, 0xFE, 0xDE, 0x0F, 0xA6,
    0x17, 0xFF, 0x97, 0x83, 0x98, 0xF3, 0x9E, 0x09, 0x42, 0x73, 0x02, 0xCD, 0xF5, 0x73, 0x59, 0xF2,
    0x9F, 0x83, 0x01, 0x2C, 0xFF, 0x57, 0x1E, 0x42, 0x7F, 0x9D, 0x0F, 0xA1, 0x0F, 0xFC, 0x67, 0x04,
    0xD3, 0x0E, 0x40, 0x85, 0x60, 0x73, 0xFE, 0xE8, 0x43, 0xE8, 0xCF, 0xEB, 0xA1, 0xF6, 0xFD, 0x67,
    0x02, 0xD3, 0x06, 0xFF, 0xB9, 0x00, 0x0D, 0xFC, 0x4B, 0x6E, 0x78, 0x9C, 0xFB, 0xAC, 0xC7, 0xF0,
    0x4D, 0xCE, 0xE0, 0x7D, 0xD0, 0x7B, 0x26, 0x86, 0x2F, 0xFF, 0xF4, 0x18, 0x18, 0x12, 0xDE, 0x31,
    0x31, 0x20, 0xC0, 0x87, 0xF5, 0x13, 0xFF, 0xB1, 0x7F, 0xD8, 0xFF, 0xF7, 0x3F, 0xC7, 0x87, 0xFF,
    0xF3, 0x4D, 0x98, 0x3E, 0xFC, 0x67, 0x05, 0x8A, 0xFD, 0x67, 0x80, 0x11, 0xFB, 0xC1, 0x4A, 0x48,
    0x20, 0x00, 0x0F, 0xBD, 0x27, 0xCC, 0x78, 0x9C, 0x63, 0x60, 0x60, 0x60, 0xF8, 0xBC, 0x9F, 0x01,
    0x0C, 0xFE, 0xF2, 0x80, 0xA9, 0x86, 0xFB, 0x8C, 0x60, 0xFA, 0xB3, 0x1C, 0x03, 0x36, 0xB0, 0xF4,
    0xDF, 0x3D, 0x4B, 0x20, 0x75, 0xE8, 0x3F, 0x10, 0x70, 0x32, 0x08, 0xFC, 0x5B, 0x6F, 0x9A, 0xF2,
    0x77, 0x3D, 0x43, 0xC3, 0x7F, 0x36, 0x06, 0x86, 0x05, 0xFF, 0x59, 0x2E, 0xDC, 0x07, 0xA9, 0xF9,
    0xCF, 0xFD, 0x61, 0x3D, 0x88, 0xFE, 0xCD, 0xF7, 0x00, 0xCC, 0x57, 0x64, 0x9A, 0x00, 0x54, 0x0B,
    0x02, 0x02, 0xFF, 0xEE, 0x8B, 0x81, 0x19, 0x40, 0xFD, 0xD9, 0x60, 0x7B, 0xAE, 0xFD, 0xFF, 0x3F,
    0x1F, 0xCC, 0x98, 0xFC, 0xEF, 0xBF, 0x1D, 0x58, 0xCA, 0xE1, 0xF7, 0x7F, 0x26, 0x30, 0x23, 0xE1,
    0x3F, 0xA7, 0x31, 0x98, 0xF5, 0x97, 0xEF, 0x1F, 0x37, 0x88, 0xFE, 0xC5, 0xFF, 0x5B, 0x1E, 0xC2,
    0xFF, 0x72, 0x9E, 0x11, 0x2C, 0xDF, 0xF0, 0x7F, 0xBE, 0x69, 0xCA, 0xEF, 0xF7, 0x8C, 0x0C, 0xDF,
    0x40, 0xEE, 0xD1, 0x05, 0x5A, 0xB0, 0xED, 0xDF, 0xFD, 0x28, 0x06, 0x06, 0x00, 0xEB, 0x5E, 0x41,
    0x29, 0x78, 0x9C, 0x63, 0x60, 0x60, 0x98, 0xF0, 0x9F, 0x9D, 0x81, 0x81, 0xE1, 0x4B, 0x3F, 0x90,
    0x60, 0xF8, 0xC7, 0x09, 0x24, 0x16, 0xCC, 0x07, 0x31, 0x19, 0x18, 0x19, 0x60, 0xA0, 0xF1, 0xEF,
    0x7D, 0x4D, 0x06, 0x87, 0x7F, 0xFF, 0xFF, 0xFF, 0x67, 0xFB, 0xF8, 0xDF, 0xBD, 0xF8, 0xBF, 0xFF,
    0x77, 0x7F, 0x06, 0x86, 0xCF, 0xFB, 0x7F, 0xF2, 0x33, 0x30, 0x6C, 0x78, 0xFF, 0x3D, 0x1F, 0xA4,
    0xE4, 0xE1, 0xFF, 0x6C, 0x26, 0x06, 0x06, 0x85, 0x3F, 0xFF, 0xDF, 0x6B, 0x32, 0x30, 0x38, 0xDC,
    0xFC, 0xFF, 0x9F, 0x03, 0x28, 0x98, 0xF8, 0xB7, 0x1E, 0x2C, 0x77, 0xFF, 0x1F, 0x37, 0x50, 0xE5,
    0xFF, 0xDF, 0xFA, 0x0C, 0x0C, 0x0F, 0xEE, 0x7F, 0x7E, 0xEF, 0x91, 0xFC, 0x37, 0x3F, 0x00, 0x68,
    0xD8, 0x7F, 0x4E, 0xA0, 0xC9, 0xEF, 0xBD, 0x18, 0x00, 0x56, 0x07, 0x34, 0x07, 0x78, 0x9C, 0x63,
    0x60, 0x60, 0xF8, 0xAA, 0xC7, 0x00, 0x02, 0x0E, 0xEF, 0xEF, 0x33, 0x82, 0xE8, 0xCF, 0x7A, 0xDF,
    0x78, 0x80, 0x94, 0xC0, 0x3F, 0xE6, 0x82, 0xF5, 0x0C, 0x58, 0xC0, 0xD2, 0x7F, 0xF7, 0x2C, 0x81,
    0xD4, 0xA1, 0xFF, 0x40, 0xC0, 0x09, 0x54, 0xB6, 0xDE, 0x34, 0xE5, 0xEF, 0x7A, 0x86, 0x86, 0xFF,
    0x6C, 0x0C, 0x0C, 0x0B, 0xFE, 0xB3, 0x5C, 0xB8, 0x0F, 0x52, 0xF3, 0x9F, 0xFB, 0x03, 0x58, 0xEF,
    0x6F, 0xBE, 0x07, 0x60, 0xBE, 0x22, 0xD3, 0x04, 0xA0, 0x5A, 0x06, 0xB0, 0xB1, 0xF7, 0xC5, 0xC0,
    0x0C, 0xA0, 0xFE, 0x6C, 0xB0, 0x7D, 0xD7, 0xFE, 0xFF, 0x9F, 0x0F, 0x66, 0x4C, 0xFE, 0xF7, 0xDF,
    0x0E, 0xE2, 0x92, 0xDF, 0xFF, 0x99, 0xC0, 0x8C, 0x84, 0xFF, 0x9C, 0xC6, 0x60, 0xD6, 0x5F, 0xBE,
    0x7F, 0xDC, 0x20, 0xFA, 0x17, 0xFF, 0x6F, 0x79, 0x08, 0xFF, 0xCB, 0x79, 0x46, 0xB0, 0x7C, 0xC3,
    0xFF, 0xF9, 0xA6, 0x29, 0xBF, 0xDF, 0x33, 0x32, 0x7C, 0x03, 0xB9, 0x47, 0x17, 0x68, 0xC1, 0xB6,
    0x7F, 0xF7, 0xA3, 0x18, 0x18, 0x00, 0xB3, 0x2C, 0x43, 0x82, 0x78, 0x9C, 0x63, 0x60, 0x38, 0xB0,
    0x9E, 0x01, 0x08, 0x7E, 0xFF, 0xE5, 0x64, 0x60, 0x98, 0x30, 0x7F, 0x43, 0x3F, 0x03, 0xC3, 0x55,
    0x4E, 0x86, 0xDB, 0xAC, 0x0C, 0xC8, 0xA0, 0xF1, 0xEF, 0x7D, 0x4B, 0x06, 0x87, 0x7F, 0xFF, 0xFF,
    0xFF, 0x67, 0xFF, 0xF8, 0xDF, 0xBD, 0xF8, 0x9F, 0xFF, 0x77, 0x7F, 0x06, 0x86, 0x4F, 0xE7, 0x7F,
    0xF2, 0x03, 0xB5, 0x9C, 0xFD, 0x9E, 0x0F, 0x52, 0xF2, 0xF0, 0x7F, 0x36, 0x13, 0x03, 0x83, 0xC2,
    0x9F, 0xFF, 0xEF, 0x35, 0x19, 0x18, 0x1C, 0x6E, 0xFE, 0xFF, 0xCF, 0x01, 0x14, 0x4C, 0xFC, 0x5B,
    0x2F, 0x00, 0x92, 0xBB, 0xFF, 0x8F, 0x9B, 0x81, 0x61, 0xC3, 0xFF, 0x5F, 0xFA, 0x0C, 0x0C, 0x0F,
    0xEE, 0x7F, 0x7E, 0xEF, 0x91, 0xFC, 0x37, 0x3F, 0x00, 0x68, 0xD8, 0x7F, 0x4E, 0x86, 0xC6, 0xB7,
    0xEF, 0xBD, 0x18, 0x00, 0x58, 0xF6, 0x36, 0x1F, 0x78, 0x9C, 0x63, 0x60, 0x58, 0xFA, 0xEF, 0x9E,
    0x25, 0x03, 0x03, 0xC3, 0xA1, 0xFF, 0x40, 0xC0, 0xC9, 0x20, 0xF0, 0x6F, 0xBD, 0x69, 0xCA, 0xDF,
    0xF5, 0x0C, 0x0D, 0xFF, 0xD9, 0x18, 0x18, 0x16, 0xFC, 0x67, 0xB9, 0x70, 0x1F, 0x28, 0xC7, 0xF0,
    0x9F, 0xFB, 0xC3, 0x7A, 0x10, 0xFD, 0x9B, 0xEF, 0x01, 0x98, 0xAF, 0xC8, 0x34, 0x01, 0xA8, 0x16,
    0x04, 0x04, 0xFE, 0xDD, 0x17, 0x03, 0x33, 0x80, 0xFA, 0xB3, 0x19, 0x41, 0x8C, 0x6B, 0xFF, 0xFF,
    0xCF, 0x07, 0x33, 0x26, 0xFF, 0xFB, 0x6F, 0x07, 0x96, 0x72, 0xF8, 0xFD, 0x9F, 0x09, 0xCC, 0x48,
    0xF8, 0xCF, 0x69, 0x0C, 0x66, 0xFD, 0xE5, 0xFB, 0xC7, 0x0D, 0xA2, 0x7F, 0xF1, 0xFF, 0x96, 0x87,
    0xF0, 0xBF, 0x9C, 0x67, 0x04, 0xCB, 0x37, 0xFC, 0x9F, 0x6F, 0x9A, 0xF2, 0xFB, 0x3D, 0x23, 0xC3,
    0x37, 0x90, 0x7B, 0x74, 0x81, 0x16, 0x6C, 0xFB, 0x7F, 0x3F, 0x0A, 0xAC, 0xFB, 0x9B, 0x26, 0x98,
    0x62, 0x38, 0x0A, 0x72, 0x1A, 0x08, 0xFC, 0xE1, 0x83, 0x38, 0xE1, 0x2F, 0x84, 0xFE, 0xF9, 0x9F,
    0x1D, 0x4C, 0xBF, 0x8A, 0x06, 0x12, 0x00, 0xDF, 0x91, 0x44, 0x50, 0x78, 0x9C, 0x63, 0x68, 0xFC,
    0x7B, 0xDF, 0x92, 0xC1, 0xE1, 0xDF, 0xFF, 0xFF, 0xFF, 0xD9, 0x3F, 0xFE, 0x77, 0x2F, 0xFE, 0xE7,
    0xFF, 0xDD, 0x9F, 0x81, 0xE1, 0xD3, 0xF9, 0x9F, 0xFC, 0x0C, 0x0C, 0x13, 0xCE, 0x7E, 0xCF, 0x67,
    0x00, 0x82, 0x87, 0xFF, 0xB3, 0x99, 0x18, 0x18, 0x14, 0xFE, 0xFC, 0x7F, 0xAF, 0xC9, 0xC0, 0xE0,
    0x70, 0xF3, 0xFF, 0x7F, 0x0E, 0xA0, 0x60, 0xE2, 0xDF, 0x7A, 0x01, 0x90, 0xDC, 0xFD, 0x7F, 0xDC,
    0x0C, 0x0C, 0x1B, 0xFE, 0xFF, 0xD2, 0x67, 0x60, 0x78, 0x70, 0xFF, 0xF3, 0x7B, 0x8F, 0xE4, 0xBF,
    0xF9, 0x01, 0x40, 0xC3, 0xFE, 0x73, 0x32, 0x34, 0xFE, 0xFD, 0xEF, 0x05, 0x54, 0x31, 0xA1, 0x9F,
    0x11, 0x48, 0x36, 0xFC, 0x8B, 0x07, 0x19, 0x75, 0xE0, 0x3D, 0x88, 0xBC, 0x04, 0x22, 0x0F, 0xFC,
    0xAF, 0x07, 0x92, 0x0F, 0xF6, 0xB1, 0x30, 0x00, 0x00, 0x05, 0xC4, 0x38, 0xF0, 0x78, 0x9C, 0x63,
    0x50, 0xF8, 0xC7, 0x5C, 0x70, 0x9E, 0x01, 0x08, 0x3E, 0xEB, 0x7D, 0x95, 0x05, 0xD1, 0x0E, 0xEF,
    0xDF, 0x33, 0x82, 0x68, 0x86, 0x6F, 0x7A, 0x0C, 0xD8, 0xC0, 0xD2, 0x7F, 0xF7, 0x2C, 0x81, 0xD4,
    0xA1, 0xFF, 0x40, 0xC0, 0xC9, 0x20, 0xF0, 0x6F, 0xBD, 0x69, 0xCA, 0xDF, 0xF5, 0x0C, 0x0D, 0xFF,
    0xD9, 0x18, 0x18, 0x16, 0xFC, 0x67, 0xB9, 0x70, 0x1F, 0xA4, 0xE6, 0x3F, 0xF7, 0x87, 0xF5, 0x20,
    0xFA, 0x37, 0xDF, 0x03, 0x30, 0x5F, 0x91, 0x69, 0x02, 0x50, 0x2D, 0x08, 0x08, 0xFC, 0xBB, 0x2F,
    0x06, 0x66, 0x00, 0xF5, 0x67, 0x83, 0xED, 0xB9, 0xF6, 0xFF, 0xFF, 0x7C, 0x30, 0x63, 0xF2, 0xBF,
    0xFF, 0x76, 0x60, 0x29, 0x87, 0xDF, 0xFF, 0x99, 0xC0, 0x8C, 0x84, 0xFF, 0x9C, 0xC6, 0x60, 0xD6,
    0x5F, 0xBE, 0x7F, 0xDC, 0x20, 0xFA, 0x17, 0xFF, 0x6F, 0x79, 0x08, 0xFF, 0xCB, 0x79, 0x46, 0xB0,
    0x7C, 0xC3, 0xFF, 0xF9, 0xA6, 0x29, 0xBF, 0x81, 0x2E, 0xFE, 0x06, 0x72, 0x8F, 0x2E, 0xD0, 0x82,
    0x6D, 0xFF, 0xEE, 0x47, 0x31, 0x30, 0x00, 0x00, 0x0E, 0x8F, 0x43, 0xD3, 0x78, 0x9C, 0x63, 0xF8,
    0xCA, 0x2D, 0xF0, 0x97, 0x83, 0xA1, 0x61, 0xFD, 0x81, 0xF9, 0x0C, 0x0C, 0x0C, 0xBF, 0xFE, 0x71,
    0x02, 0xC9, 0x0D, 0x20, 0x26, 0x32, 0x68, 0xFC, 0x7B, 0x5F, 0x93, 0xC1, 0xE1, 0xDF, 0xFF, 0xFF,
    0xFF, 0xD9, 0x3E, 0xFE, 0x77, 0x2F, 0xFE, 0xEF, 0xFF, 0xDD, 0x9F, 0x81, 0xE1, 0xF3, 0xFE, 0x9F,
    0xFC, 0x40, 0xB5, 0xEF, 0xBF, 0xE7, 0x83, 0x94, 0x3C, 0xFC, 0x9F, 0xCD, 0xC4, 0xC0, 0xA0, 0xF0,
    0xE7, 0xFF, 0x7B, 0x4D, 0x06, 0x06, 0x87, 0x1B, 0xFF, 0xFF, 0x73, 0x00, 0x05, 0x13, 0xFF, 0xD6,
    0x83, 0xE4, 0x1E, 0xDC, 0xFF, 0xC7, 0x0D, 0x54, 0xF9, 0xFF, 0xB7, 0x3E, 0x88, 0xFD, 0xF9, 0x7D,
    0x44, 0xF2, 0xDF, 0xFC, 0x00, 0xA0, 0x61, 0xFF, 0x39, 0x81, 0x26, 0xBF, 0xF7, 0x62, 0x00, 0x00,
    0x94, 0x77, 0x36, 0xA8, 0x78, 0x9C, 0xFB, 0xF1, 0x1F, 0x02, 0x38, 0x7E, 0xC0, 0x18, 0x86, 0xC6,
    0xC6, 0x9F, 0xEF, 0x1B, 0x1B, 0x1B, 0x33, 0x32, 0x30, 0x30, 0x7C, 0x58, 0xCF, 0x00, 0x01, 0x83,
    0x96, 0xB1, 0x40, 0x1F, 0xCA, 0x38, 0xF0, 0x5F, 0x1A, 0xCA, 0xFA, 0xD2, 0x0F, 0x65, 0x7C, 0x9C,
    0x0F, 0xA1, 0x27, 0xFC, 0xB3, 0x87, 0xEA, 0x5A, 0xC7, 0x04, 0x24, 0x01, 0xAE, 0xB3, 0x39, 0x4D,
    0x78, 0x9C, 0x63, 0xF8, 0xB0, 0x9E, 0x81, 0x81, 0x01, 0x95, 0xF8, 0x0F, 0x04, 0xDC, 0x60, 0xC2,
    0xF8, 0xF3, 0x7D, 0x63, 0x26, 0x06, 0x2C, 0x4A, 0xF0, 0x10, 0xFB, 0x81, 0xC4, 0x81, 0xFF, 0x11,
    0x2C, 0x0C, 0x01, 0xFF, 0xFF, 0xF3, 0x30, 0x30, 0x7C, 0xFD, 0xCF, 0xC9, 0xC0, 0xD0, 0x30, 0x9F,
    0x89, 0x81, 0xA1, 0xE0, 0x4F, 0x3E, 0x48, 0xEA, 0x3D, 0x90, 0xB8, 0x04, 0x24, 0x36, 0xFC, 0xAF,
    0x07, 0xF2, 0xF6, 0xB1, 0x00, 0x00, 0x45, 0x63, 0x31, 0x99, 0x78, 0x9C, 0x63, 0x60, 0xF8, 0xC9,
    0x29, 0xF0, 0x97, 0x83, 0x01, 0x08, 0x0E, 0xE4, 0x6F, 0x58, 0x0F, 0xA2, 0x19, 0x04, 0xFE, 0xFD,
    0xE2, 0x01, 0x33, 0x18, 0xBE, 0xDC, 0x67, 0x84, 0x30, 0x02, 0x34, 0x18, 0x90, 0xC1, 0x8F, 0xFF,
    0x10, 0xC0, 0x01, 0x67, 0x18, 0x1A, 0x1B, 0x7F, 0xBE, 0x6F, 0x6C, 0x6C, 0x0C, 0x52, 0xFF, 0x61,
    0x3D, 0x54, 0xD9, 0xE0, 0x64, 0x00, 0x00, 0x8D, 0x5C, 0x39, 0x29, 0x78, 0x9C, 0x63, 0x60, 0x60,
    0x60, 0xE8, 0x60, 0x05, 0x12, 0x0C, 0xFF, 0xB9, 0x80, 0x84, 0xC0, 0x7F, 0x0E, 0x20, 0xE9, 0xF0,
    0x9F, 0x05, 0x48, 0x2E, 0x78, 0xCF, 0xC0, 0xF0, 0x61, 0xFD, 0x04, 0x7F, 0x10, 0xC9, 0xC0, 0x04,
    0x26, 0x19, 0xA0, 0xE4, 0x7F, 0x20, 0x60, 0x85, 0x92, 0xC6, 0x9F, 0xEF, 0x1B, 0x33, 0xA2, 0xC8,
    0x92, 0x42, 0xEE, 0x07, 0x91, 0x07, 0xFE, 0x9B, 0x02, 0xCD, 0x4F, 0xF8, 0xFF, 0x9F, 0x0D, 0xC8,
    0xB9, 0xF6, 0x9E, 0x95, 0x01, 0x00, 0xF8, 0x96, 0x2D, 0x82, 0x78, 0x9C, 0xFB, 0xF1, 0x1F, 0x02,
    0x38, 0x7E, 0xC0, 0x18, 0x86, 0xC6, 0xC6, 0x9F, 0xEF, 0x1B, 0x1B, 0x1B, 0x33, 0x32, 0x30, 0x30,
    0x7C, 0x58, 0xCF, 0x00, 0x01, 0x18, 0x0C, 0x90, 0x1A, 0x66, 0x10, 0x03, 0xA4, 0x87, 0x1F, 0x85,
    0x81, 0x47, 0x17, 0x95, 0x19, 0x00, 0x26, 0x57, 0x35, 0x98, 0x78, 0x9C, 0x63, 0xF8, 0xB0, 0x9E,
    0x81, 0x81, 0x01, 0x95, 0xF8, 0xFD, 0xFF, 0xFF, 0x7F, 0x0E, 0x30, 0x61, 0xF4, 0xF9, 0xBE, 0x31,
    0x23, 0x58, 0xCC, 0x18, 0xC8, 0x62, 0x06, 0x0A, 0xFD, 0xE7, 0x07, 0x13, 0x0C, 0x58, 0xB4, 0x41,
    0x89, 0xFD, 0x40, 0xE2, 0xC0, 0x7F, 0x33, 0x26, 0x86, 0x80, 0xFF, 0xFF, 0x39, 0x19, 0x18, 0xAE,
    0xBD, 0x67, 0x07, 0x00, 0x2C, 0xCD, 0x2C, 0x89, 0x78, 0x9C, 0x63, 0x60, 0x00, 0x02, 0x03, 0x46,
    0x06, 0x06, 0x87, 0x3F, 0xDA, 0x0C, 0x9F, 0x78, 0x18, 0x18, 0x3E, 0xFD, 0xFF, 0x6F, 0xFE, 0x9B,
    0x93, 0x81, 0xE1, 0xA7, 0xD5, 0xF7, 0xFF, 0xFF, 0x99, 0x18, 0x18, 0xFE, 0x30, 0x1A, 0xFC, 0xF1,
    0x65, 0xC0, 0x00, 0xFF, 0xB9, 0x40, 0xE4, 0x2F, 0x7E, 0xFA, 0xD2, 0xBF, 0xF9, 0xFF, 0xF2, 0x82,
    0xE8, 0xBF, 0xBC, 0x3F, 0xF5, 0x81, 0x94, 0xC2, 0x7F, 0xCE, 0x4F, 0xF7, 0x81, 0x6E, 0xBF, 0xF8,
    0x9F, 0xA9, 0xE0, 0x7F, 0x9F, 0x49, 0xCB, 0xBF, 0x7C, 0x06, 0x06, 0xA0, 0xAB, 0xFF, 0xBF, 0x67,
    0x03, 0xCA, 0x1D, 0xFF, 0x77, 0x4E, 0x9C, 0x81, 0x01, 0x00, 0x7E, 0x82, 0x40, 0x4E, 0x78, 0x9C,
    0x63, 0x60, 0x60, 0x60, 0x50, 0x60, 0x62, 0x78, 0xB9, 0x8E, 0xE5, 0x0B, 0x5F, 0xC3, 0x7F, 0x20,
    0xE0, 0x7C, 0x90, 0x5F, 0xF2, 0xEF, 0x3C, 0xA3, 0x01, 0x13, 0x48, 0x18, 0x19, 0xFC, 0xE7, 0x65,
    0x60, 0xB8, 0x70, 0x9E, 0x1C, 0xF2, 0x03, 0x94, 0xFC, 0xC7, 0x0F, 0x22, 0x7F, 0xFB, 0x33, 0x30,
    0x7C, 0x3F, 0xFF, 0xF5, 0xBD, 0xD9, 0xD2, 0xFF, 0xE7, 0x37, 0x80, 0x6C, 0x3C, 0xCF, 0x70, 0xEC,
    0xFF, 0xDC, 0x8B, 0xE7, 0x01, 0xBB, 0x1B, 0x3C, 0xA9, 0x78, 0x9C, 0x63, 0xF8, 0xF0, 0x1F, 0x08,
    0xF8, 0x19, 0x18, 0x60, 0xB4, 0x81, 0x31, 0x10, 0x30, 0x33, 0xA0, 0x83, 0xFF, 0x5C, 0x20, 0xF2,
    0x17, 0x3F, 0x7D, 0xE9, 0xDF, 0xFC, 0x7F, 0x79, 0x41, 0xF4, 0x5F, 0xDE, 0x9F, 0xFA, 0x40, 0x4A,
    0xE1, 0x3F, 0xE7, 0xA7, 0xFB, 0x8C, 0x0C, 0x0C, 0x17, 0xFF, 0x33, 0x15, 0xFC, 0xEF, 0x33, 0x69,
    0xF9, 0x97, 0xCF, 0xC0, 0xF0, 0x1D, 0xE8, 0xEC, 0xF7, 0x6C, 0x40, 0xB9, 0xE3, 0xFF, 0xCE, 0x89,
    0x33, 0x30, 0x00, 0x00, 0x88, 0xAB, 0x3D, 0xE2, 0x78, 0x9C, 0xFB, 0xF0, 0x1F, 0x08, 0xF8, 0x3F,
    0x80, 0x49, 0x03, 0x63, 0x20, 0x60, 0x66, 0x40, 0x02, 0xFF, 0xB9, 0x18, 0x18, 0x16, 0xFC, 0x27,
    0x87, 0x7C, 0x00, 0x26, 0x3F, 0xFC, 0xFF, 0xC7, 0x03, 0x22, 0x7F, 0xEB, 0x33, 0x30, 0x7C, 0xFD,
    0xFF, 0xF5, 0xBE, 0xE9, 0xD2, 0xFF, 0xFF, 0x37, 0x00, 0xAD, 0xBA, 0xFF, 0x9F, 0xE1, 0xD8, 0xFF,
    0xB9, 0x0B, 0xFF, 0x03, 0x00, 0x88, 0xD2, 0x3D, 0x0E, 0x78, 0x9C, 0x63, 0x28, 0x88, 0x60, 0x08,
    0xA8, 0x60, 0x60, 0x60, 0x78, 0x70, 0x9E, 0xE1, 0xC0, 0x7B, 0x20, 0xBD, 0xE0, 0x3F, 0xEB, 0xD7,
    0xF9, 0x40, 0x5A, 0xE1, 0xFF, 0xFF, 0xFF, 0x72, 0x40, 0x9A, 0xE1, 0xF0, 0xFF, 0xF3, 0x4C, 0x20,
    0x9A, 0x41, 0x91, 0x11, 0x48, 0xFC, 0xE7, 0x02, 0x31, 0x7F, 0xF1, 0xD3, 0x97, 0xFE, 0xCD, 0xFF,
    0x97, 0x17, 0x44, 0xFF, 0xE5, 0xFD, 0xA9, 0x0F, 0x76, 0x1B, 0xE7, 0xA7, 0xFB, 0x40, 0xD7, 0x5C,
    0xFC, 0xCF, 0x54, 0xF0, 0xBF, 0xCF, 0xA4, 0xE5, 0x5F, 0x3E, 0x03, 0xC3, 0x77, 0xA0, 0x7B, 0xDF,
    0xB3, 0x01, 0xE5, 0x8E, 0xFF, 0x3B, 0x27, 0xCE, 0xC0, 0x00, 0x00, 0xBF, 0x9B, 0x41, 0x03, 0x78,
    0x9C, 0x9B, 0xF0, 0x9F, 0x51, 0xE0, 0x3F, 0x67, 0xC0, 0x7F, 0xA9, 0x85, 0xFF, 0x59, 0x19, 0xFE,
    0xFC, 0xFF, 0x7F, 0x9E, 0x81, 0x61, 0xE1, 0xFF, 0xFF, 0x92, 0x0C, 0x0C, 0x0C, 0x0A, 0x4C, 0x0C,
    0x50, 0xF0, 0x9F, 0x8B, 0x81, 0x61, 0xC1, 0x7F, 0x72, 0xC8, 0x07, 0x60, 0xF2, 0xC3, 0xFF, 0x7F,
    0x3C, 0x20, 0xF2, 0xB7, 0x3E, 0x03, 0xC3, 0xD7, 0xFF, 0x5F, 0xEF, 0x9B, 0x2E, 0xFD, 0xFF, 0x7F,
    0xC3, 0xFF, 0xFF, 0xFF, 0xEF, 0xFD, 0x67, 0x38, 0xFE, 0xBF, 0x77, 0xE1, 0x7F, 0x00, 0x32, 0x89,
    0x3E, 0x62, 0x78, 0x9C, 0x63, 0x60, 0x50, 0xF8, 0x23, 0xC5, 0x00, 0x02, 0x17, 0x2C, 0x57, 0x83,
    0xE9, 0x4F, 0x0C, 0x9F, 0xC1, 0xF4, 0x07, 0xB6, 0x93, 0x60, 0x3A, 0xE0, 0xBF, 0x1E, 0x98, 0x66,
    0x50, 0x60, 0x40, 0x02, 0xFF, 0xB9, 0x40, 0xE4, 0x2F, 0x7E, 0xFA, 0xD2, 0xBF, 0xF9, 0xFF, 0xF2,
    0x82, 0xE8, 0xBF, 0xBC, 0x3F, 0xF5, 0x41, 0x2E, 0xFA, 0xCF, 0xF9, 0xE9, 0x3E, 0x23, 0x03, 0xC3,
    0xC5, 0xFF, 0x4C, 0x05, 0xFF, 0xFB, 0x4C, 0x5A, 0xFE, 0xE5, 0x33, 0x30, 0x7C, 0xFF, 0xFF, 0xFF,
    0xFF, 0x7B, 0x36, 0xA0, 0xDC, 0xF1, 0x7F, 0xE7, 0xC4, 0x19, 0x18, 0x00, 0x7D, 0xF3, 0x3B, 0x18,
    0x78, 0x9C, 0x63, 0x60, 0x78, 0x59, 0xCB, 0xC0, 0xC0, 0xB0, 0xC1, 0xE7, 0x29, 0x3B, 0x03, 0xC3,
    0x47, 0xA6, 0x00, 0x5E, 0x20, 0xC9, 0xE8, 0xC0, 0xC7, 0xC0, 0x70, 0x40, 0xEA, 0x20, 0x17, 0x03,
    0x83, 0xC2, 0x9F, 0xFD, 0x8C, 0x40, 0x69, 0x01, 0x10, 0x01, 0x06, 0xFF, 0x81, 0x82, 0x0B, 0xFE,
    0x93, 0x43, 0x3E, 0x00, 0x93, 0x1F, 0xFE, 0xFF, 0xE3, 0x01, 0x91, 0xBF, 0xF5, 0x19, 0x18, 0xBE,
    0xFE, 0xFF, 0x7A, 0xDF, 0x74, 0xE9, 0xFF, 0xFF, 0x1B, 0xFE, 0xFF, 0xFF, 0x7F, 0xEF, 0x3F, 0xC3,
    0xF1, 0xFF, 0xBD, 0x0B, 0xFF, 0x03, 0x00, 0x0C, 0xF1, 0x3B, 0x79, 0x78, 0x9C, 0x63, 0x60, 0x60,
    0xF8, 0xC7, 0xF3, 0x69, 0x3F, 0x03, 0x03, 0xC3, 0x84, 0xF7, 0x42, 0xFF, 0xB8, 0x81, 0xF4, 0x67,
    0xFF, 0x03, 0xE7, 0x81, 0x14, 0xC3, 0x1F, 0xF6, 0x5F, 0xB2, 0x0C, 0x18, 0xE0, 0x3F, 0x17, 0x88,
    0xFC, 0xC5, 0x4F, 0x5F, 0xFA, 0x37, 0xFF, 0x5F, 0x5E, 0x10, 0xFD, 0x97, 0xF7, 0xA7, 0x3E, 0x90,
    0x52, 0xF8, 0xCF, 0xF9, 0xE9, 0x3E, 0x23, 0x03, 0xC3, 0xC5, 0xFF, 0x4C, 0x05, 0xFF, 0xFB, 0x4C,
    0x5A, 0xFE, 0xE5, 0x33, 0x30, 0x7C, 0xFF, 0xFF, 0xFF, 0xFF, 0x7B, 0x36, 0xA0, 0xDC, 0xF1, 0x7F,
    0xE7, 0xC4, 0x19, 0x18, 0x00, 0x06, 0x70, 0x3D, 0x2D, 0x78, 0x9C, 0x63, 0x60, 0xF8, 0xEA, 0xBF,
    0xE1, 0x3F, 0x33, 0x03, 0xC3, 0x3F, 0x8E, 0x1F, 0xFE, 0x0C, 0x0C, 0x0D, 0xE7, 0x03, 0xFE, 0xB3,
    0x30, 0x30, 0x7C, 0x92, 0xFB, 0x04, 0xE4, 0xA0, 0x82, 0xFF, 0x5C, 0x0C, 0x0C, 0x0B, 0xFE, 0x53,
    0x44, 0x3D, 0x80, 0x50, 0x1F, 0xFE, 0x33, 0xFC, 0xE3, 0x01, 0x53, 0xBF, 0xF5, 0x19, 0x18, 0xBE,
    0xFE, 0x67, 0xF8, 0x7A, 0xDF, 0x74, 0xE9, 0xFF, 0xFF, 0x0C, 0x1B, 0xFE, 0xFF, 0xFF, 0x7F, 0xEF,
    0x3F, 0x03, 0xC3, 0xF1, 0xFF, 0xBD, 0x0B, 0xFF, 0x33, 0x00, 0x00, 0x82, 0x6F, 0x3C, 0x3F, 0x78,
    0x9C, 0xFB, 0xCF, 0xC5, 0x00, 0x04, 0xBF, 0xF8, 0xFF, 0xD3, 0x95, 0xFE, 0xCD, 0xFF, 0x97, 0x17,
    0x44, 0xFF, 0xE5, 0xFD, 0xA9, 0x0F, 0xA4, 0x14, 0xFE, 0x73, 0x7E, 0xBA, 0xCF, 0xC8, 0xC0, 0x70,
    0xF1, 0x3F, 0x53, 0xC1, 0xFF, 0x3E, 0x93, 0x96, 0x7F, 0xF9, 0x0C, 0x0C, 0xDF, 0xFF, 0x03, 0x01,
    0x1B, 0x50, 0xEE, 0xF8, 0xBF, 0xFF, 0xF6, 0x20, 0xB5, 0x0C, 0x1B, 0xDE, 0x33, 0x82, 0xE9, 0x2F,
    0xFE, 0x60, 0x8A, 0xE1, 0x27, 0x3F, 0x84, 0xFE, 0x51, 0xEF, 0x02, 0x11, 0xFF, 0xBF, 0x1F, 0x4C,
    0x27, 0xFC, 0x8D, 0x65, 0x60, 0x00, 0x00, 0x7C, 0x19, 0x3D, 0x68, 0x78, 0x9C, 0xFB, 0xCF, 0xC5,
    0xC0, 0xB0, 0xE0, 0x3F, 0xC3, 0x7F, 0x0A, 0xA8, 0x07, 0x10, 0xEA, 0xC3, 0x7F, 0x86, 0x7F, 0x3C,
    0x60, 0xEA, 0xB7, 0x3E, 0x03, 0xC3, 0xD7, 0xFF, 0x0C, 0x5F, 0xEF, 0x9B, 0x2E, 0xFD, 0xFF, 0x9F,
    0x61, 0xC3, 0xFF, 0xFF, 0xFF, 0xEF, 0xFD, 0x67, 0x60, 0x38, 0xFE, 0xBF, 0xF7, 0x20, 0x90, 0x02,
    0x82, 0x6F, 0xFE, 0x20, 0x32, 0xE0, 0x3F, 0x33, 0x88, 0xBA, 0xB0, 0x1F, 0x2C, 0xF6, 0xE1, 0x7E,
    0x32, 0x88, 0x02, 0x2A, 0x66, 0x04, 0x52, 0x02, 0xBF, 0xE7, 0x31, 0x00, 0x00, 0xE1, 0x60, 0x3C,
    0xD9, 0x78, 0x9C, 0x7D, 0x50, 0xCB, 0x71, 0xC2, 0x50, 0x0C, 0xDC, 0xE1, 0x93, 0x80, 0x19, 0x83,
    0x2B, 0x00, 0x4E, 0x1C, 0x31, 0x1D, 0xC0, 0x35, 0xA7, 0xA4, 0x83, 0xD0, 0x81, 0xD3, 0x01, 0x74,
    0x40, 0x1A, 0x60, 0x86, 0x12, 0x3C, 0x43, 0x01, 0x76, 0x07, 0xA6, 0x03, 0xE0, 0xC4, 0x11, 0x83,
    0x09, 0xB1, 0x43, 0x9E, 0x17, 0xC9, 0x4C, 0x7C, 0x8C, 0x0E, 0x92, 0x56, 0xB3, 0x5A, 0x7D, 0x00,
    0xB1, 0x7E, 0xFE, 0x84, 0xD2, 0xF6, 0xC7, 0xD7, 0x32, 0x77, 0xCC, 0x20, 0xAF, 0xFE, 0x81, 0x70,
    0x86, 0x64, 0x88, 0x7F, 0x2D, 0x0E, 0x54, 0x8D, 0xAA, 0x96, 0xB9, 0x21, 0x25, 0x7C, 0xD0, 0x12,
    0x6F, 0xDA, 0x73, 0x56, 0x00, 0x9F, 0x6D, 0xD1, 0xA4, 0x35, 0x51, 0x46, 0xCC, 0x31, 0xA0, 0x99,
    0x32, 0x2E, 0xDB, 0x19, 0xA0, 0x1C, 0x63, 0x4B, 0xEB, 0x32, 0x12, 0xEE, 0x51, 0x92, 0x9E, 0xB4,
    0xBE, 0xF0, 0xA1, 0xFB, 0xF5, 0x2E, 0xCA, 0x35, 0xD6, 0x71, 0x16, 0xEA, 0x69, 0x81, 0x29, 0x71,
    0x6B, 0xE2, 0x2A, 0x22, 0x9B, 0x08, 0x7E, 0x80, 0x6F, 0x1B, 0x59, 0x07, 0xF8, 0x24, 0x62, 0x0F,
    0x89, 0x0B, 0xD3, 0x82, 0x70, 0xAA, 0x17, 0x17, 0x3B, 0xCF, 0x61, 0x43, 0xF7, 0x7A, 0x4E, 0x6D,
    0xAC, 0x82, 0x09, 0x6B, 0xB2, 0x52, 0x6E, 0x99, 0x06, 0xDE, 0x38, 0xD7, 0x25, 0xF1, 0xD3, 0x95,
    0x9A, 0xC3, 0x75, 0xA4, 0xE0, 0xEA, 0x69, 0xED, 0xF7, 0xB0, 0x50, 0x70, 0x8E, 0xF4, 0xA4, 0xF4,
    0x56, 0xFC, 0x24, 0xA6, 0x27, 0x3E, 0x61, 0x4F, 0x81, 0x5F, 0x84, 0x1D, 0x6D, 0x14, 0x67, 0x6A,
    0x58, 0xB1, 0xA9, 0x60, 0xA4, 0xD3, 0x64, 0x76, 0x1D, 0xB8, 0x03, 0xB7, 0x50, 0x67, 0x11, 0x78,
    0x9C, 0x75, 0x8E, 0xCD, 0x11, 0xC1, 0x50, 0x14, 0x85, 0xBF, 0x21, 0x83, 0x30, 0xC1, 0xDA, 0x26,
    0xA9, 0x40, 0xA8, 0x00, 0x95, 0xE4, 0x75, 0x20, 0x1D, 0x68, 0xC1, 0x4A, 0x01, 0x1A, 0x48, 0x66,
    0x14, 0x10, 0x1D, 0x28, 0x81, 0xBD, 0x45, 0x12, 0x7F, 0x89, 0x91, 0xB8, 0xDE, 0x1B, 0xB6, 0xCE,
    0xEA, 0xBB, 0xE7, 0xDC, 0x39, 0x73, 0x00, 0x94, 0x34, 0xF9, 0xE9, 0x51, 0x8F, 0x7F, 0xA4, 0x8E,
    0xD3, 0xB4, 0xF1, 0xC5, 0xED, 0x88, 0x9D, 0xCD, 0x3F, 0xDD, 0x02, 0x98, 0x8B, 0x7E, 0x2D, 0xDD,
    0x2C, 0x82, 0xB5, 0xB4, 0xA1, 0x72, 0xE2, 0x14, 0x4E, 0xD2, 0x03, 0xE9, 0x28, 0x1D, 0x5E, 0xC4,
    0x65, 0x22, 0x96, 0x27, 0x2D, 0x8A, 0x73, 0x40, 0x28, 0x50, 0x77, 0xA9, 0x36, 0x11, 0x71, 0x02,
    0xCF, 0xFE, 0x50, 0x16, 0x29, 0xD9, 0x52, 0xB7, 0xF9, 0xEA, 0x80, 0x34, 0xAF, 0x3E, 0xFA, 0x8C,
    0x57, 0xBC, 0x3A, 0x85, 0x03, 0x71, 0x94, 0xCD, 0x78, 0x38, 0x2F, 0xBD, 0x22, 0x4C, 0x6F, 0x7D,
    0x72, 0x5F, 0x2C, 0xF0, 0xA4, 0xB2, 0xD9, 0x47, 0x62, 0x56, 0xBC, 0xB5, 0x11, 0x4A, 0x62, 0xF0,
    0x29, 0x26, 0x5A, 0x19, 0xBC, 0xEB, 0x41, 0xD4, 0xBE, 0xC1, 0x5C, 0x97, 0x53, 0x0E, 0xE0, 0x03,
    0xCB, 0xE0, 0x4A, 0x5D, 0x78, 0x9C, 0x63, 0x60, 0x60, 0x60, 0xF8, 0xC3, 0xC9, 0x00, 0x06, 0x1B,
    0xDE, 0xD7, 0x43, 0x18, 0xBF, 0xB8, 0xFE, 0xB0, 0x82, 0xE8, 0x86, 0xFD, 0x0C, 0x0F, 0xFD, 0x19,
    0xB0, 0x80, 0x0B, 0xFF, 0x59, 0x40, 0xD4, 0xCF, 0xFE, 0x80, 0xFF, 0x3C, 0x40, 0x5A, 0xE0, 0x3F,
    0x1F, 0xC3, 0x1F, 0x90, 0xC2, 0x09, 0xFF, 0xD9, 0x18, 0x3E, 0x9F, 0x07, 0x32, 0x3E, 0xDE, 0x07,
    0x1A, 0x07, 0x52, 0xF4, 0x33, 0x9E, 0x81, 0x41, 0x01, 0xA8, 0x48, 0x01, 0xAC, 0xF0, 0xA7, 0x3F,
    0x50, 0x09, 0x48, 0xEB, 0xC7, 0xF3, 0x0C, 0x9F, 0xF6, 0x83, 0xAD, 0xF8, 0xCF, 0xF2, 0x4B, 0x1F,
    0x6C, 0xE6, 0x3F, 0x9D, 0xFF, 0x5C, 0x60, 0xC6, 0xF7, 0xFB, 0xFF, 0x19, 0xA1, 0xB6, 0xF4, 0x43,
    0xAC, 0x0B, 0xF8, 0x2F, 0x07, 0xB5, 0x18, 0xAA, 0x84, 0x22, 0x06, 0x00, 0x84, 0x6A, 0x33, 0x52,
    0x78, 0x9C, 0x55, 0x8D, 0xB9, 0x0D, 0xC2, 0x50, 0x10, 0x44, 0x47, 0x60, 0x0E, 0x23, 0x61, 0xE8,
    0x00, 0xC7, 0x24, 0x94, 0x00, 0x09, 0x11, 0x01, 0xEE, 0xC0, 0x2D, 0xB8, 0x03, 0xD3, 0x01, 0x8E,
    0x49, 0x70, 0x44, 0xEA, 0x16, 0x7E, 0x07, 0x2E, 0x01, 0x8B, 0x06, 0x3E, 0x87, 0xB8, 0xC1, 0xC3,
    0xEE, 0xCF, 0x98, 0x60, 0x9E, 0x46, 0x7B, 0x0C, 0x10, 0xD6, 0x5D, 0x88, 0x0E, 0x65, 0x2A, 0x1E,
    0xD6, 0xDE, 0xA7, 0x0D, 0x64, 0x0B, 0x64, 0x63, 0xFC, 0xEB, 0x11, 0xAB, 0x2D, 0xCF, 0x85, 0xE0,
    0x1B, 0x18, 0xCA, 0x32, 0xFD, 0x84, 0x2D, 0x24, 0xF4, 0x86, 0xEC, 0xC1, 0x58, 0xE0, 0x3D, 0xC0,
    0x69, 0x0B, 0xDC, 0x62, 0x5C, 0xA7, 0xC0, 0xB1, 0xC0, 0x2B, 0x00, 0x72, 0x82, 0x52, 0x11, 0x71,
    0xCE, 0xA6, 0xDC, 0xD6, 0x9B, 0xBD, 0xBE, 0x7B, 0xDA, 0xB5, 0xE2, 0xC2, 0x89, 0xA2, 0x62, 0x5F,
    0xB1, 0x62, 0x47, 0x11, 0xB1, 0xE1, 0x52, 0xE9, 0x8A, 0xAB, 0xD4, 0xE1, 0x3E, 0x12, 0x9B, 0xED,
    0xE8, 0x0B, 0x0C, 0xDD, 0x28, 0xB7, 0x1A, 0xF0, 0x03, 0x86, 0xBD, 0x37, 0xA0, 0x78, 0x9C, 0x63,
    0x60, 0xF8, 0xC9, 0xC2, 0xF0, 0x85, 0x93, 0x01, 0x08, 0xFE, 0x73, 0x32, 0xFC, 0xE4, 0x07, 0x31,
    0x7E, 0xC1, 0x44, 0xD0, 0xC1, 0xEF, 0x7C, 0x10, 0x39, 0xE1, 0x3F, 0xC7, 0xA7, 0xF7, 0x20, 0xC6,
    0xC7, 0xFF, 0x8C, 0x13, 0xFE, 0xB3, 0x03, 0x19, 0x3F, 0xFA, 0x19, 0x04, 0xFE, 0xF3, 0x01, 0x19,
    0xFF, 0x80, 0xC4, 0xF7, 0x7E, 0x06, 0x86, 0x02, 0x90, 0xF0, 0x83, 0xFF, 0x8C, 0x0C, 0x0F, 0x40,
    0x0A, 0x03, 0xFE, 0x73, 0x30, 0x7C, 0xAB, 0x07, 0xE9, 0xF8, 0x23, 0xCF, 0xF0, 0x17, 0xA4, 0x8E,
    0xE1, 0xF3, 0xFC, 0x80, 0xFF, 0x6C, 0x20, 0xC6, 0x86, 0xFF, 0x97, 0xEE, 0x83, 0xCD, 0x56, 0xF8,
    0xFF, 0x37, 0x1E, 0x62, 0xCB, 0xCF, 0xFF, 0xBC, 0x10, 0xC6, 0xC3, 0xFF, 0xAC, 0x10, 0xC6, 0x82,
    0xFF, 0x0C, 0x94, 0x33, 0x00, 0x56, 0xD5, 0x37, 0x60, 0x78, 0x9C, 0x63, 0x60, 0x60, 0x60, 0xF8,
    0x6D, 0xCF, 0x00, 0x02, 0x01, 0xFF, 0xD9, 0xC0, 0xF4, 0x83, 0x7E, 0x30, 0xC5, 0xF0, 0x83, 0x1B,
    0x42, 0x97, 0x33, 0x32, 0x20, 0xC0, 0x7F, 0x08, 0x60, 0x82, 0xD1, 0xC6, 0x20, 0xF0, 0xED, 0x3C,
    0x44, 0xF2, 0x8F, 0x3E, 0x98, 0x2A, 0xF8, 0xCF, 0x0E, 0xA6, 0x3F, 0xDD, 0x87, 0x0A, 0xDB, 0x43,
    0x85, 0x39, 0xB0, 0x09, 0x27, 0xA0, 0x09, 0xFF, 0x86, 0x09, 0x73, 0x82, 0xE9, 0x8F, 0x30, 0x61,
    0x7F, 0xA8, 0x23, 0x21, 0xC2, 0x0F, 0xDF, 0x43, 0x84, 0x7F, 0xD5, 0x83, 0x5D, 0xC0, 0x0C, 0x75,
    0x0F, 0x3F, 0x8C, 0x06, 0x00, 0xAF, 0xC7, 0x3D, 0x0B, 0x78, 0x9C, 0x63, 0x60, 0x60, 0xD8, 0xF0,
    0x9F, 0x8D, 0x01, 0x08, 0xBE, 0xE7, 0x83, 0x48, 0x83, 0xFF, 0xAC, 0x20, 0xEA, 0x40, 0x2C, 0x03,
    0x3A, 0xF8, 0x0F, 0x06, 0x4C, 0x50, 0xCA, 0x18, 0x08, 0x7E, 0xEE, 0x07, 0x89, 0x2B, 0xFC, 0x97,
    0x03, 0x51, 0x17, 0xFE, 0x33, 0x83, 0xA8, 0x5F, 0xF5, 0x20, 0x32, 0xE1, 0x3F, 0x37, 0x88, 0xFA,
    0xF4, 0x9E, 0x11, 0x44, 0xFD, 0xB5, 0x07, 0x91, 0x13, 0xFE, 0xB3, 0x83, 0xA8, 0xAF, 0xA8, 0x9A,
    0x58, 0x40, 0xD4, 0xCF, 0xFD, 0x20, 0xE3, 0xA0, 0x36, 0xC0, 0x28, 0x00, 0xDF, 0x0F, 0x31, 0xCB,
    0x78, 0x9C, 0x63, 0x60, 0x60, 0xF8, 0xC2, 0xC9, 0x00, 0x06, 0x3F, 0xF9, 0x21, 0x34, 0x8C, 0x8F,
    0x02, 0xFE, 0x43, 0x00, 0x13, 0x8C, 0x36, 0x06, 0x81, 0xAF, 0xE7, 0x21, 0x92, 0x7F, 0xF4, 0xC1,
    0x54, 0xC1, 0x7F, 0x0E, 0x30, 0xFD, 0xE9, 0x3E, 0x54, 0xD8, 0x1E, 0x9F, 0x70, 0xC2, 0x7F, 0x88,
    0x3D, 0x1F, 0xA1, 0xC2, 0xBF, 0xFD, 0x51, 0x85, 0xDF, 0xA3, 0x08, 0x07, 0xFC, 0xE7, 0x02, 0xD3,
    0x0F, 0xDF, 0x33, 0x82, 0xE9, 0x5F, 0xFD, 0x60, 0x17, 0x30, 0x43, 0xDD, 0xC3, 0x0F, 0xA3, 0x01,
    0xC7, 0xB5, 0x3A, 0xC6, 0x78, 0x9C, 0x63, 0x60, 0x98, 0xE0, 0xCF, 0x00, 0x02, 0x1F, 0xE6, 0x83,
    0x29, 0x28, 0x0F, 0x19, 0xFC, 0x07, 0x03, 0x26, 0x28, 0x65, 0x0C, 0x04, 0xBF, 0xF6, 0x83, 0xC4,
    0x0D, 0xFE, 0xCB, 0x81, 0xA8, 0x0B, 0xFF, 0x99, 0x41, 0xD4, 0xAF, 0x7A, 0x10, 0x99, 0xF0, 0x9F,
    0x1B, 0x44, 0x7D, 0x7A, 0xCF, 0x08, 0xA2, 0xFE, 0x82, 0x0D, 0x5B, 0xF0, 0x9F, 0x03, 0x44, 0x7D,
    0x3B, 0x0F, 0x22, 0x15, 0x60, 0x9A, 0x58, 0x40, 0xD4, 0xCF, 0xFD, 0x20, 0xE3, 0xA0, 0x36, 0xC0,
    0x28, 0x00, 0xB4, 0x21, 0x2F, 0xEF, 0x78, 0x9C, 0x63, 0x98, 0x30, 0x9F, 0xE1, 0xA1, 0x3F, 0x03,
    0x10, 0xFC, 0x61, 0xFD, 0xC3, 0x0E, 0xA2, 0x1F, 0xAE, 0x5F, 0x0F, 0xA2, 0x18, 0x1C, 0xFE, 0xF3,
    0x82, 0x69, 0x86, 0x56, 0x46, 0x06, 0x04, 0xF8, 0x0F, 0x01, 0x4C, 0x30, 0xDA, 0x18, 0x04, 0xBE,
    0x9D, 0x87, 0x48, 0xFE, 0xD1, 0x07, 0x53, 0x05, 0xFF, 0xC1, 0x06, 0x31, 0x7C, 0xBA, 0x0F, 0x15,
    0xB6, 0x87, 0x0A, 0x73, 0x60, 0x13, 0x4E, 0x40, 0x13, 0xFE, 0x0D, 0x13, 0xE6, 0x04, 0xD3, 0x1F,
    0x61, 0xC2, 0x60, 0x47, 0x32, 0x04, 0x40, 0x85, 0x1F, 0xBE, 0x87, 0x08, 0xFF, 0xAA, 0x07, 0xBB,
    0x80, 0x19, 0xEA, 0x1E, 0x7E, 0x18, 0x0D, 0x00, 0x13, 0x70, 0x40, 0x06, 0x78, 0x9C, 0x63, 0xF8,
    0xC3, 0xAE, 0xF0, 0x8F, 0x9D, 0x81, 0xE1, 0x40, 0xFD, 0xA3, 0x7C, 0x06, 0x20, 0xF8, 0xF3, 0x9F,
    0x0D, 0x44, 0x6D, 0x8C, 0x61, 0x40, 0x07, 0xFF, 0xC1, 0x80, 0x09, 0x4A, 0x19, 0x03, 0xC1, 0xCF,
    0xFD, 0x20, 0x71, 0x85, 0xFF, 0x72, 0x20, 0xEA, 0xC2, 0x7F, 0x66, 0x10, 0xF5, 0xAB, 0x1E, 0x44,
    0x26, 0xFC, 0xE7, 0x06, 0x51, 0x9F, 0xDE, 0x33, 0x82, 0xA8, 0xBF, 0xF6, 0x20, 0x72, 0xC2, 0x7F,
    0x76, 0x10, 0xF5, 0x15, 0x55, 0x13, 0x0B, 0x88, 0xFA, 0xB9, 0x1F, 0x64, 0x1C, 0xD4, 0x06, 0x18,
    0x05, 0x00, 0x34, 0xF0, 0x34, 0x25, 0x78, 0x9C, 0x63, 0x60, 0x50, 0x62, 0x10, 0xF8, 0xFD, 0x9F,
    0xE7, 0xE1, 0xFF, 0xFF, 0x5C, 0x3F, 0xD6, 0x33, 0x32, 0xFC, 0xE5, 0x63, 0x60, 0xF8, 0xCF, 0x45,
    0x1D, 0x0C, 0x00, 0x48, 0xC4, 0x1A, 0x77,
};
const GFXglyph Roboto14Glyphs[] = {
    { 0, 0, 7, 0, 0, 8, 0 }, //  
    { 3, 21, 7, 2, 21, 22, 8 }, // !
    { 6, 7, 10, 2, 22, 27, 30 }, // "
    { 16, 21, 19, 2, 21, 134, 57 }, // #
    { 13, 28, 17, 2, 25, 147, 191 }, // $
    { 19, 21, 21, 1, 21, 152, 338 }, // %
    { 17, 21, 18, 1, 21, 164, 490 }, // &
    { 2, 7, 5, 1, 22, 11, 654 }, // '
    { 8, 31, 10, 2, 24, 99, 665 }, // (
    { 8, 31, 10, 0, 24, 103, 764 }, // )
    { 13, 13, 13, 0, 21, 79, 867 }, // *
    { 15, 16, 17, 1, 18, 39, 946 }, // +
    { 5, 8, 6, 0, 3, 30, 985 }, // ,
    { 7, 3, 9, 1, 11, 18, 1015 }, // -
    { 3, 3, 7, 2, 3, 14, 1033 }, // .
    { 12, 23, 12, 0, 21, 79, 1047 }, // /
    { 13, 21, 16, 2, 21, 97, 1126 }, // 0
    { 9, 21, 16, 2, 21, 41, 1223 }, // 1
    { 14, 21, 16, 1, 21, 114, 1264 }, // 2
    { 13, 21, 16, 2, 21, 130, 1378 }, // 3
    { 16, 21, 16, 0, 21, 87, 1508 }, // 4
    { 14, 21, 16, 2, 21, 121, 1595 }, // 5
    { 13, 21, 16, 2, 21, 133, 1716 }, // 6
    { 14, 21, 16, 1, 21, 91, 1849 }, // 7
    { 13, 21, 16, 2, 21, 142, 1940 }, // 8
    { 13, 21, 16, 1, 21, 132, 2082 }, // 9
    { 3, 16, 7, 2, 16, 20, 2214 }, // :
    { 4, 20, 6, 1, 16, 34, 2234 }, // ;
    { 12, 14, 15, 1, 16, 75, 2268 }, // <
    { 12, 9, 16, 2, 15, 20, 2343 }, // =
    { 12, 14, 15, 2, 16, 69, 2363 }, // >
    { 12, 21, 14, 1, 21, 88, 2432 }, // ?
    { 23, 27, 26, 2, 21, 254, 2520 }, // @
    { 20, 21, 20, 0, 21, 138, 2774 }, // A
    { 14, 21, 18, 2, 21, 102, 2912 }, // B
    { 16, 21, 19, 2, 21, 105, 3014 }, // C
    { 15, 21, 19, 2, 21, 97, 3119 }, // D
    { 13, 21, 16, 2, 21, 42, 3216 }, // E
    { 13, 21, 16, 2, 21, 39, 3258 }, // F
    { 16, 21, 20, 2, 21, 126, 3297 }, // G
    { 16, 21, 20, 2, 21, 28, 3423 }, // H
    { 3, 21, 8, 3, 21, 13, 3451 }, // I
    { 13, 21, 16, 1, 21, 58, 3464 }, // J
    { 16, 21, 18, 2, 21, 118, 3522 }, // K
    { 13, 21, 15, 2, 21, 25, 3640 }, // L
    { 21, 21, 25, 2, 21, 141, 3665 }, // M
    { 16, 21, 20, 2, 21, 89, 3806 }, // N
    { 17, 21, 20, 2, 21, 113, 3895 }, // O
    { 15, 21, 18, 2, 21, 80, 4008 }, // P
    { 17, 25, 20, 2, 21, 144, 4088 }, // Q
    { 15, 21, 17, 2, 21, 109, 4232 }, // R
    { 15, 21, 17, 1, 21, 138, 4341 }, // S
    { 17, 21, 17, 0, 21, 35, 4479 }, // T
    { 15, 21, 19, 2, 21, 65, 4514 }, // U
    { 19, 21, 19, 0, 21, 147, 4579 }, // V
    { 26, 21, 26, 0, 21, 208, 4726 }, // W
    { 18, 21, 18, 0, 21, 148, 4934 }, // X
    { 18, 21, 17, -1, 21, 104, 5082 }, // Y
    { 15, 21, 17, 1, 21, 73, 5186 }, // Z
    { 6, 29, 8, 2, 24, 25, 5259 }, // [
    { 12, 23, 12, 0, 21, 79, 5284 }, // <backslash>
    { 6, 29, 8, 0, 24, 27, 5363 }, // ]
    { 12, 11, 12, 0, 22, 69, 5390 }, // ^
    { 13, 3, 15, 1, 1, 17, 5459 }, // _
    { 7, 5, 9, 0, 23, 28, 5476 }, // `
    { 13, 16, 16, 2, 16, 115, 5504 }, // a
    { 13, 22, 16, 2, 22, 94, 5619 }, // b
    { 13, 16, 15, 1, 16, 96, 5713 }, // c
    { 13, 22, 16, 1, 22, 92, 5809 }, // d
    { 13, 16, 15, 1, 16, 104, 5901 }, // e
    { 10, 23, 11, 0, 23, 53, 6005 }, // f
    { 13, 22, 16, 1, 16, 129, 6058 }, // g
    { 12, 22, 16, 2, 22, 59, 6187 }, // h
    { 3, 21, 7, 2, 21, 20, 6246 }, // i
    { 6, 27, 7, -1, 21, 36, 6266 }, // j
    { 13, 22, 15, 2, 22, 88, 6302 }, // k
    { 3, 22, 7, 2, 22, 13, 6390 }, // l
    { 22, 16, 26, 2, 16, 83, 6403 }, // m
    { 12, 16, 16, 2, 16, 49, 6486 }, // n
    { 14, 16, 16, 1, 16, 87, 6535 }, // o
    { 13, 22, 16, 2, 16, 92, 6622 }, // p
    { 13, 22, 16, 1, 16, 93, 6714 }, // q
    { 8, 16, 10, 2, 16, 34, 6807 }, // r
    { 12, 16, 15, 1, 16, 103, 6841 }, // s
    { 9, 20, 11, 1, 20, 48, 6944 }, // t
    { 12, 16, 16, 2, 16, 52, 6992 }, // u
    { 14, 16, 14, 0, 16, 104, 7044 }, // v
    { 22, 16, 22, 0, 16, 151, 7148 }, // w
    { 14, 16, 14, 0, 16, 110, 7299 }, // x
    { 14, 22, 14, 0, 16, 133, 7409 }, // y
    { 13, 16, 14, 1, 16, 69, 7542 }, // z
    { 9, 29, 10, 1, 24, 105, 7611 }, // {
    { 3, 25, 7, 2, 21, 13, 7716 }, // |
    { 9, 29, 9, 0, 24, 100, 7729 }, // }
    { 17, 6, 21, 2, 12, 65, 7829 }, // ~
    { 0, 0, 7, 0, 0, 8, 7894 }, //  
    { 3, 21, 7, 2, 16, 20, 7902 }, // ¡
    { 13, 24, 16, 1, 20, 98, 7922 }, // ¢
    { 15, 21, 17, 1, 21, 99, 8020 }, // £
    { 19, 20, 21, 1, 19, 142, 8119 }, // ¤
    { 15, 21, 15, 0, 21, 116, 8261 }, // ¥
    { 3, 25, 7, 2, 21, 19, 8377 }, // ¦
    { 15, 29, 18, 1, 21, 195, 8396 }, // §
    { 9, 3, 12, 1, 21, 21, 8591 }, // ¨
    { 20, 22, 22, 1, 22, 180, 8612 }, // ©
    { 9, 12, 13, 2, 21, 66, 8792 }, // ª
    { 12, 12, 14, 1, 14, 75, 8858 }, // «
    { 12, 7, 16, 2, 12, 25, 8933 }, // ¬
    { 7, 3, 9, 1, 11, 18, 8958 }, // ­
    { 20, 22, 22, 1, 22, 173, 8976 }, // ®
    { 10, 3, 14, 2, 22, 14, 9149 }, // ¯
    { 7, 8, 11, 2, 22, 33, 9163 }, // °
    { 14, 19, 16, 1, 19, 51, 9196 }, // ±
    { 9, 11, 11, 1, 21, 60, 9247 }, // ²
    { 9, 11, 11, 1, 21, 60, 9307 }, // ³
    { 7, 5, 9, 1, 23, 28, 9367 }, // ´
    { 12, 22, 16, 2, 16, 52, 9395 }, // µ
    { 11, 21, 14, 1, 21, 51, 9447 }, // ¶
    { 3, 3, 7, 2, 12, 14, 9498 }, // ·
    { 6, 7, 8, 1, 1, 30, 9512 }, // ¸
    { 6, 12, 11, 2, 22, 26, 9542 }, // ¹
    { 10, 11, 14, 2, 21, 52, 9568 }, // º
    { 12, 12, 14, 1, 14, 78, 9620 }, // »
    { 19, 22, 21, 1, 21, 142, 9698 }, // ¼
    { 20, 22, 23, 1, 22, 154, 9840 }, // ½
    { 20, 22, 23, 2, 21, 177, 9994 }, // ¾
    { 12, 22, 14, 1, 16, 97, 10171 }, // ¿
    { 20, 27, 20, 0, 27, 156, 10268 }, // À
    { 20, 27, 20, 0, 27, 161, 10424 }, // Á
    { 20, 27, 20, 0, 27, 158, 10585 }, // Â
    { 20, 27, 20, 0, 27, 170, 10743 }, // Ã
    { 20, 26, 20, 0, 26, 148, 10913 }, // Ä
    { 20, 28, 20, 0, 28, 178, 11061 }, // Å
    { 28, 21, 28, -1, 21, 135, 11239 }, // Æ
    { 16, 27, 19, 2, 21, 135, 11374 }, // Ç
    { 13, 27, 16, 2, 27, 62, 11509 }, // È
    { 13, 27, 16, 2, 27, 66, 11571 }, // É
    { 13, 27, 16, 2, 27, 64, 11637 }, // Ê
    { 13, 26, 16, 2, 26, 58, 11701 }, // Ë
    { 7, 27, 8, -1, 27, 35, 11759 }, // Ì
    { 7, 27, 8, 2, 27, 33, 11794 }, // Í
    { 9, 27, 8, 0, 27, 35, 11827 }, // Î
    { 9, 26, 8, 0, 26, 28, 11862 }, // Ï
    { 18, 21, 20, 0, 21, 115, 11890 }, // Ð
    { 16, 27, 20, 2, 27, 125, 12005 }, // Ñ
    { 17, 27, 20, 2, 27, 129, 12130 }, // Ò
    { 17, 27, 20, 2, 27, 130, 12259 }, // Ó
    { 17, 27, 20, 2, 27, 136, 12389 }, // Ô
    { 17, 28, 20, 2, 28, 148, 12525 }, // Õ
    { 17, 26, 20, 2, 26, 130, 12673 }, // Ö
    { 14, 15, 16, 1, 17, 97, 12803 }, // ×
    { 17, 23, 20, 2, 22, 180, 12900 }, // Ø
    { 15, 27, 19, 2, 27, 82, 13080 }, // Ù
    { 15, 27, 19, 2, 27, 86, 13162 }, // Ú
    { 15, 27, 19, 2, 27, 90, 13248 }, // Û
    { 15, 26, 19, 2, 26, 84, 13338 }, // Ü
    { 18, 27, 17, -1, 27, 125, 13422 }, // Ý
    { 14, 21, 17, 2, 21, 80, 13547 }, // Þ
    { 14, 23, 17, 2, 23, 135, 13627 }, // ß
    { 13, 22, 16, 2, 22, 133, 13762 }, // à
    { 13, 22, 16, 2, 22, 136, 13895 }, // á
    { 13, 22, 16, 2, 22, 137, 14031 }, // â
    { 13, 23, 16, 2, 23, 144, 14168 }, // ã
    { 13, 21, 16, 2, 21, 128, 14312 }, // ä
    { 13, 24, 16, 2, 24, 150, 14440 }, // å
    { 23, 16, 25, 1, 16, 160, 14590 }, // æ
    { 13, 22, 15, 1, 16, 115, 14750 }, // ç
    { 13, 22, 15, 1, 22, 121, 14865 }, // è
    { 13, 22, 15, 1, 22, 125, 14986 }, // é
    { 13, 22, 15, 1, 22, 126, 15111 }, // ê
    { 13, 21, 15, 1, 21, 114, 15237 }, // ë
    { 7, 22, 7, -2, 22, 31, 15351 }, // ì
    { 7, 22, 7, 1, 22, 27, 15382 }, // í
    { 9, 22, 7, -1, 22, 36, 15409 }, // î
    { 9, 21, 7, -1, 21, 28, 15445 }, // ï
    { 14, 23, 18, 2, 23, 148, 15473 }, // ð
    { 12, 23, 16, 2, 23, 82, 15621 }, // ñ
    { 14, 22, 16, 1, 22, 102, 15703 }, // ò
    { 14, 22, 16, 1, 22, 105, 15805 }, // ó
    { 14, 22, 16, 1, 22, 110, 15910 }, // ô
    { 14, 23, 16, 1, 23, 115, 16020 }, // õ
    { 14, 21, 16, 1, 21, 102, 16135 }, // ö
    { 14, 15, 16, 1, 18, 34, 16237 }, // ÷
    { 14, 20, 16, 1, 18, 141, 16271 }, // ø
    { 12, 22, 16, 2, 22, 69, 16412 }, // ù
    { 12, 22, 16, 2, 22, 74, 16481 }, // ú
    { 12, 22, 16, 2, 22, 78, 16555 }, // û
    { 12, 21, 16, 2, 21, 64, 16633 }, // ü
    { 14, 28, 14, 0, 22, 149, 16697 }, // ý
    { 13, 28, 17, 2, 22, 92, 16846 }, // þ
    { 14, 27, 14, 0, 21, 142, 16938 }, // ÿ
    { 20, 26, 20, 0, 26, 151, 17080 }, // Ā
    { 13, 21, 16, 2, 21, 121, 17231 }, // ā
    { 20, 26, 20, 0, 26, 167, 17352 }, // Ă
    { 13, 22, 16, 2, 22, 136, 17519 }, // ă
    { 20, 27, 20, 0, 21, 165, 17655 }, // Ą
    { 13, 22, 16, 2, 16, 144, 17820 }, // ą
    { 16, 28, 19, 2, 28, 128, 17964 }, // Ć
    { 13, 22, 15, 1, 22, 119, 18092 }, // ć
    { 16, 28, 19, 2, 28, 131, 18211 }, // Ĉ
    { 13, 22, 15, 1, 22, 119, 18342 }, // ĉ
    { 16, 27, 18, 2, 27, 116, 18461 }, // Ċ
    { 13, 21, 15, 1, 21, 104, 18577 }, // ċ
    { 16, 28, 19, 2, 28, 133, 18681 }, // Č
    { 13, 22, 15, 1, 22, 115, 18814 }, // č
    { 15, 27, 19, 2, 27, 123, 18929 }, // Ď
    { 18, 22, 19, 1, 22, 117, 19052 }, // ď
    { 18, 21, 20, 0, 21, 115, 19169 }, // Đ
    { 16, 22, 17, 1, 22, 111, 19284 }, // đ
    { 13, 26, 16, 2, 26, 53, 19395 }, // Ē
    { 13, 21, 15, 1, 21, 108, 19448 }, // ē
    { 13, 27, 16, 2, 27, 80, 19556 }, // Ĕ
    { 13, 22, 15, 1, 22, 133, 19636 }, // ĕ
    { 13, 26, 16, 2, 26, 53, 19769 }, // Ė
    { 13, 21, 15, 1, 21, 112, 19822 }, // ė
    { 13, 27, 16, 2, 21, 73, 19934 }, // Ę
    { 13, 22, 15, 1, 16, 129, 20007 }, // ę
    { 13, 27, 16, 2, 27, 64, 20136 }, // Ě
    { 13, 22, 15, 1, 22, 125, 20200 }, // ě
    { 16, 28, 20, 2, 28, 151, 20325 }, // Ĝ
    { 13, 28, 16, 1, 22, 150, 20476 }, // ĝ
    { 16, 27, 20, 2, 27, 159, 20626 }, // Ğ
    { 13, 28, 16, 1, 22, 157, 20785 }, // ğ
    { 16, 27, 20, 2, 27, 137, 20942 }, // Ġ
    { 13, 27, 16, 1, 21, 137, 21079 }, // ġ
    { 16, 29, 20, 2, 21, 153, 21216 }, // Ģ
    { 13, 31, 16, 1, 25, 153, 21369 }, // ģ
    { 16, 27, 20, 2, 27, 53, 21522 }, // Ĥ
    { 12, 27, 16, 2, 27, 82, 21575 }, // ĥ
    { 20, 21, 22, 1, 21, 46, 21657 }, // Ħ
    { 15, 22, 17, 0, 22, 74, 21703 }, // ħ
    { 10, 27, 8, -1, 27, 36, 21777 }, // Ĩ
    { 10, 23, 8, -1, 23, 41, 21813 }, // ĩ
    { 10, 26, 8, -1, 26, 21, 21854 }, // Ī
    { 10, 21, 8, -1, 21, 21, 21875 }, // ī
    { 9, 27, 8, 0, 27, 44, 21896 }, // Ĭ
    { 9, 22, 7, -1, 22, 39, 21940 }, // ĭ
    { 5, 27, 9, 1, 21, 35, 21979 }, // Į
    { 6, 27, 7, 0, 21, 42, 22014 }, // į
    { 3, 26, 8, 3, 26, 21, 22056 }, // İ
    { 3, 16, 7, 2, 16, 13, 22077 }, // ı
    { 19, 21, 24, 3, 21, 67, 22090 }, // Ĳ
    { 10, 27, 14, 2, 21, 53, 22157 }, // ĳ
    { 16, 27, 16, 1, 27, 84, 22210 }, // Ĵ
    { 10, 28, 7, -2, 22, 61, 22294 }, // ĵ
    { 16, 28, 18, 2, 21, 138, 22355 }, // Ķ
    { 13, 29, 15, 2, 22, 119, 22493 }, // ķ
    { 14, 16, 16, 2, 16, 88, 22612 }, // ĸ
    { 14, 27, 15, 1, 27, 48, 22700 }, // Ĺ
    { 7, 28, 7, 1, 28, 29, 22748 }, // ĺ
    { 13, 29, 15, 2, 21, 53, 22777 }, // Ļ
    { 4, 30, 7, 1, 22, 30, 22830 }, // ļ
    { 13, 21, 15, 2, 21, 50, 22860 }, // Ľ
    { 8, 22, 9, 2, 22, 38, 22910 }, // ľ
    { 13, 21, 15, 2, 21, 35, 22948 }, // Ŀ
    { 7, 22, 10, 2, 22, 27, 22983 }, // ŀ
    { 15, 21, 16, 1, 21, 51, 23010 }, // Ł
    { 7, 22, 9, 1, 22, 33, 23061 }, // ł
    { 16, 27, 20, 2, 27, 115, 23094 }, // Ń
    { 12, 22, 16, 2, 22, 75, 23209 }, // ń
    { 16, 29, 20, 2, 21, 123, 23284 }, // Ņ
    { 12, 24, 16, 2, 16, 77, 23407 }, // ņ
    { 16, 27, 20, 2, 27, 122, 23484 }, // Ň
    { 12, 22, 16, 2, 22, 75, 23606 }, // ň
    { 16, 23, 17, -1, 23, 80, 23681 }, // ŉ
    { 16, 27, 20, 2, 21, 121, 23761 }, // Ŋ
    { 12, 22, 16, 2, 16, 69, 23882 }, // ŋ
    { 17, 26, 20, 2, 26, 126, 23951 }, // Ō
    { 14, 21, 16, 1, 21, 95, 24077 }, // ō
    { 17, 27, 20, 2, 27, 140, 24172 }, // Ŏ
    { 14, 22, 16, 1, 22, 112, 24312 }, // ŏ
    { 17, 27, 20, 2, 27, 141, 24424 }, // Ő
    { 14, 22, 16, 1, 22, 113, 24565 }, // ő
    { 24, 21, 27, 1, 21, 91, 24678 }, // Œ
    { 24, 16, 26, 1, 16, 138, 24769 }, // œ
    { 15, 27, 17, 2, 27, 131, 24907 }, // Ŕ
    { 9, 22, 10, 2, 22, 61, 25038 }, // ŕ
    { 15, 29, 17, 2, 21, 134, 25099 }, // Ŗ
    { 9, 24, 10, 1, 16, 64, 25233 }, // ŗ
    { 15, 27, 17, 2, 27, 137, 25297 }, // Ř
    { 10, 22, 10, 1, 22, 60, 25434 }, // ř
    { 15, 27, 17, 1, 27, 155, 25494 }, // Ś
    { 12, 22, 15, 1, 22, 124, 25649 }, // ś
    { 15, 27, 17, 1, 27, 157, 25773 }, // Ŝ
    { 12, 22, 15, 1, 22, 126, 25930 }, // ŝ
    { 15, 27, 17, 1, 21, 163, 26056 }, // Ş
    { 12, 22, 15, 1, 16, 130, 26219 }, // ş
    { 15, 27, 17, 1, 27, 159, 26349 }, // Š
    { 12, 22, 15, 1, 22, 120, 26508 }, // š
    { 17, 27, 17, 0, 21, 60, 26628 }, // Ţ
    { 10, 26, 12, 1, 20, 74, 26688 }, // ţ
    { 17, 27, 17, 0, 27, 65, 26762 }, // Ť
    { 11, 25, 11, 1, 25, 79, 26827 }, // ť
    { 17, 21, 17, 0, 21, 48, 26906 }, // Ŧ
    { 9, 20, 10, 0, 20, 62, 26954 }, // ŧ
    { 15, 28, 19, 2, 28, 102, 27016 }, // Ũ
    { 12, 23, 16, 2, 23, 75, 27118 }, // ũ
    { 15, 26, 19, 2, 26, 79, 27193 }, // Ū
    { 12, 21, 16, 2, 21, 65, 27272 }, // ū
    { 15, 27, 19, 2, 27, 102, 27337 }, // Ŭ
    { 12, 22, 16, 2, 22, 83, 27439 }, // ŭ
    { 15, 28, 19, 2, 28, 94, 27522 }, // Ů
    { 12, 24, 16, 2, 24, 91, 27616 }, // ů
    { 15, 27, 19, 2, 27, 94, 27707 }, // Ű
    { 13, 22, 16, 2, 22, 86, 27801 }, // ű
    { 15, 27, 19, 2, 21, 92, 27887 }, // Ų
    { 13, 22, 16, 2, 16, 86, 27979 }, // ų
    { 26, 27, 26, 0, 27, 238, 28065 }, // Ŵ
    { 22, 22, 22, 0, 22, 181, 28303 }, // ŵ
    { 18, 27, 17, -1, 27, 124, 28484 }, // Ŷ
    { 14, 28, 14, 0, 22, 157, 28608 }, // ŷ
    { 17, 26, 17, 0, 26, 124, 28765 }, // Ÿ
    { 15, 27, 17, 1, 27, 96, 28889 }, // Ź
    { 13, 22, 14, 1, 22, 87, 28985 }, // ź
    { 15, 26, 17, 1, 26, 84, 29072 }, // Ż
    { 13, 21, 14, 1, 21, 82, 29156 }, // ż
    { 15, 27, 17, 1, 27, 102, 29238 }, // Ž
    { 13, 22, 14, 1, 22, 90, 29340 }, // ž
    { 7, 23, 7, 2, 23, 33, 29430 }, // ſ
};
const UnicodeInterval Roboto14Intervals[] = {
    { 0x20, 0x7E, 0x0 },
    { 0xA0, 0xFF, 0x5F },
    { 0x100, 0x17F, 0xBF },
};
const GFXfont Roboto14 = {
    (uint8_t*)Roboto14Bitmaps,
    (GFXglyph*)Roboto14Glyphs,
    (UnicodeInterval*)Roboto14Intervals,
    3,
    1,
    34,
    28,
    -8,
};
