#pragma once
#include "epd_driver.h"
const uint8_t Roboto8Bitmaps[15394] = {
    0x78, 0x9C, 0x03, 0x00, 0x00, 0x00, 0x00, 0x01, 0x78, 0x9C, 0xEB, 0xEF, 0x87, 0x02, 0x06, 0xA6,
    0x58, 0x00, 0x28, 0xA5, 0x05, 0x67, 0x78, 0x9C, 0xEB, 0xEF, 0xAF, 0xAF, 0x8F, 0x8F, 0xB7, 0xB7,
    0x07, 0x00, 0x11, 0x34, 0x03, 0x59, 0x78, 0x9C, 0x63, 0x48, 0xE0, 0x9C, 0xCE, 0xC0, 0x30, 0x81,
    0x3D, 0x8B, 0x81, 0xE1, 0x00, 0x8B, 0x0D, 0xC3, 0x87, 0xFF, 0xFF, 0xFF, 0xF3, 0x1B, 0x7C, 0x4D,
    0xB6, 0x67, 0x66, 0x38, 0x12, 0xC0, 0xCD, 0xC0, 0x30, 0xBD, 0x81, 0x83, 0x01, 0x28, 0xF4, 0x9F,
    0xC1, 0xB8, 0xFE, 0xB3, 0x19, 0x03, 0x83, 0xFC, 0x07, 0x06, 0x06, 0x05, 0xBE, 0x4B, 0x0C, 0x0C,
    0x0E, 0xDC, 0x4B, 0x19, 0x18, 0x00, 0x71, 0x11, 0x13, 0xDC, 0x78, 0x9C, 0x63, 0xF8, 0xC0, 0xC1,
    0xC0, 0x00, 0xC4, 0x0A, 0xBF, 0xD7, 0x33, 0x3E, 0xFC, 0xFF, 0x9F, 0xE7, 0x1B, 0xDB, 0x04, 0xFB,
    0xEF, 0x0C, 0x02, 0xF9, 0x9F, 0x59, 0x19, 0x18, 0x0B, 0xE6, 0xB3, 0x30, 0x30, 0x34, 0xDD, 0x63,
    0x66, 0x60, 0x98, 0xA0, 0xEF, 0xCE, 0x20, 0x50, 0xBF, 0x97, 0x41, 0x21, 0xFF, 0x7B, 0xD4, 0x73,
    0xF9, 0x84, 0xBF, 0xFB, 0x99, 0x41, 0x7A, 0x18, 0x1A, 0x58, 0x18, 0x00, 0xF7, 0x5B, 0x16, 0x2A,
    0x78, 0x9C, 0x3B, 0x7C, 0x9E, 0x89, 0x81, 0x81, 0xE1, 0xEE, 0x15, 0x5E, 0x05, 0x46, 0x86, 0xFE,
    0x06, 0xFE, 0x0B, 0x2C, 0x0C, 0xFB, 0x36, 0xF2, 0xCD, 0x60, 0x60, 0xF8, 0xFA, 0xDF, 0x94, 0x17,
    0x28, 0xC1, 0x74, 0x80, 0x05, 0x48, 0x32, 0x4C, 0x7F, 0xB6, 0x9F, 0x91, 0x41, 0xC1, 0x77, 0xFE,
    0x13, 0x6E, 0x86, 0x03, 0xC5, 0xFC, 0x0D, 0xFC, 0x0C, 0xED, 0x05, 0x20, 0x92, 0xD5, 0x60, 0xFE,
    0x53, 0x6E, 0xA0, 0x34, 0x50, 0x16, 0x00, 0x24, 0x87, 0x15, 0x7F, 0x78, 0x9C, 0x01, 0x3C, 0x00,
    0xC3, 0xFF, 0x10, 0xFA, 0xAF, 0x01, 0x00, 0xA0, 0x6F, 0xE5, 0x0B, 0x00, 0xF0, 0x09, 0x80, 0x0F,
    0x00, 0xE0, 0x0B, 0xD1, 0x0B, 0x00, 0x60, 0x8F, 0xCE, 0x01, 0x00, 0x00, 0xFF, 0x0B, 0x00, 0x00,
    0xC0, 0xFF, 0x1D, 0x00, 0x00, 0xEA, 0x21, 0xCE, 0x80, 0x0F, 0x8F, 0x00, 0xF3, 0xDA, 0x0C, 0xBE,
    0x00, 0x50, 0xFF, 0x05, 0xF6, 0x49, 0xB5, 0xFF, 0x06, 0x50, 0xFC, 0xCF, 0xA5, 0x4F, 0xA9, 0xE7,
    0x18, 0x97, 0x78, 0x9C, 0xEB, 0xEF, 0xEF, 0xEF, 0x07, 0x00, 0x05, 0x9A, 0x02, 0x3D, 0x78, 0x9C,
    0x63, 0x50, 0x60, 0x60, 0x78, 0xCC, 0x24, 0x90, 0xC7, 0x30, 0x81, 0x87, 0xE1, 0x23, 0x0B, 0xC3,
    0x77, 0x06, 0x86, 0xDD, 0x0C, 0x0C, 0xF3, 0x18, 0x18, 0xFA, 0xC1, 0xA8, 0x8F, 0x81, 0x61, 0x0D,
    0x03, 0xC3, 0x4D, 0x06, 0x86, 0x2F, 0x4C, 0x0C, 0x17, 0x38, 0x18, 0x1C, 0xE4, 0x19, 0x18, 0x4E,
    0x30, 0x32, 0x14, 0x30, 0x02, 0x00, 0x4D, 0xB2, 0x0B, 0xFD, 0x78, 0x9C, 0x63, 0x62, 0x60, 0x58,
    0xC9, 0xC0, 0x70, 0x81, 0x9D, 0xC1, 0x41, 0x9F, 0x81, 0x61, 0x2E, 0x03, 0xC3, 0x73, 0x06, 0x86,
    0xCF, 0xCC, 0x0C, 0x1F, 0xD9, 0x18, 0x3E, 0xB0, 0x83, 0x11, 0x1B, 0xC3, 0x27, 0x16, 0x86, 0xAF,
    0x8C, 0x0C, 0xA7, 0x18, 0x04, 0xE2, 0x19, 0x26, 0xF0, 0x30, 0x3C, 0x65, 0x64, 0x50, 0x67, 0x60,
    0x00, 0x00, 0x63, 0xAA, 0x0D, 0x15, 0x78, 0x9C, 0x63, 0xF8, 0xC0, 0xC1, 0xC0, 0x00, 0xC4, 0x3B,
    0xBF, 0x76, 0xCA, 0x36, 0xFF, 0xDD, 0xCF, 0xC6, 0x70, 0xC7, 0x9E, 0xA1, 0x41, 0xEE, 0x16, 0x43,
    0x01, 0xCB, 0x42, 0x46, 0x00, 0x97, 0x58, 0x0A, 0x33, 0x78, 0x9C, 0x63, 0x60, 0x88, 0x66, 0x00,
    0x82, 0x7E, 0x64, 0xE2, 0xCB, 0xFF, 0xFF, 0xFF, 0x79, 0x1C, 0x5D, 0xCE, 0xBB, 0x30, 0xA3, 0x49,
    0x30, 0x30, 0xA8, 0x30, 0x30, 0x00, 0x00, 0xFE, 0x0A, 0x09, 0x72, 0x78, 0x9C, 0xFB, 0xC0, 0xF1,
    0x81, 0xFD, 0x0B, 0xF3, 0x4A, 0x06, 0x06, 0x06, 0x00, 0x19, 0xCE, 0x03, 0x90, 0x78, 0x9C, 0x63,
    0x60, 0xF8, 0xFF, 0xDF, 0xD8, 0x18, 0x00, 0x07, 0x98, 0x02, 0x65, 0x78, 0x9C, 0x63, 0x8A, 0x05,
    0x00, 0x00, 0x63, 0x00, 0x60, 0x78, 0x9C, 0x63, 0x60, 0xF8, 0xC8, 0xCC, 0xC0, 0x70, 0x9D, 0x81,
    0x81, 0xA1, 0x96, 0x81, 0xC1, 0x40, 0x9E, 0x81, 0x61, 0x02, 0x17, 0x03, 0xC3, 0x07, 0x16, 0x06,
    0x86, 0xA7, 0x40, 0xA1, 0x1E, 0x06, 0x06, 0x05, 0x7D, 0x06, 0x86, 0x06, 0x1E, 0x06, 0x86, 0x07,
    0x6C, 0x0C, 0x0C, 0x5F, 0x80, 0x42, 0xAB, 0x80, 0x18, 0x00, 0xF1, 0xE9, 0x08, 0xF6, 0x78, 0x9C,
    0x0B, 0xF8, 0x3B, 0x8F, 0xE1, 0xB3, 0xF7, 0x33, 0xEE, 0x5B, 0x0C, 0x09, 0xFA, 0xF3, 0x18, 0x04,
    0xF2, 0xFB, 0x19, 0x18, 0xEA, 0x91, 0x31, 0x50, 0x2C, 0xFE, 0x25, 0x50, 0xEE, 0xB3, 0xD7, 0x37,
    0x6E, 0x87, 0x3F, 0xF3, 0x18, 0x00, 0xB2, 0x1F, 0x11, 0x76, 0x78, 0x9C, 0x63, 0xD8, 0xCA, 0xFE,
    0xE2, 0x3F, 0x47, 0xED, 0x47, 0x0E, 0x86, 0x0F, 0x38, 0x11, 0x00, 0xFD, 0x2C, 0x0C, 0xDA, 0x78,
    0x9C, 0x0B, 0xF8, 0xDB, 0xC7, 0xF0, 0xD5, 0xF3, 0x07, 0xC7, 0x59, 0x86, 0x0D, 0x7C, 0x91, 0x0C,
    0x0D, 0xFC, 0x0C, 0x0C, 0x07, 0xB8, 0x19, 0x18, 0xBE, 0x31, 0x33, 0x18, 0xCC, 0x67, 0x60, 0x78,
    0xC4, 0xC3, 0x20, 0x70, 0x97, 0x91, 0x61, 0x83, 0x1E, 0x03, 0xC3, 0x2F, 0x73, 0x63, 0xE3, 0xFF,
    0x40, 0x00, 0x00, 0x95, 0x7F, 0x11, 0x6D, 0x78, 0x9C, 0x01, 0x30, 0x00, 0xCF, 0xFF, 0x70, 0xFD,
    0x8E, 0x00, 0xF8, 0x48, 0xF7, 0x09, 0xAE, 0x00, 0xA0, 0x0E, 0x00, 0x00, 0x90, 0x0E, 0x00, 0x21,
    0xF6, 0x06, 0x00, 0xFF, 0xAF, 0x00, 0x00, 0x31, 0xF7, 0x06, 0x00, 0x00, 0xA0, 0x0D, 0x36, 0x00,
    0x80, 0x0F, 0xBE, 0x00, 0xB0, 0x0D, 0xF6, 0x48, 0xF8, 0x05, 0x60, 0xFD, 0x6D, 0x00, 0xAC, 0x73,
    0x11, 0x21, 0x78, 0x9C, 0x63, 0x60, 0x48, 0xE8, 0x67, 0x60, 0x60, 0xF8, 0x08, 0x22, 0x76, 0x03,
    0x89, 0x00, 0x7D, 0x20, 0xF1, 0x90, 0x1D, 0x48, 0x9C, 0x62, 0xE8, 0x67, 0x08, 0xB0, 0x07, 0x12,
    0x0F, 0x39, 0x80, 0xC4, 0xF7, 0xFF, 0xFF, 0xFF, 0xEB, 0x1B, 0x1A, 0x1B, 0xEF, 0x67, 0x06, 0x2A,
    0x04, 0x29, 0x06, 0x12, 0x00, 0xF8, 0xEC, 0x10, 0xC8, 0x78, 0x9C, 0xFB, 0xF0, 0xFF, 0xBF, 0xFE,
    0x47, 0x73, 0x63, 0xE6, 0x4F, 0xCC, 0x0C, 0x0C, 0x5F, 0x18, 0x19, 0x18, 0xBE, 0xFD, 0x5E, 0xCF,
    0xF8, 0xD4, 0xFC, 0x1B, 0x0F, 0x03, 0x43, 0x80, 0x3D, 0x03, 0x83, 0x40, 0xBE, 0x29, 0x10, 0x9F,
    0x06, 0xB2, 0xBF, 0x78, 0x3D, 0xE3, 0x71, 0xF8, 0x33, 0x8F, 0x01, 0x00, 0xE2, 0xD2, 0x12, 0x4B,
    0x78, 0x9C, 0x01, 0x30, 0x00, 0xCF, 0xFF, 0x00, 0xA3, 0xCE, 0x00, 0x50, 0xBF, 0x36, 0x00, 0xF1,
    0x09, 0x00, 0x00, 0xF8, 0x00, 0x00, 0x00, 0xBC, 0xE9, 0xAF, 0x01, 0xFE, 0x4A, 0xE6, 0x0C, 0xFF,
    0x00, 0x50, 0x4F, 0xBF, 0x00, 0x00, 0x6F, 0xAD, 0x00, 0x10, 0x6F, 0xE9, 0x00, 0x50, 0x3F, 0xE1,
    0x5C, 0xE6, 0x0B, 0x20, 0xFB, 0x9E, 0x00, 0xB9, 0x34, 0x12, 0x8F, 0x78, 0x9C, 0xFB, 0xFF, 0xFF,
    0xFF, 0x7F, 0x63, 0x63, 0xE3, 0xBD, 0x0C, 0x0C, 0x0A, 0xFE, 0x0C, 0x0C, 0x0B, 0x78, 0x19, 0x18,
    0x3E, 0xB2, 0x31, 0x30, 0xBC, 0x60, 0x60, 0x60, 0xE8, 0x63, 0x60, 0x28, 0x90, 0x67, 0x60, 0x78,
    0xC0, 0xC5, 0xC0, 0xF0, 0x95, 0x99, 0x81, 0xE1, 0x0C, 0x03, 0x83, 0x43, 0x3C, 0x03, 0x03, 0x00,
    0x83, 0xC5, 0x0C, 0xB8, 0x78, 0x9C, 0x33, 0xF8, 0xD3, 0xC7, 0xF0, 0xD1, 0xE7, 0x3B, 0xC7, 0x37,
    0xC6, 0x09, 0x7C, 0xDF, 0x19, 0x27, 0xF0, 0x7F, 0xF2, 0xF9, 0xCE, 0xB5, 0xE1, 0xFF, 0x7F, 0xA6,
    0xAF, 0x59, 0xCF, 0x79, 0xF7, 0x32, 0x18, 0xC4, 0xF7, 0x33, 0x30, 0xD4, 0x83, 0xE8, 0x6F, 0x9E,
    0x4F, 0x79, 0x03, 0xFE, 0xAC, 0x63, 0x04, 0x00, 0x34, 0xF5, 0x16, 0x37, 0x78, 0x9C, 0x33, 0xF8,
    0xD3, 0xC7, 0xF0, 0xD9, 0xFB, 0x07, 0xE7, 0x6D, 0x86, 0x06, 0xF9, 0x79, 0x0C, 0x0A, 0xF1, 0xFD,
    0x0C, 0x0C, 0xF5, 0x67, 0x18, 0x14, 0xEA, 0xBF, 0x89, 0x5F, 0xCE, 0x6F, 0xF8, 0x5F, 0xEF, 0xCF,
    0xA0, 0x18, 0x20, 0xCF, 0xC0, 0x70, 0x81, 0x4B, 0xA0, 0xE4, 0x1E, 0xA3, 0xC3, 0x7D, 0x0E, 0x06,
    0x00, 0xD4, 0x8F, 0x11, 0x9A, 0x78, 0x9C, 0x8B, 0x65, 0x62, 0x00, 0x01, 0xA6, 0x58, 0x00, 0x03,
    0xBF, 0x00, 0xBF, 0x78, 0x9C, 0xBB, 0xC0, 0xAA, 0xC0, 0x00, 0x03, 0x0E, 0x4C, 0x1F, 0xD8, 0x3F,
    0xB0, 0x7D, 0x66, 0x6A, 0x61, 0x00, 0x00, 0x29, 0xBA, 0x04, 0x9E, 0x78, 0x9C, 0x63, 0x60, 0x28,
    0x64, 0x63, 0x68, 0xFC, 0xCF, 0x3A, 0xE9, 0xBD, 0x38, 0xC3, 0x7F, 0x56, 0x06, 0x86, 0x1F, 0xB5,
    0x8C, 0x0C, 0x02, 0xCF, 0xE7, 0x33, 0x31, 0x30, 0x3C, 0xE7, 0x60, 0x60, 0x60, 0x60, 0x02, 0x00,
    0x9C, 0xE2, 0x08, 0x98, 0x78, 0x9C, 0x63, 0x60, 0x60, 0x60, 0xF8, 0xFF, 0xFF, 0x3F, 0xBF, 0xB1,
    0xB1, 0x31, 0x33, 0x03, 0x12, 0x1B, 0x00, 0x5A, 0x00, 0x07, 0x51, 0x78, 0x9C, 0x8B, 0x61, 0x60,
    0x60, 0xF8, 0x93, 0xCB, 0xC0, 0xA0, 0xF0, 0xA2, 0x9F, 0x91, 0x81, 0xE1, 0x2B, 0x3F, 0x43, 0xD3,
    0x3B, 0x8E, 0xA3, 0xF7, 0xD9, 0x18, 0xF6, 0xB3, 0x30, 0x30, 0x30, 0x01, 0xE5, 0x00, 0x97, 0x52,
    0x08, 0x49, 0x78, 0x9C, 0x33, 0xF8, 0xBD, 0x9F, 0xF9, 0x63, 0xEC, 0x51, 0xF9, 0x6F, 0xCC, 0x0A,
    0xF9, 0x0C, 0x0C, 0x02, 0xF5, 0x0C, 0x0C, 0x05, 0xF6, 0x0C, 0x0C, 0x5F, 0x39, 0x18, 0x0C, 0xD6,
    0x33, 0x30, 0x1C, 0xE0, 0x65, 0x60, 0xF8, 0xC0, 0xC1, 0x00, 0x06, 0x0A, 0x40, 0x7C, 0x81, 0x95,
    0x01, 0x00, 0x68, 0xFB, 0x0B, 0x7C, 0x78, 0x9C, 0x63, 0x10, 0xB8, 0xF1, 0x7F, 0x2E, 0x13, 0x03,
    0xC3, 0xD7, 0x5A, 0x97, 0xEB, 0xF1, 0x0C, 0x0E, 0xF3, 0x19, 0x18, 0x18, 0x7E, 0x32, 0x3F, 0xE0,
    0x0E, 0xF8, 0x27, 0x75, 0x81, 0xFB, 0x2B, 0xD3, 0x17, 0xF7, 0xFC, 0x02, 0xF9, 0xD3, 0x0C, 0x73,
    0x18, 0xEC, 0x14, 0xFC, 0xE7, 0x29, 0xD8, 0x33, 0xE8, 0x0B, 0xE4, 0xF7, 0x07, 0xF0, 0x0B, 0xC8,
    0x33, 0xD4, 0xCF, 0x4B, 0xE0, 0x35, 0xE0, 0x17, 0xC8, 0x5F, 0x9B, 0xC0, 0xD7, 0xC0, 0x1F, 0xA0,
    0xFF, 0x4A, 0xC1, 0xFF, 0xA0, 0xFD, 0x25, 0xAE, 0x2F, 0xAC, 0xDF, 0x75, 0x9E, 0xCD, 0x67, 0xD8,
    0x60, 0xCF, 0x00, 0x06, 0x7F, 0x22, 0x43, 0x24, 0x80, 0x54, 0xC2, 0x9F, 0xFB, 0x92, 0x0C, 0x0C,
    0x00, 0x95, 0xFF, 0x22, 0xD3, 0x78, 0x9C, 0x63, 0x60, 0xF8, 0xC1, 0xCE, 0x00, 0x04, 0xFF, 0x78,
    0x81, 0x84, 0xC3, 0x79, 0x7B, 0x20, 0xB9, 0x40, 0x7E, 0x3E, 0x90, 0xFC, 0xC8, 0xF9, 0x0B, 0x48,
    0x7E, 0x67, 0xFE, 0xC2, 0xCA, 0xC0, 0x70, 0x97, 0xE1, 0x01, 0x37, 0x83, 0x41, 0x3D, 0x43, 0x83,
    0x3E, 0xC3, 0x84, 0xFF, 0xFF, 0xFF, 0xF7, 0x33, 0x7C, 0xB0, 0x35, 0x36, 0x7E, 0xCF, 0xF0, 0x8D,
    0x99, 0x81, 0xE1, 0x2B, 0xCB, 0x1D, 0xA0, 0xB2, 0x0F, 0x5C, 0x00, 0xC3, 0x27, 0x16, 0x2A, 0x78,
    0x9C, 0xFB, 0xFF, 0x7F, 0x1F, 0xF3, 0x7C, 0xE3, 0xAD, 0xF2, 0xFD, 0x0C, 0x0A, 0xF9, 0xFD, 0x0C,
    0x02, 0xF5, 0xFD, 0x0C, 0x8B, 0xE4, 0xFE, 0xFF, 0xFF, 0xCF, 0xB2, 0x3F, 0xAD, 0xC5, 0xBF, 0x9F,
    0x81, 0xE1, 0x36, 0x10, 0xFF, 0x00, 0xD1, 0xEB, 0x8D, 0xA7, 0xE4, 0xFF, 0xFF, 0x7F, 0x9E, 0x15,
    0x00, 0x12, 0xE2, 0x15, 0xFC, 0x78, 0x9C, 0x63, 0xB8, 0xFE, 0x5E, 0x8B, 0x61, 0x41, 0x7D, 0xC8,
    0x1F, 0xA6, 0xAF, 0x2C, 0x0C, 0x0F, 0xB8, 0x4E, 0x33, 0x30, 0x4C, 0xE0, 0x9D, 0xC7, 0x00, 0x04,
    0xFD, 0x70, 0x02, 0xCC, 0x05, 0x4A, 0x34, 0xF0, 0x7E, 0x03, 0x29, 0xD9, 0x00, 0x52, 0xCC, 0x00,
    0xD2, 0x06, 0x00, 0x27, 0x06, 0x11, 0xB4, 0x78, 0x9C, 0xFB, 0xFF, 0xBF, 0x97, 0x91, 0x61, 0xBF,
    0xF3, 0x35, 0x39, 0x86, 0x7E, 0x06, 0x81, 0xBD, 0x40, 0x82, 0xE1, 0x2B, 0x13, 0x90, 0xF8, 0xC4,
    0x06, 0x24, 0x3E, 0xB0, 0xC3, 0x88, 0x8F, 0x20, 0xEE, 0x37, 0xA0, 0x84, 0xC0, 0x3E, 0xA0, 0xE2,
    0xE7, 0xB2, 0x0C, 0xFF, 0x41, 0xDA, 0x00, 0x88, 0x99, 0x14, 0xF4, 0x78, 0x9C, 0xFB, 0xFF, 0xFF,
    0x7F, 0xFE, 0x7A, 0x63, 0x63, 0xE1, 0x7E, 0x06, 0x06, 0x06, 0x18, 0xFE, 0xFF, 0xFF, 0x3F, 0x17,
    0x50, 0x8C, 0x09, 0x59, 0x0C, 0xA4, 0x06, 0x28, 0x5E, 0x0F, 0x00, 0xA6, 0x7D, 0x10, 0xB1, 0x78,
    0x9C, 0xFB, 0xFF, 0xFF, 0xBF, 0xFF, 0x7E, 0x63, 0x63, 0xE6, 0x7E, 0x06, 0x06, 0x06, 0x64, 0xFC,
    0xFF, 0xFF, 0x7F, 0xF6, 0xF5, 0xC6, 0xC6, 0x8C, 0xE8, 0xE2, 0x00, 0x89, 0x8D, 0x0D, 0x07, 0x78,
    0x9C, 0x63, 0xB8, 0xF1, 0x5E, 0x8B, 0xE1, 0x40, 0x7D, 0xC8, 0x1F, 0xA6, 0x6F, 0x2C, 0x0C, 0x0F,
    0xB8, 0xCF, 0x30, 0x30, 0x04, 0x70, 0xCC, 0x63, 0x00, 0x82, 0x7E, 0x08, 0xF1, 0xE5, 0x3F, 0xFF,
    0x3A, 0x06, 0x83, 0xC9, 0xFC, 0xB7, 0x19, 0x18, 0x1A, 0xF8, 0xBF, 0xB2, 0x01, 0x89, 0x05, 0xFD,
    0x2E, 0xDF, 0x79, 0x18, 0x8E, 0xFD, 0xAF, 0x65, 0x00, 0x00, 0x6B, 0x78, 0x14, 0x76, 0x78, 0x9C,
    0xEB, 0x67, 0x60, 0x68, 0xE0, 0xEF, 0xC7, 0x42, 0xFC, 0x07, 0x02, 0xFE, 0xF5, 0xC6, 0xC6, 0x8B,
    0xB1, 0xCA, 0x82, 0x09, 0x00, 0x13, 0xF7, 0x10, 0xFF, 0x78, 0x9C, 0xEB, 0xEF, 0x47, 0x00, 0x00,
    0x2B, 0x9E, 0x06, 0xB5, 0x78, 0x9C, 0x63, 0x60, 0x60, 0xE8, 0x67, 0xC0, 0x83, 0xCD, 0x18, 0x18,
    0xEA, 0xD7, 0x31, 0x18, 0xC4, 0x7F, 0xF7, 0x7C, 0xCA, 0x5B, 0xF0, 0x77, 0x1D, 0x23, 0x00, 0xB7,
    0x54, 0x0A, 0xB9, 0x78, 0x9C, 0xEB, 0x67, 0x60, 0xF8, 0xC5, 0xDC, 0xCF, 0xD0, 0x10, 0xCF, 0xD0,
    0xCF, 0xF0, 0x9D, 0x9D, 0xA1, 0x3F, 0x60, 0x3E, 0x03, 0x43, 0xFF, 0x67, 0x2E, 0x06, 0x86, 0xF5,
    0xFF, 0x99, 0x19, 0x18, 0xFE, 0xFF, 0xE3, 0x05, 0x12, 0x86, 0xEB, 0x19, 0x18, 0xE6, 0x33, 0x7C,
    0x67, 0x03, 0x2A, 0xD9, 0xA0, 0x0F, 0x24, 0x04, 0xEE, 0x01, 0x09, 0x86, 0xCF, 0x5C, 0x00, 0x56,
    0xBF, 0x13, 0x3F, 0x78, 0x9C, 0xEB, 0x67, 0x60, 0x60, 0xE8, 0x27, 0x02, 0xAF, 0x37, 0x36, 0x66,
    0xFE, 0xFF, 0xFF, 0xBF, 0x3C, 0x00, 0xB8, 0xF8, 0x09, 0xCB, 0x78, 0x9C, 0xFB, 0xCF, 0xC2, 0xC0,
    0xE0, 0xF0, 0xFF, 0x3F, 0x17, 0x03, 0xC3, 0x82, 0xFF, 0xFF, 0xE5, 0x19, 0x18, 0x3E, 0xFE, 0x9F,
    0x5F, 0xCF, 0xC0, 0xF0, 0xFD, 0x67, 0xFF, 0x2B, 0x06, 0x86, 0xB5, 0x3F, 0xFA, 0xBF, 0xB0, 0x38,
    0xF8, 0xFF, 0xE8, 0xBF, 0xC0, 0xBD, 0x80, 0xF7, 0x47, 0x7F, 0x81, 0xFC, 0x47, 0xF6, 0x1F, 0xFD,
    0x02, 0xF5, 0xDF, 0x19, 0x7F, 0xF4, 0x33, 0xBC, 0x5A, 0xCB, 0x00, 0x24, 0x3F, 0xDB, 0x83, 0xC8,
    0x03, 0xBC, 0x0C, 0x3F, 0x00, 0xDE, 0xB9, 0x22, 0x89, 0x78, 0x9C, 0x3B, 0xCF, 0xC0, 0xD0, 0xC0,
    0xFF, 0x9F, 0x1D, 0x44, 0xE8, 0x03, 0x89, 0xF9, 0xE7, 0x80, 0x44, 0xFF, 0x57, 0x36, 0x20, 0xB1,
    0x41, 0x1E, 0x48, 0x28, 0xEC, 0x07, 0x12, 0x0C, 0xDF, 0x5A, 0x81, 0xC4, 0x81, 0x79, 0x40, 0x42,
    0xE1, 0x3F, 0x90, 0x60, 0xF8, 0x01, 0x22, 0x2E, 0xF0, 0x03, 0x00, 0x98, 0x7B, 0x15, 0x86, 0x78,
    0x9C, 0x63, 0xB8, 0xF6, 0x5E, 0x8B, 0x61, 0x42, 0x7F, 0xC8, 0x1F, 0xE6, 0x2F, 0xAC, 0x0C, 0x07,
    0x78, 0x6E, 0x33, 0x30, 0x04, 0xD8, 0xAF, 0x63, 0x60, 0x50, 0xC8, 0xEF, 0x67, 0x60, 0x60, 0xA8,
    0x07, 0x13, 0x60, 0x2E, 0x58, 0x02, 0xA4, 0x84, 0x17, 0xAC, 0x98, 0x01, 0xA4, 0x0D, 0x00, 0x61,
    0x3C, 0x13, 0xB8, 0x78, 0x9C, 0xFB, 0xFF, 0xFF, 0x3E, 0x07, 0xC3, 0x7C, 0xE3, 0x92, 0x73, 0x0C,
    0xFD, 0x0C, 0x0C, 0x5F, 0x58, 0x80, 0xC4, 0x07, 0x76, 0x20, 0xF1, 0x89, 0xAD, 0x9F, 0xC1, 0xE0,
    0x0D, 0xE3, 0xFF, 0xFF, 0xFF, 0x6D, 0x18, 0xD6, 0x1B, 0x0B, 0x31, 0x80, 0x64, 0x31, 0x08, 0x00,
    0xA6, 0xFA, 0x11, 0xA3, 0x78, 0x9C, 0x63, 0xB8, 0xF6, 0x5E, 0x8B, 0x61, 0x42, 0x7F, 0xC8, 0x1F,
    0xE6, 0x2F, 0xAC, 0x0C, 0x07, 0x78, 0x6F, 0x33, 0x30, 0x04, 0xD8, 0xAF, 0x63, 0x60, 0x50, 0xC8,
    0xEF, 0x67, 0x60, 0x60, 0xA8, 0x07, 0x13, 0x60, 0x2E, 0x58, 0x02, 0xAC, 0x04, 0xA8, 0xF8, 0x3F,
    0x33, 0xC3, 0xB5, 0xFF, 0xEF, 0x19, 0x81, 0x92, 0x4F, 0xF4, 0x80, 0x84, 0x82, 0x14, 0x00, 0x38,
    0xA7, 0x15, 0xDE, 0x78, 0x9C, 0xFB, 0xFF, 0xFF, 0x3C, 0x2B, 0xC3, 0x7C, 0xE3, 0x25, 0xF1, 0x0C,
    0xFD, 0x0C, 0x0C, 0x77, 0x40, 0xC4, 0x0F, 0x10, 0x71, 0x0B, 0x48, 0x14, 0xD6, 0x33, 0xFC, 0xFF,
    0xFF, 0x9F, 0x8D, 0x61, 0xBD, 0xF1, 0x1F, 0x46, 0x20, 0xF7, 0x23, 0x17, 0x90, 0x28, 0xD0, 0x07,
    0xC9, 0xEE, 0x03, 0x11, 0x5F, 0x59, 0x00, 0xB7, 0x80, 0x14, 0xF1, 0x78, 0x9C, 0x13, 0xB8, 0x79,
    0x9F, 0x83, 0xE1, 0x42, 0x6C, 0xCA, 0x39, 0x86, 0x6F, 0x4C, 0x0C, 0x9F, 0x59, 0xBE, 0x33, 0x32,
    0x34, 0x30, 0x7F, 0xD2, 0x61, 0x60, 0x60, 0x70, 0xF8, 0x57, 0xCB, 0xC8, 0xC0, 0x10, 0xF0, 0x3B,
    0x1E, 0xC8, 0x16, 0xF8, 0xCD, 0xE4, 0xC1, 0xC0, 0xF0, 0x91, 0xED, 0x2C, 0x03, 0xC3, 0x27, 0xB6,
    0xCF, 0xD1, 0x29, 0x6F, 0x19, 0x15, 0x5E, 0xDD, 0x97, 0x64, 0x00, 0x00, 0x80, 0x13, 0x14, 0xD1,
    0x78, 0x9C, 0xFB, 0xF3, 0xFF, 0xFF, 0xFF, 0x78, 0x23, 0xE3, 0xFD, 0xC6, 0xC2, 0x0C, 0x0C, 0xFD,
    0x0C, 0x0C, 0x24, 0x11, 0x00, 0xD7, 0x16, 0x0B, 0x59, 0x78, 0x9C, 0xEB, 0x67, 0x60, 0xF8, 0xC0,
    0xD1, 0x4F, 0x1C, 0xC1, 0x7E, 0x9B, 0x81, 0xE1, 0x2B, 0xF3, 0xE7, 0xE8, 0x92, 0xF5, 0x0C, 0x06,
    0xAF, 0xEF, 0xB3, 0x33, 0x00, 0x00, 0x40, 0x85, 0x14, 0x04, 0x78, 0x9C, 0xFB, 0xC9, 0xC8, 0xC0,
    0xF0, 0x9D, 0xF9, 0x33, 0x3B, 0x03, 0xC3, 0x5D, 0x86, 0x0B, 0x3C, 0x0C, 0x0A, 0xF5, 0x0C, 0x05,
    0xFA, 0x0C, 0x0D, 0xF2, 0x20, 0xC6, 0x05, 0x6E, 0x06, 0x86, 0x33, 0x0C, 0x9F, 0xD9, 0x18, 0x18,
    0xBE, 0x31, 0xFD, 0x60, 0x60, 0x60, 0xF8, 0xC8, 0xBE, 0x0E, 0x48, 0x2E, 0xB0, 0xF5, 0x07, 0x92,
    0x0E, 0xFB, 0xF9, 0x80, 0x24, 0xC3, 0x3F, 0x0E, 0x10, 0xF9, 0x8B, 0x89, 0x81, 0x01, 0x00, 0xCA,
    0x42, 0x11, 0x95, 0x78, 0x9C, 0x01, 0x60, 0x00, 0x9F, 0xFF, 0xF6, 0x02, 0x00, 0xF4, 0x04, 0x00,
    0xF4, 0x05, 0xF2, 0x06, 0x00, 0xF9, 0x09, 0x00, 0xF7, 0x01, 0xE0, 0x0A, 0x00, 0xED, 0x0D, 0x00,
    0xDB, 0x00, 0xA0, 0x0D, 0x20, 0x7F, 0x1F, 0x00, 0x9E, 0x00, 0x60, 0x1F, 0x60, 0x0F, 0x6E, 0x20,
    0x5F, 0x00, 0x20, 0x5F, 0xB0, 0x0A, 0xAA, 0x50, 0x1F, 0x00, 0x00, 0x8E, 0xF0, 0x06, 0xE6, 0x90,
    0x0E, 0x00, 0x00, 0xCB, 0xF4, 0x01, 0xF1, 0xD3, 0x0A, 0x00, 0x00, 0xF7, 0xC8, 0x00, 0xD0, 0xF7,
    0x06, 0x00, 0x00, 0xF3, 0x8E, 0x00, 0x80, 0xFD, 0x02, 0x00, 0x00, 0xF0, 0x3F, 0x00, 0x40, 0xEF,
    0x00, 0x00, 0x00, 0xF0, 0x0F, 0x00, 0x00, 0xDF, 0x00, 0x00, 0x2F, 0x98, 0x20, 0x2F, 0x78, 0x9C,
    0xFB, 0xC4, 0xCD, 0x60, 0x30, 0x9F, 0xA1, 0x20, 0x9E, 0xE1, 0x82, 0x1C, 0x03, 0xC3, 0x5B, 0x86,
    0xEF, 0xAC, 0x0C, 0x0C, 0x9F, 0x25, 0xF7, 0x33, 0x30, 0x30, 0x4C, 0x38, 0x2F, 0x0F, 0x24, 0x05,
    0xFE, 0xB1, 0x83, 0xC8, 0xFF, 0x1C, 0x40, 0x72, 0xC1, 0x7E, 0x7D, 0x20, 0xF9, 0x55, 0xE2, 0x1C,
    0x90, 0xBC, 0xC7, 0xF0, 0x8D, 0x8D, 0x61, 0x82, 0x3F, 0xC3, 0x01, 0x79, 0x86, 0xCF, 0x5C, 0x0C,
    0x0A, 0xFB, 0x19, 0x00, 0xDB, 0xD1, 0x13, 0xC5, 0x78, 0x9C, 0x3B, 0xC0, 0xC7, 0xC0, 0xF0, 0x9D,
    0xC5, 0xA1, 0x9E, 0x81, 0xE1, 0x1C, 0x03, 0xC3, 0x6B, 0x86, 0x02, 0x7B, 0x06, 0x86, 0xCF, 0xEC,
    0x0F, 0xB8, 0x18, 0x18, 0x16, 0xF0, 0x7D, 0x67, 0x62, 0x60, 0x10, 0xE8, 0x9F, 0xC7, 0x00, 0x04,
    0x3F, 0xE4, 0x41, 0xE4, 0x47, 0x4E, 0x10, 0xF9, 0x81, 0x03, 0x1B, 0x09, 0x00, 0x8D, 0xE2, 0x0F,
    0xAA, 0x78, 0x9C, 0xFB, 0xFF, 0xFF, 0xFF, 0x7F, 0x2E, 0x63, 0x63, 0xE3, 0x9F, 0x6C, 0x0C, 0x0C,
    0x0A, 0xFB, 0x19, 0x18, 0x18, 0x0E, 0xC8, 0x03, 0x89, 0xEF, 0x40, 0x9E, 0x01, 0x88, 0x77, 0x01,
    0xC4, 0x03, 0xC9, 0x05, 0x80, 0x78, 0x0F, 0xE5, 0x80, 0xC4, 0x6F, 0x4B, 0x63, 0x63, 0x66, 0xA0,
    0xAE, 0xFF, 0xFC, 0x00, 0x45, 0x8F, 0x12, 0xED, 0x78, 0x9C, 0x63, 0x60, 0xF8, 0xCF, 0x3F, 0x9F,
    0xB9, 0x9F, 0x01, 0x17, 0xFC, 0xCF, 0x6F, 0xCC, 0x0C, 0x00, 0xBF, 0x76, 0x0A, 0x38, 0x78, 0x9C,
    0x7B, 0xCE, 0xC0, 0xC0, 0xF0, 0x91, 0x95, 0x81, 0x61, 0x03, 0x37, 0x03, 0x43, 0x80, 0x3C, 0x90,
    0x53, 0x07, 0xC4, 0x37, 0x81, 0xF8, 0x33, 0x33, 0x03, 0xC3, 0x05, 0x4E, 0x06, 0x86, 0x04, 0x7E,
    0x06, 0x06, 0x81, 0x7C, 0xA0, 0xC0, 0x29, 0x20, 0xFE, 0xC2, 0xC4, 0xC0, 0xF0, 0x80, 0x03, 0x00,
    0x06, 0x20, 0x09, 0xC4, 0x78, 0x9C, 0x63, 0x60, 0xF8, 0xD9, 0x6F, 0xD8, 0xCF, 0x80, 0x13, 0x02,
    0x65, 0x85, 0x01, 0xCC, 0x8F, 0x0B, 0x58, 0x78, 0x9C, 0x63, 0xF8, 0xC2, 0xCC, 0xC0, 0xF0, 0x8B,
    0x93, 0x41, 0x60, 0x3D, 0x3F, 0x43, 0x01, 0x5F, 0x1E, 0xC3, 0x05, 0x8E, 0x9B, 0x0C, 0x5F, 0x98,
    0x3E, 0x31, 0x03, 0x00, 0x51, 0x3A, 0x07, 0x51, 0x78, 0x9C, 0x63, 0x60, 0x60, 0x60, 0xF8, 0xFF,
    0xFF, 0x3F, 0xBF, 0xB1, 0xB1, 0x31, 0x33, 0x00, 0x17, 0x10, 0x03, 0xA9, 0x78, 0x9C, 0x6B, 0x62,
    0xDE, 0xC0, 0xCB, 0xD0, 0x03, 0x00, 0x06, 0x94, 0x01, 0xCF, 0x78, 0x9C, 0x01, 0x24, 0x00, 0xDB,
    0xFF, 0x70, 0xFD, 0x9E, 0x00, 0xF8, 0x47, 0xF7, 0x0A, 0x22, 0x00, 0x90, 0x0F, 0x60, 0xFC, 0xFF,
    0x0F, 0xF7, 0x49, 0xA3, 0x0F, 0xAE, 0x00, 0x80, 0x0F, 0x9F, 0x00, 0xF0, 0x0F, 0xFA, 0x46, 0xFA,
    0x0F, 0xA0, 0xEF, 0x59, 0x3D, 0x37, 0x12, 0x10, 0xB2, 0x78, 0x9C, 0xEB, 0x67, 0x60, 0x60, 0xE8,
    0x87, 0xE2, 0xF9, 0xBF, 0xD6, 0x33, 0xFE, 0xF7, 0xFC, 0xC6, 0xFD, 0x9F, 0x21, 0x41, 0x7F, 0x3F,
    0x83, 0x40, 0xFE, 0x7E, 0x06, 0x86, 0x7A, 0x10, 0x0D, 0xE2, 0xFF, 0xF7, 0xFC, 0xCE, 0x5D, 0xFF,
    0x73, 0x3D, 0x23, 0x00, 0x78, 0xB3, 0x11, 0x88, 0x78, 0x9C, 0x33, 0xF8, 0xBD, 0x9F, 0xE9, 0x93,
    0xF7, 0x55, 0xB9, 0x57, 0x0C, 0x0A, 0xF9, 0xF3, 0x18, 0x18, 0x84, 0xFA, 0x19, 0x18, 0x18, 0x80,
    0x34, 0xC3, 0x2B, 0x06, 0x81, 0x3C, 0x90, 0xB8, 0xC2, 0xEF, 0xF5, 0x4C, 0x00, 0xF7, 0x03, 0x0C,
    0xD7, 0x78, 0x9C, 0x63, 0x60, 0x60, 0xE8, 0x67, 0x80, 0x62, 0x87, 0xBF, 0xB1, 0xFD, 0x9F, 0x7C,
    0xAE, 0xF6, 0xBF, 0x62, 0x10, 0xE8, 0x9F, 0x0B, 0xE4, 0x03, 0x05, 0xE7, 0xCF, 0x03, 0xD2, 0x20,
    0xFE, 0xA7, 0xE8, 0xAB, 0x20, 0xF9, 0x3E, 0x00, 0x72, 0x25, 0x11, 0xEB, 0x78, 0x9C, 0x53, 0xF8,
    0x3D, 0x8F, 0xF1, 0x61, 0xCC, 0x53, 0xEE, 0x97, 0x0C, 0x0E, 0xFA, 0xEB, 0x18, 0x04, 0xF2, 0xFF,
    0xFF, 0xFF, 0x5F, 0x7F, 0xDE, 0xD8, 0x58, 0xF8, 0x15, 0x23, 0x03, 0xE3, 0xA7, 0xD8, 0x16, 0x7D,
    0x85, 0xDF, 0xFB, 0x98, 0x01, 0x31, 0xD6, 0x0F, 0xFB, 0x78, 0x9C, 0x63, 0x60, 0x60, 0x60, 0xD8,
    0xF8, 0x9F, 0xE1, 0x97, 0x19, 0xC3, 0x7C, 0x06, 0x86, 0x7E, 0x86, 0x6F, 0xFF, 0xEB, 0x0D, 0xF7,
    0x0B, 0x03, 0x19, 0x98, 0x08, 0x00, 0x0F, 0x6C, 0x0B, 0x6F, 0x78, 0x9C, 0x0B, 0xF8, 0x1B, 0xDB,
    0xF7, 0xD9, 0xE7, 0x6A, 0xFF, 0x2B, 0x06, 0x81, 0xFE, 0x79, 0x0C, 0x0C, 0xFD, 0xFD, 0x0C, 0x0C,
    0xF3, 0x41, 0x34, 0x88, 0xFF, 0x39, 0xFA, 0x6A, 0xBF, 0xC3, 0xDF, 0xD8, 0x7A, 0x01, 0x06, 0x83,
    0xF8, 0x27, 0xEE, 0xCF, 0x78, 0x13, 0xFE, 0xAC, 0x63, 0x04, 0x00, 0x0D, 0x4D, 0x15, 0x09, 0x78,
    0x9C, 0xEB, 0x67, 0x60, 0x60, 0xE8, 0x87, 0xE1, 0x17, 0xFB, 0x19, 0xFF, 0x7B, 0x7E, 0xE7, 0xFA,
    0xCF, 0x30, 0x81, 0x7F, 0x3F, 0x43, 0x03, 0x7F, 0x3F, 0x16, 0x0C, 0x00, 0x65, 0x5E, 0x0E, 0xB0,
    0x78, 0x9C, 0x8B, 0x65, 0x62, 0xE8, 0x87, 0x01, 0x00, 0x1D, 0xA1, 0x05, 0x67, 0x78, 0x9C, 0x63,
    0x88, 0x65, 0x60, 0x62, 0x60, 0x60, 0xE8, 0xC7, 0x80, 0xF5, 0x49, 0xF1, 0xDF, 0xB9, 0x00, 0x5D,
    0x5E, 0x07, 0xA8, 0x78, 0x9C, 0xEB, 0x67, 0x60, 0x60, 0xE8, 0x87, 0xE3, 0x6F, 0x6C, 0xFD, 0x01,
    0xFD, 0x0C, 0xFD, 0x5F, 0x38, 0x19, 0xD6, 0xBF, 0x67, 0x60, 0xF8, 0xFF, 0x9F, 0x91, 0xE1, 0xFF,
    0x23, 0x6E, 0x86, 0xF9, 0x01, 0xF5, 0x40, 0xB9, 0x9F, 0xCC, 0xFD, 0x0C, 0x17, 0x78, 0x01, 0x5E,
    0xD9, 0x10, 0x21, 0x78, 0x9C, 0xEB, 0xEF, 0x47, 0x00, 0x00, 0x2B, 0x9E, 0x06, 0xB5, 0x78, 0x9C,
    0xEB, 0x7F, 0xB9, 0x3E, 0xF0, 0x6F, 0x2C, 0xC3, 0x7F, 0x8F, 0xEF, 0xF7, 0x5D, 0x7F, 0x33, 0xFD,
    0x67, 0x98, 0xA0, 0xCF, 0xF0, 0x91, 0xED, 0x3C, 0x43, 0x03, 0x3F, 0xC3, 0x07, 0xF6, 0x7E, 0x30,
    0xC5, 0x81, 0x8F, 0x02, 0x00, 0x68, 0xD8, 0x17, 0xAA, 0x78, 0x9C, 0xEB, 0x7F, 0xB1, 0x9F, 0xF1,
    0xBF, 0xD7, 0x77, 0xAE, 0xFF, 0x0C, 0x13, 0xF8, 0xCF, 0x33, 0x34, 0xF0, 0xF7, 0x63, 0xC1, 0x00,
    0x1D, 0x35, 0x0D, 0x14, 0x78, 0x9C, 0x53, 0xF8, 0xBD, 0x9F, 0xE9, 0x63, 0xCC, 0x55, 0xBD, 0x97,
    0x8C, 0x02, 0xEB, 0xD6, 0x31, 0x30, 0xBC, 0xEA, 0x67, 0x60, 0xF8, 0x31, 0x8F, 0x81, 0xE1, 0xE5,
    0x4B, 0x06, 0x86, 0x75, 0x1F, 0x63, 0x8E, 0xEA, 0x2B, 0x00, 0xE5, 0x01, 0x2E, 0xB4, 0x10, 0x2F,
    0x78, 0x9C, 0xAB, 0xFF, 0xB5, 0x9E, 0xF1, 0xBF, 0xC7, 0x77, 0xEE, 0xFF, 0x0C, 0x05, 0xFA, 0xEB,
    0x19, 0x04, 0xF2, 0xE7, 0x33, 0x30, 0xD4, 0x83, 0x68, 0x10, 0x1F, 0x24, 0x3E, 0x1F, 0x28, 0xDF,
    0xCF, 0xC0, 0xC0, 0x00, 0xC3, 0x00, 0xF2, 0x52, 0x11, 0x68, 0x78, 0x9C, 0x73, 0xF8, 0x9B, 0xDB,
    0xF7, 0xD9, 0xE7, 0x6A, 0xFF, 0x2B, 0x06, 0x81, 0xFE, 0x79, 0x0C, 0x0C, 0xFD, 0xFD, 0x0C, 0x0C,
    0xEB, 0x41, 0x34, 0x88, 0xFF, 0x39, 0xE6, 0x6A, 0xBF, 0xC3, 0xDF, 0x58, 0xA0, 0x10, 0x03, 0x1C,
    0x03, 0x00, 0xFD, 0xB4, 0x12, 0x0F, 0x78, 0x9C, 0x9B, 0xFF, 0x9B, 0xE5, 0xBF, 0x07, 0xE3, 0x7F,
    0x06, 0x86, 0xFD, 0x0C, 0x0C, 0xFD, 0xA8, 0x08, 0x00, 0x84, 0xB4, 0x07, 0x70, 0x78, 0x9C, 0x63,
    0x78, 0x79, 0x9E, 0x65, 0x41, 0xDE, 0x51, 0xFD, 0x0F, 0x1C, 0x0A, 0xD1, 0x1B, 0xF2, 0x98, 0x18,
    0x18, 0x5E, 0xDC, 0x67, 0x65, 0x60, 0x98, 0xE4, 0x7F, 0x95, 0x45, 0xA0, 0xFE, 0x63, 0xDC, 0x12,
    0x7D, 0x85, 0xDF, 0xE7, 0x59, 0x00, 0x0B, 0xFD, 0x0E, 0x77, 0x78, 0x9C, 0x63, 0xE8, 0x67, 0x60,
    0xE8, 0x67, 0xF8, 0xF9, 0x5F, 0xDF, 0x68, 0x3F, 0x33, 0x03, 0x98, 0x8D, 0x40, 0xE7, 0x58, 0x18,
    0x9E, 0xEA, 0x03, 0x00, 0x9E, 0x38, 0x08, 0xEB, 0x78, 0x9C, 0xEB, 0x67, 0x68, 0xE0, 0xEF, 0xC7,
    0xC0, 0x17, 0xF8, 0xE7, 0x31, 0x7C, 0xE0, 0xFF, 0xE9, 0xF6, 0x83, 0x7F, 0xE1, 0xBF, 0x59, 0xFC,
    0x00, 0xD3, 0x9B, 0x0D, 0x30, 0x78, 0x9C, 0xFB, 0xC1, 0xC0, 0x30, 0xEF, 0x33, 0x8B, 0x81, 0xFF,
    0x05, 0xCE, 0x06, 0xBE, 0x02, 0xBE, 0x0B, 0x1C, 0x0A, 0xFE, 0x9F, 0x99, 0x19, 0xE6, 0xDC, 0x60,
    0x60, 0x78, 0x56, 0xCB, 0xC0, 0xF0, 0x51, 0x9F, 0x81, 0xE1, 0x03, 0x3F, 0x03, 0x00, 0xF1, 0x29,
    0x0C, 0x25, 0x78, 0x9C, 0xFB, 0xC1, 0xB0, 0x80, 0x9F, 0xE1, 0x3B, 0xC3, 0x67, 0xE6, 0x0B, 0xFE,
    0x0C, 0xBB, 0x19, 0x1E, 0x70, 0x7C, 0x9A, 0xCB, 0x90, 0xCF, 0xB0, 0x80, 0xE7, 0xDA, 0x33, 0x03,
    0x7D, 0x86, 0x04, 0xFE, 0xEE, 0x8F, 0xC5, 0xBC, 0x0C, 0x02, 0xF1, 0xF6, 0x1B, 0x76, 0x70, 0x32,
    0x30, 0xBC, 0xE1, 0x4B, 0xF8, 0xCB, 0xC2, 0xC0, 0xF0, 0x83, 0x53, 0xE0, 0x3F, 0x03, 0x03, 0xC3,
    0x67, 0x16, 0x06, 0x20, 0x05, 0x00, 0xFC, 0xAB, 0x16, 0x07, 0x78, 0x9C, 0x01, 0x24, 0x00, 0xDB,
    0xFF, 0xF3, 0x07, 0x40, 0x7F, 0x90, 0x1F, 0xD0, 0x0D, 0x00, 0xAE, 0xF7, 0x03, 0x00, 0xF4, 0x8F,
    0x00, 0x00, 0xD0, 0x1F, 0x00, 0x00, 0xF6, 0xAE, 0x00, 0x10, 0x9E, 0xF5, 0x04, 0xA0, 0x1E, 0xB0,
    0x0E, 0xF5, 0x06, 0x20, 0x9F, 0x03, 0x87, 0x0D, 0xE1, 0x78, 0x9C, 0xFB, 0xC5, 0x20, 0xD0, 0xFF,
    0x85, 0x35, 0x41, 0xFF, 0x01, 0xF7, 0x06, 0x9E, 0x06, 0xFE, 0x8F, 0x6C, 0x0A, 0xF9, 0x5F, 0x19,
    0x19, 0xF6, 0xEC, 0x66, 0x60, 0xF8, 0x16, 0xCF, 0xC0, 0xF0, 0x81, 0x1F, 0x88, 0x79, 0x18, 0x18,
    0x3E, 0xB1, 0x30, 0x04, 0xDE, 0x61, 0x60, 0xF8, 0xA2, 0xC3, 0xC0, 0x00, 0x00, 0xAE, 0xEC, 0x0F,
    0xDE, 0x78, 0x9C, 0xFB, 0xFF, 0xFF, 0x3F, 0xBF, 0xB1, 0xF1, 0x4F, 0x2E, 0x06, 0x85, 0xF7, 0x8C,
    0x0C, 0x07, 0xFC, 0x19, 0x18, 0x7E, 0x70, 0x30, 0x38, 0x9C, 0x67, 0x60, 0x78, 0xA8, 0xCF, 0xC0,
    0xF0, 0xDB, 0xD2, 0x98, 0xF9, 0x3F, 0x50, 0x1E, 0x00, 0x0C, 0xB7, 0x0E, 0x2A, 0x78, 0x9C, 0x63,
    0x60, 0x60, 0x61, 0x38, 0x28, 0xCB, 0xF0, 0x92, 0x91, 0x61, 0x1E, 0x03, 0x43, 0x3F, 0x18, 0xD5,
    0x33, 0x34, 0xD8, 0x33, 0xFC, 0xE7, 0x63, 0x38, 0xAC, 0xCF, 0x20, 0x50, 0x0F, 0xE2, 0x82, 0x04,
    0xE7, 0x33, 0x30, 0xDC, 0x66, 0x60, 0xF8, 0xCC, 0xC9, 0xA0, 0xC0, 0x05, 0x00, 0x1B, 0x23, 0x0B,
    0x03, 0x78, 0x9C, 0xEB, 0xEF, 0x47, 0x06, 0x00, 0x3A, 0xB5, 0x07, 0xD3, 0x78, 0x9C, 0x63, 0x60,
    0x60, 0x38, 0xC1, 0xC4, 0x70, 0x80, 0x8F, 0xC1, 0x20, 0x9E, 0x81, 0xA1, 0x9E, 0x81, 0xA1, 0x1F,
    0x8C, 0xCE, 0x31, 0x30, 0xFC, 0xF0, 0x67, 0xF8, 0x92, 0xCF, 0xF0, 0x86, 0x85, 0x61, 0x3E, 0x58,
    0xA4, 0x9E, 0x41, 0x21, 0x9F, 0xA1, 0x40, 0x9F, 0xE1, 0x1B, 0x3B, 0x83, 0x32, 0x03, 0x03, 0x00,
    0x4B, 0x76, 0x0C, 0x28, 0x78, 0x9C, 0x63, 0x60, 0x00, 0x82, 0x8D, 0xF7, 0x99, 0x1D, 0xF8, 0x4E,
    0x4D, 0xC9, 0xDF, 0xC8, 0x15, 0xC7, 0xF0, 0xED, 0x3E, 0x13, 0x50, 0x84, 0x89, 0x01, 0x00, 0x57,
    0xA0, 0x06, 0xA1, 0x78, 0x9C, 0x03, 0x00, 0x00, 0x00, 0x00, 0x01, 0x78, 0x9C, 0x8B, 0x65, 0x62,
    0xE8, 0x87, 0x01, 0x00, 0x1D, 0xA1, 0x05, 0x67, 0x78, 0x9C, 0x63, 0xF8, 0xC0, 0xC1, 0xC0, 0x00,
    0xC4, 0x06, 0xBF, 0xD7, 0x33, 0x7E, 0xFE, 0xFF, 0x9F, 0xF7, 0x17, 0xEB, 0x84, 0xF8, 0x7D, 0x0C,
    0x0C, 0x9E, 0xFD, 0x0C, 0x0C, 0x0C, 0x7D, 0x40, 0x7C, 0x8B, 0x41, 0x21, 0xE6, 0x53, 0xF4, 0x55,
    0x39, 0x85, 0xDF, 0xFB, 0x99, 0x18, 0xA0, 0x6A, 0x01, 0xFB, 0x9C, 0x12, 0x3E, 0x78, 0x9C, 0x63,
    0x10, 0x78, 0xB5, 0x9F, 0x99, 0xE1, 0x42, 0xEC, 0x55, 0x39, 0x86, 0xAF, 0xCC, 0x0A, 0xF9, 0x0C,
    0xDF, 0x19, 0x18, 0x54, 0x18, 0x7E, 0x30, 0x00, 0x01, 0x88, 0xF8, 0xF0, 0xFF, 0x3F, 0x0F, 0x83,
    0xC1, 0x6F, 0x63, 0x26, 0x08, 0x97, 0xE1, 0x25, 0x10, 0x3B, 0xBC, 0x37, 0x36, 0x16, 0x06, 0x4A,
    0xFC, 0xEF, 0x07, 0x00, 0x47, 0xA9, 0x14, 0xCE, 0x78, 0x9C, 0x13, 0x60, 0x60, 0x60, 0x10, 0x60,
    0xB8, 0x98, 0xF5, 0x77, 0xDD, 0x53, 0xF6, 0x82, 0xFF, 0x16, 0x57, 0xFF, 0x33, 0x05, 0xC4, 0x33,
    0x30, 0xFC, 0x65, 0x38, 0xC0, 0xC3, 0xC0, 0xF0, 0x85, 0xE5, 0x03, 0x27, 0x03, 0xC3, 0x47, 0x76,
    0x08, 0x79, 0x80, 0x97, 0x81, 0xE1, 0x2B, 0x4B, 0x42, 0x3E, 0x83, 0xC0, 0x7F, 0x86, 0x05, 0xFF,
    0x3D, 0xAF, 0xFE, 0x67, 0xD9, 0x90, 0xFE, 0x67, 0xDD, 0x65, 0x36, 0x06, 0x30, 0x00, 0x00, 0xB5,
    0x18, 0x19, 0xC0, 0x78, 0x9C, 0xFB, 0xCC, 0xC1, 0xF0, 0x80, 0x67, 0x03, 0x3F, 0xC3, 0x37, 0x16,
    0x83, 0x7A, 0x86, 0xB3, 0x0C, 0x0C, 0xB7, 0x1D, 0xFC, 0x19, 0x18, 0x3E, 0x1F, 0xE5, 0x61, 0x60,
    0xD8, 0xF0, 0x9F, 0x85, 0xA1, 0xE1, 0xDF, 0xFF, 0x77, 0x4C, 0x02, 0x82, 0xEB, 0x05, 0x19, 0x26,
    0xFC, 0xFF, 0xFF, 0x9F, 0x49, 0xC0, 0x78, 0xBF, 0x31, 0x03, 0x03, 0x43, 0x3F, 0x03, 0x84, 0x00,
    0x00, 0x99, 0x3D, 0x14, 0x2E, 0x78, 0x9C, 0xEB, 0xEF, 0x07, 0x01, 0x06, 0x06, 0x30, 0xD5, 0x0F,
    0x00, 0x32, 0x54, 0x06, 0xB5, 0x78, 0x9C, 0x53, 0x78, 0xF5, 0x5E, 0x92, 0xE1, 0x61, 0x6C, 0xCA,
    0x3D, 0x86, 0xEF, 0x8C, 0x0C, 0x5F, 0x58, 0xBF, 0x31, 0x31, 0x34, 0xB0, 0x3C, 0x8C, 0x65, 0x60,
    0x60, 0x58, 0xF0, 0x7F, 0x3D, 0x0B, 0xC3, 0x2F, 0xF3, 0x63, 0xF3, 0x19, 0xE6, 0x33, 0x30, 0x7C,
    0x63, 0xD9, 0xCB, 0xC0, 0xF0, 0x91, 0xFD, 0x4B, 0x8E, 0xE0, 0x0F, 0x16, 0x85, 0x5F, 0xFF, 0xFB,
    0x81, 0xF2, 0x47, 0xCE, 0x33, 0x98, 0x32, 0x30, 0x7C, 0x61, 0xDB, 0x07, 0x92, 0xF8, 0xAE, 0x61,
    0xF0, 0x9B, 0x29, 0xE1, 0xDF, 0x7F, 0x5F, 0x06, 0x06, 0x01, 0x21, 0x06, 0x06, 0x00, 0xB2, 0x94,
    0x20, 0x19, 0x78, 0x9C, 0x63, 0x60, 0x60, 0x88, 0x0D, 0xE0, 0x65, 0x64, 0x60, 0x04, 0x00, 0x03,
    0xFF, 0x00, 0xBD, 0x78, 0x9C, 0x63, 0x60, 0x00, 0x83, 0x82, 0x3F, 0xE7, 0xD9, 0x19, 0x04, 0xDE,
    0x7A, 0xB4, 0xDC, 0x63, 0xBC, 0x10, 0xFB, 0x27, 0xF7, 0x22, 0xEF, 0xB7, 0xA7, 0xD6, 0x3F, 0x8D,
    0xF3, 0xCF, 0x7C, 0x65, 0x7A, 0xC0, 0x76, 0xA6, 0xFF, 0x3B, 0x50, 0xC5, 0x0F, 0x08, 0xB9, 0xF7,
    0x1B, 0xD3, 0x06, 0xD6, 0xDB, 0x3F, 0xBE, 0x70, 0x7E, 0x53, 0xA9, 0x7F, 0x98, 0xF3, 0xBF, 0xFF,
    0x80, 0x9C, 0xC1, 0x3D, 0xD3, 0xA0, 0xB7, 0xCC, 0x0C, 0x0B, 0xFF, 0xFF, 0x97, 0x02, 0x2A, 0x50,
    0x60, 0x62, 0x60, 0x00, 0x00, 0x05, 0x7A, 0x24, 0x6D, 0x78, 0x9C, 0x0B, 0xF8, 0x6B, 0xCB, 0xF0,
    0xC9, 0xEA, 0x15, 0x83, 0x02, 0xC3, 0x17, 0xC6, 0x84, 0xBF, 0xFF, 0x19, 0x3F, 0x59, 0x7C, 0x67,
    0xFC, 0x6C, 0xF6, 0x8F, 0xB1, 0xE1, 0xFD, 0x4F, 0x66, 0x00, 0xBD, 0x86, 0x0D, 0xC8, 0x78, 0x9C,
    0x63, 0x78, 0x5C, 0xC8, 0x2D, 0x10, 0xF7, 0x94, 0xF1, 0x81, 0x95, 0x3F, 0xC3, 0x01, 0xAD, 0x78,
    0x06, 0x81, 0xB8, 0x27, 0x8C, 0x0C, 0x40, 0x31, 0x00, 0x67, 0xC0, 0x08, 0x18, 0x78, 0x9C, 0x63,
    0x60, 0x60, 0x60, 0xF8, 0xF1, 0xFF, 0xFF, 0x7E, 0x43, 0x63, 0xE3, 0xF9, 0x40, 0x66, 0x3F, 0x10,
    0x0B, 0x03, 0x00, 0x45, 0x1A, 0x05, 0x8E, 0x78, 0x9C, 0x63, 0x60, 0xF8, 0xFF, 0xDF, 0xD8, 0x18,
    0x00, 0x07, 0x98, 0x02, 0x65, 0x78, 0x9C, 0x63, 0x60, 0x00, 0x83, 0x82, 0x3F, 0xE7, 0xD9, 0x19,
    0x04, 0xFE, 0x7A, 0xB4, 0xDC, 0x63, 0x3C, 0x30, 0xF7, 0x7F, 0xDF, 0x45, 0x9E, 0x6F, 0xCD, 0xF6,
    0xDF, 0x4D, 0xF2, 0xF7, 0x34, 0xF0, 0x7F, 0x60, 0x3F, 0xD3, 0xDF, 0xC0, 0xFF, 0x95, 0xE5, 0x47,
    0x7F, 0xC3, 0xFF, 0xFF, 0x8C, 0x3F, 0xF6, 0x36, 0xD8, 0xFF, 0x60, 0xBB, 0xFD, 0xBD, 0x89, 0xFF,
    0x83, 0x46, 0xFD, 0x03, 0x1F, 0xF6, 0x82, 0xA3, 0x7C, 0x06, 0xF7, 0x44, 0x03, 0xDF, 0x32, 0x33,
    0x2C, 0xFC, 0xFF, 0x5F, 0x0A, 0x68, 0x90, 0x02, 0x13, 0x03, 0x03, 0x00, 0x1E, 0xAB, 0x24, 0x60,
    0x78, 0x9C, 0x63, 0x60, 0x60, 0xF8, 0xFF, 0x9F, 0xDF, 0xD8, 0x98, 0x19, 0x00, 0x0C, 0x3C, 0x02,
    0x77, 0x78, 0x9C, 0x63, 0x60, 0x60, 0xB8, 0x3C, 0x9F, 0xE1, 0xEC, 0x37, 0xD6, 0x7D, 0x9F, 0xD9,
    0xBE, 0x9E, 0x67, 0x10, 0x60, 0x62, 0x00, 0x00, 0x41, 0xEE, 0x06, 0xC8, 0x78, 0x9C, 0x63, 0x70,
    0xE0, 0x60, 0x60, 0x60, 0x68, 0xE0, 0x47, 0x26, 0xBE, 0xFE, 0xFF, 0xFF, 0x9F, 0xD5, 0x70, 0xB3,
    0xBD, 0x31, 0x23, 0x92, 0x44, 0x00, 0x17, 0x03, 0x83, 0x81, 0xB1, 0xB1, 0x31, 0xC3, 0x07, 0xA0,
    0x2C, 0x03, 0x00, 0x35, 0x30, 0x0D, 0x72, 0x78, 0x9C, 0x3B, 0x74, 0x9F, 0x75, 0xED, 0x64, 0x7E,
    0x91, 0x04, 0x7E, 0x86, 0xCF, 0x6C, 0x01, 0xF9, 0x0C, 0xDF, 0xCD, 0x99, 0xFF, 0xFF, 0x97, 0x07,
    0x00, 0x5C, 0xCE, 0x08, 0x7F, 0x78, 0x9C, 0xDB, 0x78, 0x9F, 0xF5, 0xE4, 0x14, 0x7E, 0x86, 0x02,
    0x3E, 0x85, 0xFF, 0xAC, 0x0C, 0x05, 0xFC, 0xA7, 0xA6, 0xF0, 0x6F, 0xBA, 0xCF, 0x0A, 0x00, 0x5C,
    0x66, 0x08, 0x26, 0x78, 0x9C, 0x73, 0x10, 0xFF, 0xC8, 0xB1, 0x8A, 0x01, 0x00, 0x07, 0x29, 0x01,
    0xFB, 0x78, 0x9C, 0xEB, 0x67, 0x68, 0xE0, 0xEF, 0x47, 0xC3, 0xFF, 0x19, 0x0E, 0x00, 0xF1, 0x07,
    0xFE, 0xFF, 0xEE, 0xDF, 0xF9, 0xEF, 0xFF, 0xED, 0x01, 0x8A, 0x31, 0x30, 0xC0, 0x30, 0x00, 0x96,
    0x90, 0x0F, 0xD3, 0x78, 0x9C, 0x63, 0x78, 0xF1, 0x9F, 0x63, 0xC3, 0xFF, 0xFF, 0x1C, 0x5F, 0x80,
    0xF8, 0x3B, 0x14, 0x83, 0xD8, 0x07, 0x80, 0x98, 0xE1, 0x25, 0x10, 0x33, 0x7C, 0x40, 0xC1, 0x00,
    0xD9, 0xB7, 0x19, 0x2A, 0x78, 0x9C, 0x63, 0x88, 0x65, 0x04, 0x00, 0x00, 0xBE, 0x00, 0x5F, 0x78,
    0x9C, 0x2B, 0x62, 0x58, 0xC4, 0x33, 0x89, 0xEF, 0x38, 0x2B, 0x00, 0x0B, 0xA5, 0x02, 0x8D, 0x78,
    0x9C, 0x63, 0x70, 0x60, 0xD8, 0xF4, 0x9F, 0x31, 0xE8, 0x1B, 0x23, 0xC3, 0x17, 0x04, 0x02, 0x00,
    0x4D, 0xC5, 0x07, 0x10, 0x78, 0x9C, 0x33, 0xF8, 0x23, 0xCD, 0xF0, 0xC0, 0x7A, 0x2F, 0xC3, 0x67,
    0xE6, 0x6F, 0x0C, 0x5F, 0x18, 0xBF, 0x30, 0x7E, 0x66, 0xFE, 0xCA, 0xF0, 0xC0, 0x7B, 0x0F, 0x83,
    0xC1, 0x5F, 0x19, 0x06, 0x00, 0xB4, 0xE9, 0x0C, 0x11, 0x78, 0x9C, 0xBB, 0x20, 0xA2, 0xCF, 0x90,
    0xC0, 0xBB, 0x83, 0x81, 0xA1, 0xF7, 0x23, 0x2B, 0xC3, 0xD7, 0x26, 0x3E, 0x86, 0x6F, 0x93, 0xE4,
    0x14, 0xFC, 0x9E, 0x30, 0x1D, 0x10, 0xF3, 0x63, 0x00, 0x00, 0x87, 0x5A, 0x09, 0x5F, 0x78, 0x9C,
    0x63, 0x10, 0x60, 0x00, 0x82, 0xE3, 0xFD, 0x0C, 0x0C, 0x8C, 0x0C, 0x91, 0xFD, 0x0C, 0x0E, 0x3C,
    0x0C, 0x0C, 0xFD, 0x0C, 0x0F, 0x58, 0x40, 0xE4, 0x4A, 0xA0, 0x44, 0xBF, 0x81, 0x3C, 0x88, 0x3C,
    0xC0, 0xFE, 0x85, 0x9D, 0x41, 0xE8, 0x9A, 0xC0, 0x3F, 0x0E, 0x06, 0x01, 0xFF, 0x0D, 0xDF, 0x39,
    0x18, 0x16, 0x70, 0x6F, 0xFF, 0xC8, 0xC9, 0xF0, 0x85, 0xE9, 0xDF, 0xFF, 0x7C, 0x06, 0x47, 0x06,
    0xC5, 0x4F, 0x5C, 0x20, 0x53, 0x16, 0xB0, 0x02, 0x00, 0xB3, 0xC6, 0x14, 0x43, 0x78, 0x9C, 0x63,
    0x50, 0x64, 0x00, 0x82, 0xCD, 0xFD, 0x20, 0x32, 0xA4, 0x9F, 0x61, 0x01, 0x07, 0x03, 0x43, 0x3F,
    0xC3, 0x13, 0x20, 0xA7, 0x5F, 0xC0, 0x0F, 0x44, 0x2E, 0xE0, 0x02, 0x91, 0x4F, 0x0C, 0xFF, 0x49,
    0x33, 0x28, 0xC7, 0x3D, 0x48, 0xAB, 0x67, 0x58, 0xC0, 0x2D, 0x60, 0x60, 0xCF, 0xF0, 0x85, 0x91,
    0xE1, 0x31, 0x1B, 0x43, 0x36, 0x83, 0x83, 0x2D, 0x48, 0xE3, 0x87, 0xFF, 0xFF, 0x81, 0xA4, 0x81,
    0xB1, 0x31, 0x00, 0xA9, 0x57, 0x12, 0xFF, 0x78, 0x9C, 0x63, 0x60, 0x00, 0x81, 0x86, 0x77, 0x9C,
    0x40, 0xF2, 0x4B, 0x6A, 0x3E, 0x83, 0x13, 0x03, 0x83, 0x41, 0x3C, 0x43, 0x35, 0x03, 0xC3, 0x7F,
    0x2E, 0x07, 0x5E, 0x10, 0xFB, 0x02, 0x0B, 0xC3, 0x35, 0xC3, 0xFC, 0xED, 0x0C, 0x0C, 0x07, 0xFF,
    0xEB, 0xE8, 0x7D, 0xE0, 0x67, 0x10, 0x9C, 0xC0, 0xF9, 0x83, 0x9F, 0x81, 0xE1, 0xB1, 0xE2, 0x5C,
    0x20, 0x59, 0x73, 0x60, 0xAA, 0x3C, 0x43, 0x00, 0xEF, 0xE7, 0xFF, 0xEF, 0x19, 0x04, 0x98, 0x15,
    0x16, 0xC9, 0x83, 0xCC, 0x0A, 0xE0, 0x02, 0x00, 0x7F, 0x72, 0x16, 0x68, 0x78, 0x9C, 0x63, 0xB8,
    0xCA, 0xC0, 0xC0, 0xA0, 0xC0, 0x00, 0x01, 0x5F, 0x81, 0xF8, 0x14, 0x03, 0x43, 0x82, 0x3F, 0x03,
    0xC3, 0x27, 0x0E, 0x06, 0x86, 0xDB, 0x40, 0x6E, 0x3F, 0x83, 0x00, 0xC3, 0x3A, 0x86, 0x4F, 0x6C,
    0x3F, 0x33, 0xFE, 0x32, 0x4E, 0xF8, 0x67, 0xC3, 0x00, 0x00, 0xD3, 0xE0, 0x0B, 0xA7, 0x78, 0x9C,
    0x63, 0x38, 0x20, 0xC7, 0x00, 0x04, 0x02, 0x67, 0x41, 0x24, 0x43, 0x23, 0x13, 0x88, 0xFC, 0xC1,
    0x0E, 0x22, 0xFF, 0xF1, 0x02, 0x09, 0x87, 0xF3, 0xF6, 0x40, 0x72, 0x81, 0xFC, 0x7C, 0x20, 0xF9,
    0x91, 0xF3, 0x17, 0x90, 0xFC, 0xCE, 0xFC, 0x85, 0x95, 0x81, 0xE1, 0x2E, 0xC3, 0x03, 0x6E, 0x06,
    0x83, 0x7A, 0x86, 0x06, 0x7D, 0x86, 0x09, 0xFF, 0xFF, 0xFF, 0xEF, 0x67, 0xF8, 0x60, 0x6B, 0x6C,
    0xFC, 0x9E, 0xE1, 0x1B, 0x33, 0x03, 0xC3, 0x57, 0x96, 0x3B, 0x40, 0x65, 0x1F, 0xB8, 0x00, 0x7E,
    0x14, 0x18, 0x68, 0x78, 0x9C, 0x63, 0x60, 0x10, 0xD8, 0xC7, 0x00, 0x04, 0x1B, 0x78, 0x41, 0x64,
    0x23, 0x23, 0x88, 0xFC, 0xC1, 0x0E, 0x22, 0xFF, 0x81, 0x44, 0x1C, 0xCE, 0xDB, 0x03, 0xC9, 0x05,
    0xF2, 0xF3, 0x81, 0xE4, 0x47, 0xCE, 0x5F, 0x40, 0xF2, 0x3B, 0xF3, 0x17, 0x56, 0x06, 0x86, 0xBB,
    0x0C, 0x0F, 0xB8, 0x19, 0x0C, 0xEA, 0x19, 0x1A, 0xF4, 0x19, 0x26, 0xFC, 0xFF, 0xFF, 0xBF, 0x9F,
    0xE1, 0x83, 0xAD, 0xB1, 0xF1, 0x7B, 0x86, 0x6F, 0xCC, 0x0C, 0x0C, 0x5F, 0x59, 0xEE, 0x00, 0x95,
    0x7D, 0xE0, 0x02, 0x00, 0x6C, 0x6E, 0x18, 0x37, 0x78, 0x9C, 0x63, 0x60, 0xF8, 0xC9, 0xC9, 0xC0,
    0xC0, 0xB0, 0x40, 0x7A, 0x16, 0x03, 0x1C, 0xFC, 0x60, 0x07, 0x91, 0xFF, 0x78, 0x81, 0x84, 0xC3,
    0x79, 0x7B, 0x90, 0xAC, 0xFC, 0x7C, 0x20, 0xF9, 0x91, 0xF3, 0x17, 0x90, 0xFC, 0xCE, 0xFC, 0x85,
    0x95, 0x81, 0xE1, 0x2E, 0xC3, 0x03, 0x6E, 0x06, 0x83, 0x7A, 0x86, 0x06, 0x7D, 0x86, 0x09, 0xFF,
    0xFF, 0xFF, 0xEF, 0x67, 0xF8, 0x60, 0x6B, 0x6C, 0xFC, 0x9E, 0xE1, 0x1B, 0x33, 0x03, 0xC3, 0x57,
    0x96, 0x3B, 0x40, 0x65, 0x1F, 0xB8, 0x00, 0x89, 0x2F, 0x18, 0x81, 0x78, 0x9C, 0x63, 0x60, 0x60,
    0x10, 0x60, 0x60, 0x60, 0x38, 0xD0, 0xBF, 0x91, 0x8D, 0x81, 0xE1, 0xD8, 0x96, 0xFB, 0x8C, 0x0C,
    0x0C, 0x82, 0x0C, 0x4C, 0x40, 0x11, 0x86, 0x1F, 0xEC, 0x20, 0xF2, 0x1F, 0x2F, 0x90, 0x70, 0x38,
    0x6F, 0x0F, 0x24, 0x17, 0xC8, 0xCF, 0x07, 0x92, 0x1F, 0x39, 0x7F, 0x01, 0xC9, 0xEF, 0xCC, 0x5F,
    0x58, 0x19, 0x18, 0xEE, 0x32, 0x3C, 0xE0, 0x66, 0x30, 0xA8, 0x67, 0x68, 0xD0, 0x67, 0x98, 0xF0,
    0xFF, 0xFF, 0xFF, 0x7E, 0x86, 0x0F, 0xB6, 0xC6, 0xC6, 0xEF, 0x19, 0xBE, 0x31, 0x33, 0x30, 0x7C,
    0x65, 0xB9, 0x03, 0x54, 0xF6, 0x81, 0x0B, 0x00, 0x41, 0xAC, 0x1A, 0xAD, 0x78, 0x9C, 0x63, 0x60,
    0x00, 0x83, 0x0B, 0xAC, 0x57, 0x81, 0xA4, 0x00, 0x10, 0x02, 0xC1, 0x0F, 0x76, 0x10, 0xF9, 0x8F,
    0x17, 0x48, 0x04, 0x9C, 0xB7, 0x07, 0x92, 0x1B, 0xE4, 0xE7, 0x03, 0xC9, 0x8F, 0x9C, 0xBF, 0x80,
    0xE4, 0x77, 0xE6, 0x2F, 0xAC, 0x0C, 0x0C, 0x77, 0x19, 0x1E, 0x70, 0x33, 0x18, 0xD4, 0x33, 0x34,
    0xE8, 0x33, 0x4C, 0xF8, 0xFF, 0xFF, 0x7F, 0x3D, 0xC3, 0x07, 0x5B, 0x63, 0xE3, 0xFB, 0x0C, 0xDF,
    0x98, 0x19, 0x18, 0xBE, 0xB2, 0xDC, 0x01, 0x2A, 0xFB, 0xC0, 0x05, 0x00, 0x5A, 0x17, 0x17, 0xF4,
    0x78, 0x9C, 0x63, 0x60, 0x00, 0x83, 0x86, 0xFF, 0x1C, 0x40, 0xF2, 0x5B, 0x5A, 0x3C, 0x88, 0x34,
    0xCE, 0x07, 0x92, 0x13, 0xDE, 0x81, 0x44, 0x18, 0xFE, 0x30, 0x01, 0x09, 0x85, 0xFF, 0x9C, 0x40,
    0xB2, 0xE0, 0x3C, 0x3F, 0x90, 0xBC, 0x20, 0x0F, 0x92, 0xFD, 0xCC, 0x79, 0x0A, 0x48, 0xFE, 0x64,
    0xFE, 0xC2, 0xCC, 0xC0, 0x70, 0x8F, 0xE1, 0x01, 0x27, 0x43, 0x40, 0x3D, 0x43, 0x03, 0x3F, 0xC3,
    0x82, 0xFF, 0xFF, 0xFF, 0xE7, 0x33, 0x7C, 0xB4, 0x35, 0x36, 0xBE, 0xCF, 0xF0, 0x0D, 0x28, 0xF5,
    0x95, 0xF9, 0x0E, 0x50, 0xD9, 0x07, 0x2E, 0x00, 0xE2, 0x38, 0x1C, 0x57, 0x78, 0x9C, 0x63, 0x60,
    0x60, 0x50, 0xF8, 0xFF, 0xFF, 0xFF, 0x7B, 0x06, 0x20, 0xD8, 0xF0, 0xD7, 0xDA, 0xD8, 0x18, 0xC4,
    0xF8, 0xFA, 0x85, 0x83, 0x01, 0x0C, 0xF6, 0x7D, 0x80, 0x30, 0x26, 0xE8, 0x43, 0x19, 0x9F, 0x39,
    0x3E, 0xFC, 0xFF, 0xEF, 0x0F, 0x64, 0xBC, 0x61, 0xF8, 0x60, 0x65, 0xCC, 0xCC, 0xC0, 0x90, 0x50,
    0x2F, 0xF8, 0x11, 0x2C, 0xF5, 0x10, 0x68, 0x0A, 0x37, 0x88, 0xF1, 0xCB, 0xDD, 0x05, 0xAC, 0xDD,
    0x60, 0x3E, 0x03, 0xC3, 0x07, 0x4B, 0x63, 0x63, 0xC6, 0x0B, 0x72, 0x40, 0x06, 0x50, 0x96, 0x0D,
    0x00, 0xD0, 0x8D, 0x21, 0xD0, 0x78, 0x9C, 0x63, 0x38, 0xF6, 0xDE, 0x9B, 0x61, 0x41, 0xBF, 0xCB,
    0x2F, 0xD6, 0xAF, 0xAC, 0x0C, 0x1B, 0xF8, 0x6E, 0x33, 0x30, 0x04, 0xD8, 0xCD, 0x63, 0x00, 0x82,
    0x7E, 0x38, 0x01, 0xE6, 0x82, 0x24, 0x6C, 0xC1, 0x4A, 0x16, 0xD4, 0x87, 0xFC, 0x62, 0x65, 0xB8,
    0xFE, 0xDF, 0x1B, 0x28, 0xBA, 0x9B, 0x11, 0x48, 0x7C, 0x65, 0x67, 0x60, 0x50, 0xD8, 0xCF, 0xC8,
    0x00, 0x00, 0x3E, 0x69, 0x14, 0x39, 0x78, 0x9C, 0x4B, 0xF0, 0x67, 0x60, 0x60, 0x78, 0xC6, 0xC8,
    0x00, 0x02, 0xFF, 0xFF, 0xFF, 0xCF, 0x5F, 0x6F, 0x6C, 0x2C, 0xDC, 0x0F, 0x64, 0xC3, 0x30, 0x50,
    0x8C, 0x0B, 0x28, 0xC6, 0x84, 0x2C, 0x06, 0x52, 0x03, 0x14, 0xAF, 0x07, 0x00, 0x00, 0xED, 0x12,
    0x47, 0x78, 0x9C, 0x63, 0x50, 0x98, 0xC7, 0xC0, 0x70, 0x81, 0x83, 0x01, 0x04, 0xFE, 0xFF, 0xFF,
    0x9F, 0xBF, 0xDE, 0xD8, 0x58, 0xB8, 0x1F, 0xC8, 0x86, 0x61, 0xA0, 0x18, 0x17, 0x50, 0x8C, 0x09,
    0x59, 0x0C, 0xA4, 0x06, 0x28, 0x5E, 0x0F, 0x00, 0x00, 0x24, 0x12, 0x47, 0x78, 0x9C, 0x63, 0xF8,
    0xC6, 0xC1, 0x90, 0x20, 0xD3, 0xC5, 0x00, 0x02, 0xFF, 0xFF, 0xFF, 0xCF, 0x5F, 0x6F, 0x6C, 0x2C,
    0xDC, 0x0F, 0x64, 0xC3, 0x30, 0x50, 0x8C, 0x0B, 0x28, 0xC6, 0x84, 0x2C, 0x06, 0x52, 0x03, 0x14,
    0xAF, 0x07, 0x00, 0x19, 0x3A, 0x12, 0xB5, 0x78, 0x9C, 0x63, 0x60, 0x60, 0x60, 0xB8, 0xC0, 0x7A,
    0x95, 0x41, 0x00, 0x08, 0xFF, 0xFF, 0xFF, 0xAF, 0xBF, 0xDE, 0xD8, 0x98, 0xB9, 0x1F, 0x28, 0x06,
    0xC3, 0x40, 0x31, 0x36, 0xA0, 0x18, 0x23, 0xB2, 0x18, 0x48, 0x0D, 0x50, 0xDC, 0x1E, 0x00, 0xF9,
    0x91, 0x11, 0xD6, 0x78, 0x9C, 0xFB, 0xC2, 0x66, 0x60, 0xC7, 0xC0, 0xC0, 0xD0, 0x8F, 0x1D, 0x02,
    0x00, 0x79, 0x9E, 0x08, 0x1D, 0x78, 0x9C, 0x63, 0xD8, 0xCB, 0xB0, 0x80, 0x8B, 0x01, 0x08, 0x3E,
    0x70, 0x10, 0x46, 0x00, 0x1E, 0xE2, 0x0D, 0x08, 0x78, 0x9C, 0x33, 0x58, 0xC7, 0x70, 0xA5, 0x89,
    0x8B, 0x01, 0x08, 0xFA, 0x09, 0x23, 0x00, 0xDB, 0xB1, 0x08, 0xF3, 0x78, 0x9C, 0x63, 0x60, 0x60,
    0x88, 0x0D, 0xE0, 0x65, 0x64, 0x60, 0x64, 0xE8, 0x67, 0x20, 0x88, 0x00, 0x9A, 0x95, 0x07, 0x71,
    0x78, 0x9C, 0x63, 0xF8, 0xFF, 0xBF, 0x97, 0x91, 0x81, 0x61, 0xBF, 0xF3, 0x35, 0x39, 0x06, 0x86,
    0x7E, 0x06, 0x81, 0xBD, 0x20, 0x92, 0xE1, 0x2B, 0x13, 0x88, 0xFC, 0xC4, 0xF6, 0xF5, 0xFF, 0x7D,
    0x86, 0x0F, 0xEC, 0x86, 0xFB, 0x95, 0x81, 0x24, 0x48, 0xE4, 0x23, 0x1B, 0x88, 0xFC, 0x06, 0x92,
    0x15, 0xD8, 0x07, 0xD2, 0xF5, 0x5C, 0x96, 0x81, 0x01, 0x6C, 0x02, 0x00, 0x6A, 0xB4, 0x17, 0xBC,
    0x78, 0x9C, 0x63, 0x60, 0x00, 0x81, 0x5F, 0x92, 0x5D, 0x0C, 0x0E, 0x7E, 0xBF, 0xF4, 0x18, 0x04,
    0x98, 0x14, 0x18, 0x19, 0xEE, 0x33, 0x30, 0x18, 0xF0, 0xFF, 0xE7, 0x00, 0x11, 0xF6, 0x40, 0x62,
    0xFE, 0x3D, 0x20, 0xD1, 0xFF, 0x95, 0x03, 0x48, 0x2C, 0xB0, 0x07, 0x12, 0x02, 0xF7, 0x80, 0x04,
    0xC3, 0x17, 0x4B, 0x20, 0x31, 0xA1, 0x1E, 0x48, 0x30, 0xFC, 0x03, 0x11, 0x5F, 0x40, 0xC4, 0x04,
    0x7E, 0x00, 0x33, 0xD2, 0x16, 0x2C, 0x78, 0x9C, 0x63, 0x68, 0x61, 0x64, 0x60, 0x60, 0xB8, 0xC8,
    0x05, 0x24, 0x14, 0xE2, 0x18, 0xA0, 0xE0, 0xDA, 0x7B, 0x2D, 0x86, 0x09, 0xFD, 0x21, 0x7F, 0x98,
    0xBF, 0xB0, 0x32, 0x1C, 0xE0, 0xB9, 0xCD, 0xC0, 0x10, 0x60, 0xBF, 0x0E, 0x28, 0x9F, 0xDF, 0x0F,
    0x94, 0xAB, 0x07, 0x13, 0x60, 0x2E, 0x58, 0x02, 0xA4, 0x84, 0x17, 0xAC, 0x18, 0xAC, 0x0D, 0x00,
    0xEB, 0x36, 0x15, 0x96, 0x78, 0x9C, 0x63, 0x60, 0x08, 0x10, 0x67, 0x60, 0x60, 0xF8, 0xC4, 0x0E,
    0x24, 0x66, 0x33, 0x40, 0xC1, 0xB5, 0xF7, 0x5A, 0x0C, 0x13, 0xFA, 0x43, 0xFE, 0x30, 0x7F, 0x61,
    0x65, 0x38, 0xC0, 0x73, 0x9B, 0x81, 0x21, 0xC0, 0x7E, 0x1D, 0x03, 0x83, 0x42, 0x7E, 0x3F, 0x50,
    0xAE, 0x1E, 0x4C, 0x80, 0xB9, 0x60, 0x09, 0x90, 0x12, 0x5E, 0xB0, 0x62, 0xB0, 0x36, 0x00, 0xF0,
    0xC1, 0x15, 0xB3, 0x78, 0x9C, 0x63, 0x60, 0x30, 0x67, 0x60, 0x60, 0x68, 0x78, 0xCB, 0xC4, 0xC0,
    0x70, 0x35, 0x91, 0x97, 0x01, 0x02, 0xAE, 0xBD, 0xD7, 0x62, 0x98, 0xD0, 0x1F, 0xF2, 0x87, 0xF9,
    0x0B, 0x2B, 0xC3, 0x01, 0x9E, 0xDB, 0x0C, 0x0C, 0x01, 0xF6, 0xEB, 0x18, 0x18, 0x14, 0xF2, 0xFB,
    0x81, 0x72, 0xF5, 0x60, 0x02, 0xCC, 0x05, 0x4B, 0x80, 0x94, 0xF0, 0x82, 0x15, 0x83, 0xB5, 0x01,
    0x00, 0x31, 0xDA, 0x16, 0xA1, 0x78, 0x9C, 0x63, 0x60, 0x60, 0x10, 0x60, 0x60, 0xF8, 0x2E, 0x35,
    0x93, 0x81, 0x21, 0xFE, 0x87, 0x3E, 0x03, 0x03, 0x93, 0x00, 0x23, 0x03, 0xC3, 0xB5, 0xF7, 0x5A,
    0x0C, 0x13, 0xFA, 0x43, 0xFE, 0x30, 0x7F, 0x61, 0x65, 0x38, 0xC0, 0x73, 0x9B, 0x81, 0x21, 0xC0,
    0x7E, 0x1D, 0x03, 0x83, 0x42, 0x7E, 0x3F, 0x03, 0x03, 0x43, 0x3D, 0x98, 0x00, 0x73, 0xC1, 0x12,
    0x20, 0x25, 0xBC, 0x60, 0xC5, 0x60, 0x6D, 0x00, 0x4C, 0x7D, 0x17, 0x0B, 0x78, 0x9C, 0x63, 0x60,
    0x00, 0x81, 0xAB, 0x0C, 0xB1, 0x0C, 0x0C, 0x02, 0x0C, 0x8C, 0x0C, 0x10, 0x70, 0xED, 0xBD, 0x16,
    0xC3, 0x84, 0xFE, 0x90, 0x3F, 0xCC, 0x5F, 0x58, 0x19, 0x0E, 0xF0, 0xDC, 0x66, 0x60, 0x08, 0xB0,
    0x5F, 0xC7, 0xC0, 0xA0, 0x90, 0xDF, 0x0F, 0x94, 0xAB, 0x07, 0x13, 0x60, 0x2E, 0x58, 0x02, 0xA4,
    0x84, 0x17, 0xAC, 0x18, 0xAC, 0x0D, 0x00, 0xBD, 0x9D, 0x14, 0xFB, 0x78, 0x9C, 0x63, 0x60, 0x00,
    0x82, 0x0B, 0x6C, 0x0C, 0x2B, 0x19, 0x26, 0xC4, 0x4F, 0xC8, 0x67, 0x60, 0xF8, 0xF9, 0x8F, 0x8D,
    0x81, 0xE1, 0xC3, 0x79, 0xA0, 0xE0, 0x8F, 0xFF, 0xAC, 0x0C, 0x05, 0xF5, 0x0B, 0xFC, 0x19, 0x1E,
    0xB2, 0x33, 0x9C, 0x62, 0x10, 0x60, 0x00, 0x22, 0x00, 0x29, 0x89, 0x0C, 0xD6, 0x78, 0x9C, 0x63,
    0xB8, 0xF6, 0x5E, 0x2B, 0x66, 0x42, 0x7F, 0xC8, 0x1F, 0xDE, 0x2F, 0xAC, 0x0C, 0x9F, 0x78, 0x6F,
    0x33, 0x30, 0xEC, 0xD6, 0x5F, 0xC7, 0x90, 0x20, 0x1D, 0xDF, 0xCF, 0xF0, 0x90, 0xB1, 0xBE, 0x9F,
    0x21, 0x9B, 0xA1, 0x7E, 0x6E, 0x00, 0xB7, 0x42, 0xFE, 0xAD, 0x87, 0x4C, 0x01, 0xF6, 0x5F, 0xF2,
    0x19, 0x0E, 0xF0, 0x3E, 0x00, 0x2A, 0x66, 0x7E, 0x78, 0xE2, 0xBD, 0x16, 0x43, 0x30, 0x03, 0x10,
    0x00, 0x00, 0x67, 0x1F, 0x19, 0x50, 0x78, 0x9C, 0x63, 0x08, 0x67, 0x00, 0x82, 0xEF, 0x4C, 0x40,
    0x62, 0x02, 0x0F, 0x03, 0x04, 0xF4, 0x33, 0x30, 0x7C, 0xE0, 0x20, 0x92, 0x60, 0xBF, 0xCD, 0xC0,
    0xF0, 0x95, 0xF9, 0x73, 0x74, 0xC9, 0x7A, 0x06, 0x83, 0xD7, 0xF7, 0xD9, 0x19, 0x00, 0xCD, 0x6A,
    0x15, 0xF0, 0x78, 0x9C, 0x63, 0x60, 0x28, 0x64, 0x61, 0x60, 0x60, 0xB8, 0xC9, 0xC8, 0xC0, 0xE0,
    0xA0, 0xC7, 0x00, 0x01, 0xFD, 0x0C, 0x0C, 0x1F, 0x38, 0x88, 0x24, 0xD8, 0x6F, 0x33, 0x30, 0x7C,
    0x65, 0xFE, 0x1C, 0x5D, 0xB2, 0x9E, 0xC1, 0xE0, 0xF5, 0x7D, 0x76, 0x06, 0x00, 0xBF, 0xDC, 0x15,
    0xC1, 0x78, 0x9C, 0x63, 0x30, 0x60, 0x67, 0x60, 0x60, 0x78, 0xD8, 0x0B, 0x24, 0x6A, 0x2F, 0xB2,
    0x32, 0x80, 0x41, 0x3F, 0x03, 0xC3, 0x07, 0x0E, 0x22, 0x09, 0xF6, 0xDB, 0x0C, 0x0C, 0x5F, 0x99,
    0x3F, 0x47, 0x97, 0xAC, 0x67, 0x30, 0x78, 0x7D, 0x9F, 0x9D, 0x01, 0x00, 0x15, 0x5D, 0x16, 0xFC,
    0x78, 0x9C, 0x63, 0x60, 0x00, 0x81, 0xD8, 0x00, 0x5E, 0x06, 0x06, 0x46, 0x20, 0x04, 0x83, 0x7E,
    0x06, 0x86, 0x0F, 0x1C, 0x44, 0x12, 0xEC, 0xB7, 0x19, 0x18, 0xBE, 0x32, 0x7F, 0x8E, 0x2E, 0x59,
    0xCF, 0x60, 0xF0, 0xFA, 0x3E, 0x3B, 0x03, 0x00, 0x76, 0x7B, 0x14, 0xC0, 0x78, 0x9C, 0x63, 0x60,
    0x60, 0xB8, 0xC3, 0x00, 0x04, 0x09, 0x72, 0x60, 0x92, 0x89, 0x81, 0xE1, 0x00, 0x1F, 0x03, 0xC3,
    0x77, 0x16, 0x87, 0x7A, 0x06, 0x86, 0x73, 0x0C, 0x0C, 0xAF, 0x19, 0x0A, 0xEC, 0x19, 0x18, 0x3E,
    0xB3, 0x3F, 0xE0, 0x62, 0x60, 0x58, 0xC0, 0xF7, 0x1D, 0x28, 0x2D, 0xD0, 0x3F, 0x0F, 0xA4, 0xF2,
    0x87, 0x3C, 0x88, 0xFC, 0xC8, 0x09, 0x22, 0x3F, 0x70, 0x60, 0x23, 0x01, 0x1E, 0x1B, 0x11, 0x66,
    0x78, 0x9C, 0xEB, 0x67, 0x60, 0x60, 0xE8, 0x87, 0xE2, 0xFF, 0xFF, 0xD7, 0x33, 0xCD, 0x37, 0xBE,
    0x2A, 0xD7, 0xCF, 0xA0, 0x90, 0xDF, 0xCF, 0x20, 0x50, 0xDF, 0xCF, 0xB0, 0x48, 0xFF, 0xFF, 0xFF,
    0xFB, 0x2C, 0xEB, 0x8D, 0x99, 0xE0, 0x6A, 0x00, 0x6B, 0xAE, 0x0E, 0xA1, 0x78, 0x9C, 0x2B, 0xF8,
    0x9B, 0xCB, 0xF0, 0xDD, 0xFD, 0x37, 0xCB, 0x5A, 0x86, 0x8F, 0xEC, 0xFD, 0x0C, 0x5F, 0x98, 0xFB,
    0x05, 0xE6, 0x31, 0xF4, 0x17, 0xC8, 0x33, 0xF4, 0x1B, 0xD4, 0x33, 0xF4, 0x33, 0x7C, 0xE5, 0xEA,
    0x67, 0x50, 0xD8, 0xD7, 0xCF, 0xC0, 0xF0, 0xB3, 0xBF, 0x24, 0xE5, 0x5C, 0xFF, 0xD5, 0xFF, 0x52,
    0x00, 0xE3, 0x73, 0x14, 0x11, 0x78, 0x9C, 0x33, 0xE8, 0x67, 0x60, 0x60, 0x78, 0xCC, 0xCA, 0x00,
    0x02, 0x05, 0x7F, 0xE7, 0x31, 0xFC, 0x70, 0xFF, 0xCE, 0xA5, 0xC4, 0x30, 0x81, 0x3F, 0xE1, 0xCF,
    0x7F, 0xFE, 0xEF, 0x9E, 0x8B, 0xF9, 0xD7, 0x31, 0x34, 0xF0, 0xCF, 0x67, 0xF8, 0xC0, 0xFF, 0xCB,
    0xED, 0x17, 0xFF, 0x82, 0xF7, 0x91, 0xB6, 0x00, 0x81, 0x52, 0x12, 0x59, 0x78, 0x9C, 0x63, 0x60,
    0xB8, 0xC3, 0xC8, 0xD0, 0x20, 0xC3, 0x00, 0x02, 0x05, 0x7F, 0xE7, 0x31, 0xFC, 0x70, 0xFF, 0xCE,
    0x65, 0xCC, 0x30, 0x81, 0x3F, 0xE0, 0xF6, 0x7F, 0xFE, 0xEF, 0xE6, 0x93, 0xF8, 0xE7, 0x01, 0xD9,
    0xF3, 0x19, 0x3E, 0xF0, 0xFF, 0x72, 0xFB, 0xC5, 0xBF, 0xF0, 0x7D, 0xA4, 0x2D, 0x00, 0x73, 0xAC,
    0x11, 0xE9, 0x78, 0x9C, 0x63, 0x78, 0x2C, 0xC3, 0x60, 0x60, 0xBB, 0x95, 0x91, 0x01, 0x08, 0x0A,
    0xFE, 0xCE, 0x63, 0xF8, 0xE1, 0xFE, 0x9D, 0x4B, 0x89, 0x61, 0x02, 0x7F, 0xC2, 0x9F, 0xFF, 0xFC,
    0xDF, 0x3D, 0x17, 0xF3, 0xAF, 0x63, 0x68, 0xE0, 0x9F, 0xCF, 0xF0, 0x81, 0xFF, 0x97, 0xDB, 0x2F,
    0xFE, 0x05, 0xEF, 0x23, 0x6D, 0x01, 0x96, 0x2D, 0x12, 0xD4, 0x78, 0x9C, 0x63, 0x60, 0x10, 0x60,
    0x9C, 0xF0, 0xFF, 0x3F, 0xB7, 0x81, 0xB1, 0x32, 0x03, 0x08, 0x14, 0xFC, 0x9D, 0xC7, 0xF0, 0xC3,
    0xFD, 0x3B, 0x97, 0x12, 0xC3, 0x04, 0xFE, 0x84, 0x3F, 0xFF, 0xF9, 0xBF, 0x7B, 0x2E, 0xE6, 0x5F,
    0xC7, 0xD0, 0xC0, 0x3F, 0x9F, 0xE1, 0x03, 0xFF, 0x2F, 0xB7, 0x5F, 0xFC, 0x0B, 0xDE, 0x47, 0xDA,
    0x02, 0x00, 0xCA, 0x94, 0x13, 0xE2, 0x78, 0x9C, 0x0B, 0xE0, 0xBD, 0xC0, 0xCA, 0xC0, 0xA4, 0xC0,
    0x00, 0x02, 0x09, 0x7F, 0xE7, 0x31, 0x7C, 0x77, 0xFF, 0xCE, 0xA5, 0xC4, 0x30, 0x81, 0x3F, 0xE1,
    0xCF, 0x7F, 0xFE, 0xEF, 0x9E, 0x8B, 0xF9, 0xD7, 0x31, 0x34, 0xF0, 0xCF, 0x67, 0xF8, 0xC0, 0xFF,
    0xCB, 0xED, 0x17, 0xFF, 0x82, 0xF7, 0x91, 0xB6, 0x00, 0x71, 0xF8, 0x11, 0xF5, 0x78, 0x9C, 0x63,
    0x60, 0x00, 0x82, 0x9F, 0xB6, 0x0C, 0x01, 0xF9, 0x77, 0x18, 0x12, 0xEC, 0x5F, 0x31, 0x08, 0xFC,
    0xC9, 0x67, 0x60, 0x50, 0x60, 0x64, 0x28, 0xF8, 0x3B, 0x8F, 0xE1, 0x85, 0xDB, 0x77, 0x2E, 0x25,
    0x86, 0x05, 0xFC, 0x01, 0x6F, 0xFE, 0xF3, 0x7F, 0xF7, 0xDC, 0xCC, 0xBF, 0x8E, 0xA1, 0x81, 0x7F,
    0x3E, 0xC3, 0x05, 0xFE, 0x5F, 0xEE, 0x3F, 0xF8, 0x27, 0xBC, 0xF3, 0xB2, 0x05, 0x00, 0x52, 0xE3,
    0x16, 0x56, 0x78, 0x9C, 0x6B, 0xF8, 0xEB, 0xB3, 0xE9, 0xBD, 0x14, 0xC3, 0x4F, 0xCF, 0xDF, 0xE7,
    0x43, 0xCF, 0x32, 0xEC, 0x66, 0xF8, 0xC8, 0xCF, 0xF0, 0x85, 0x99, 0x81, 0xE1, 0x03, 0x3F, 0xC3,
    0x07, 0xB6, 0x85, 0xFF, 0xFE, 0x03, 0x01, 0xFB, 0x6B, 0xB3, 0xCF, 0xF6, 0xC6, 0xC6, 0x8C, 0xF3,
    0x41, 0x82, 0x0C, 0x0C, 0x6F, 0x42, 0x7F, 0xDF, 0x77, 0x3D, 0xC6, 0x78, 0xE8, 0xBD, 0xD6, 0xA2,
    0xFF, 0xB5, 0x0C, 0x00, 0xDE, 0xAA, 0x1E, 0x74, 0x78, 0x9C, 0x33, 0xF8, 0xBD, 0x9F, 0xE9, 0x93,
    0xCF, 0x55, 0xB9, 0x57, 0x0C, 0x02, 0xF9, 0xF3, 0x18, 0x18, 0x84, 0xFA, 0x19, 0x18, 0x18, 0x80,
    0x34, 0xC3, 0x2B, 0x06, 0x86, 0xDC, 0x4F, 0xDE, 0x47, 0xE5, 0x14, 0x7E, 0xAF, 0x67, 0x62, 0xD8,
    0x20, 0xC5, 0xC0, 0x10, 0x50, 0xC7, 0xC0, 0xF0, 0x51, 0x9A, 0x01, 0x00, 0x9D, 0x1D, 0x0F, 0x4B,
    0x78, 0x9C, 0x33, 0xE8, 0x67, 0x60, 0x60, 0x78, 0xCC, 0xCA, 0x00, 0x02, 0x0A, 0xBF, 0xE7, 0x31,
    0x3E, 0x8C, 0x79, 0xCA, 0xFD, 0x92, 0xC1, 0x41, 0x7F, 0x1D, 0x83, 0x40, 0xFE, 0xFF, 0xFF, 0xFF,
    0xEB, 0xCF, 0x1B, 0x1B, 0x0B, 0xBF, 0x62, 0x64, 0x60, 0xFC, 0x14, 0xDB, 0xA2, 0xAF, 0xF0, 0x7B,
    0x1F, 0x33, 0x00, 0x7C, 0x16, 0x11, 0xA2, 0x78, 0x9C, 0x63, 0x60, 0xB8, 0xC3, 0xC8, 0x30, 0x81,
    0x87, 0x01, 0x04, 0x14, 0x7E, 0xCF, 0x63, 0x7C, 0x18, 0xF3, 0x94, 0xFB, 0x25, 0x83, 0x83, 0xFE,
    0x3A, 0x06, 0x81, 0xFC, 0xFF, 0xFF, 0xFF, 0xD7, 0x9F, 0x37, 0x36, 0x16, 0x7E, 0xC5, 0xC8, 0xC0,
    0xF8, 0x29, 0xB6, 0x45, 0x5F, 0xE1, 0xF7, 0x3E, 0x66, 0x00, 0x73, 0xBF, 0x11, 0x74, 0x78, 0x9C,
    0x63, 0x78, 0x2C, 0xC3, 0x60, 0xA0, 0xBB, 0x8D, 0x01, 0x04, 0x14, 0x7E, 0xCF, 0x63, 0x7C, 0x18,
    0xF3, 0x94, 0xFB, 0x25, 0x83, 0x83, 0xFE, 0x3A, 0x06, 0x81, 0xFC, 0xFF, 0xFF, 0xFF, 0xD7, 0x9F,
    0x37, 0x36, 0x16, 0x7E, 0xC5, 0xC8, 0xC0, 0xF8, 0x29, 0xB6, 0x45, 0x5F, 0xE1, 0xF7, 0x3E, 0x66,
    0x00, 0x8E, 0x42, 0x12, 0x0D, 0x78, 0x9C, 0x0B, 0xE0, 0xBD, 0xC0, 0xCA, 0xC0, 0xA4, 0xC0, 0x00,
    0x02, 0x0A, 0xBF, 0xE7, 0x31, 0x3E, 0x8C, 0x79, 0xCA, 0xFD, 0x92, 0xC1, 0x41, 0x7F, 0x1D, 0x83,
    0x40, 0xFE, 0xFF, 0xFF, 0xFF, 0xEB, 0xCF, 0x1B, 0x1B, 0x0B, 0xBF, 0x62, 0x60, 0x60, 0xFC, 0x14,
    0x3B, 0x45, 0x5F, 0xE1, 0xF7, 0x3E, 0x66, 0x00, 0x6F, 0x71, 0x11, 0x5E, 0x78, 0x9C, 0xFB, 0xC2,
    0x6E, 0x60, 0xC7, 0xC0, 0xC0, 0xD0, 0x8F, 0x0E, 0x01, 0x4E, 0x0E, 0x06, 0x71, 0x78, 0x9C, 0x63,
    0xD8, 0xCB, 0xB0, 0x80, 0x8B, 0x01, 0x08, 0x3E, 0x70, 0xE0, 0x44, 0x00, 0xB2, 0x5B, 0x0A, 0x20,
    0x78, 0x9C, 0x73, 0xD8, 0xC7, 0xB0, 0x25, 0x91, 0x8B, 0x01, 0x08, 0xFA, 0x71, 0x22, 0x00, 0x8E,
    0x0A, 0x07, 0x25, 0x78, 0x9C, 0x8B, 0x0D, 0xE0, 0x65, 0x62, 0x60, 0x62, 0x00, 0x82, 0x7E, 0x9C,
    0x08, 0x00, 0x60, 0xC4, 0x05, 0xC6, 0x78, 0x9C, 0x9B, 0x60, 0xC5, 0xC0, 0x54, 0xF0, 0xEF, 0x0E,
    0x07, 0xC3, 0x87, 0xFF, 0x0C, 0x0C, 0xBB, 0x7F, 0xB0, 0x31, 0x30, 0x6D, 0xE0, 0x0D, 0xF8, 0xBB,
    0xD6, 0xFE, 0xB3, 0xF7, 0x95, 0xFC, 0xDB, 0x0C, 0x0C, 0xF5, 0xF3, 0x81, 0xB8, 0x9F, 0x41, 0x01,
    0xC8, 0x2E, 0xD0, 0xFF, 0xEC, 0xFD, 0x9D, 0xD3, 0xE0, 0x4F, 0x1F, 0x03, 0x00, 0x33, 0x78, 0x15,
    0x48, 0x78, 0x9C, 0x63, 0x60, 0x10, 0x60, 0xD8, 0x50, 0x7F, 0x90, 0xF5, 0xE9, 0x96, 0xFB, 0x8C,
    0x8A, 0x0C, 0x4C, 0x0C, 0xFD, 0x2F, 0xF6, 0x33, 0xFE, 0xF7, 0xFA, 0xCE, 0xF5, 0x9F, 0x61, 0x02,
    0xFF, 0x79, 0x86, 0x06, 0xFE, 0x7E, 0x2C, 0x18, 0x00, 0xEC, 0x10, 0x11, 0xB5, 0x78, 0x9C, 0x53,
    0x98, 0xC7, 0xC0, 0xC0, 0xF0, 0x88, 0x95, 0x01, 0x04, 0x14, 0x7E, 0xEF, 0x67, 0xFA, 0x18, 0x73,
    0x55, 0xEF, 0x25, 0xA3, 0xC0, 0xBA, 0x75, 0x0C, 0x0C, 0xAF, 0xFA, 0x19, 0x18, 0x7E, 0x00, 0xA5,
    0x5F, 0xBE, 0x64, 0x60, 0x58, 0xF7, 0x31, 0xE6, 0xA8, 0x3E, 0x48, 0x1E, 0x00, 0x78, 0x8A, 0x11,
    0xD4, 0x78, 0x9C, 0x63, 0x60, 0xB8, 0xCD, 0xC8, 0x50, 0x20, 0xC3, 0x00, 0x02, 0x0A, 0xBF, 0xF7,
    0x33, 0x7D, 0x8C, 0xB9, 0xAA, 0xF7, 0x92, 0x51, 0x60, 0xDD, 0x3A, 0x06, 0x86, 0x57, 0xFD, 0x0C,
    0x0C, 0x3F, 0xE6, 0x31, 0x30, 0xBC, 0x7C, 0xC9, 0xC0, 0xB0, 0xEE, 0x63, 0xCC, 0x51, 0x7D, 0x90,
    0x3C, 0x00, 0x6D, 0xAF, 0x11, 0x97, 0x78, 0x9C, 0x63, 0xB8, 0x24, 0xC3, 0xA0, 0x60, 0x7B, 0x94,
    0x91, 0x01, 0x08, 0x14, 0x7E, 0xEF, 0x67, 0xFA, 0x18, 0x73, 0x55, 0xEF, 0x25, 0xA3, 0xC0, 0xBA,
    0x75, 0x0C, 0x0C, 0xAF, 0xFA, 0x19, 0x18, 0x7E, 0xCC, 0x63, 0x60, 0x78, 0xF9, 0x92, 0x81, 0x61,
    0xDD, 0xC7, 0x98, 0xA3, 0xFA, 0x20, 0x79, 0x00, 0x8A, 0x90, 0x12, 0x40, 0x78, 0x9C, 0x63, 0x60,
    0x10, 0x60, 0x6C, 0xF8, 0xFF, 0x9F, 0x43, 0xC1, 0x58, 0x99, 0x01, 0x04, 0x14, 0x7E, 0xEF, 0x67,
    0xFA, 0x18, 0x73, 0x55, 0xEF, 0x25, 0xA3, 0xC0, 0xBA, 0x75, 0x0C, 0x0C, 0xAF, 0xFA, 0x19, 0x18,
    0x7E, 0xCC, 0x63, 0x60, 0x78, 0xF9, 0x92, 0x81, 0x61, 0xDD, 0xC7, 0x98, 0xA3, 0xFA, 0x20, 0x79,
    0x00, 0xBB, 0xEF, 0x13, 0x3C, 0x78, 0x9C, 0x0B, 0xE0, 0xBD, 0xC0, 0xCA, 0xC0, 0xA4, 0xC0, 0x00,
    0x02, 0x0A, 0xBF, 0xF7, 0x33, 0x7D, 0x8C, 0xB9, 0xAA, 0xF7, 0x92, 0x51, 0x60, 0xDD, 0x3A, 0x06,
    0x86, 0x57, 0xFD, 0x0C, 0x0C, 0x3F, 0xE6, 0x31, 0x30, 0xBC, 0x7C, 0xC9, 0xC0, 0xB0, 0xEE, 0x63,
    0xCC, 0x51, 0x7D, 0x90, 0x3C, 0x00, 0x6B, 0xFA, 0x11, 0x83, 0x78, 0x9C, 0x63, 0x60, 0x00, 0x82,
    0x00, 0x5E, 0x20, 0xC1, 0x08, 0x62, 0x31, 0xFC, 0x07, 0x02, 0x63, 0x20, 0x60, 0x80, 0x01, 0xA8,
    0x1C, 0x00, 0x77, 0xD4, 0x05, 0x85, 0x78, 0x9C, 0x01, 0x2C, 0x00, 0xD3, 0xFF, 0x00, 0x00, 0x00,
    0x1E, 0x20, 0xFB, 0xFF, 0x0A, 0xF1, 0x5C, 0xF5, 0x1F, 0xE9, 0x01, 0x97, 0x9E, 0xAE, 0x00, 0x1D,
    0xEA, 0x8F, 0x70, 0x08, 0xF8, 0x9E, 0xD0, 0x01, 0xE9, 0xE9, 0x97, 0x00, 0x9E, 0xF1, 0x7F, 0xC5,
    0x1E, 0x90, 0xFF, 0xBF, 0x02, 0xD0, 0x01, 0x00, 0x00, 0xBC, 0x41, 0x14, 0x61, 0x78, 0x9C, 0x6B,
    0xB0, 0x67, 0x60, 0x60, 0xB8, 0xC6, 0xC8, 0x00, 0x02, 0xFD, 0x0C, 0x0D, 0xFC, 0x98, 0xF8, 0x02,
    0xFF, 0x3C, 0x86, 0x0F, 0xFC, 0x2F, 0x55, 0xBE, 0xF3, 0x2F, 0xFC, 0x37, 0x8B, 0x1F, 0x00, 0x19,
    0xEF, 0x0E, 0x93, 0x78, 0x9C, 0x63, 0x50, 0xE8, 0x67, 0x60, 0xB8, 0xC8, 0xC6, 0x00, 0x02, 0xFD,
    0x0C, 0x0D, 0xFC, 0x98, 0xF8, 0x02, 0xFF, 0x3C, 0x86, 0x0F, 0xFC, 0x3F, 0xDD, 0x7E, 0xF0, 0x2F,
    0xFC, 0x37, 0x8B, 0x1F, 0x00, 0x17, 0x5F, 0x0E, 0xB6, 0x78, 0x9C, 0x63, 0x78, 0xC1, 0xC1, 0x50,
    0xC0, 0x59, 0xC9, 0x00, 0x02, 0xFD, 0x0C, 0x0D, 0xFC, 0x98, 0xF8, 0x02, 0xFF, 0x3C, 0x86, 0x0F,
    0xFC, 0x2F, 0x55, 0xBE, 0xF3, 0x2F, 0xFC, 0x37, 0x8B, 0x1F, 0x00, 0x26, 0xE7, 0x0E, 0xDF, 0x78,
    0x9C, 0xBB, 0xC0, 0x7A, 0x95, 0x41, 0x01, 0x08, 0x41, 0xA0, 0x9F, 0xA1, 0x81, 0x1F, 0x13, 0x3F,
    0xE0, 0x9F, 0xC7, 0xF0, 0x81, 0xFF, 0x97, 0xEB, 0x4B, 0xFE, 0x8D, 0xEF, 0xDB, 0xF9, 0x01, 0x2D,
    0x1B, 0x0F, 0x09, 0x78, 0x9C, 0x63, 0x60, 0x78, 0xC1, 0xCC, 0xE0, 0xA0, 0xCB, 0x00, 0x02, 0xBF,
    0x18, 0x04, 0xFA, 0xBF, 0xB0, 0x26, 0xE8, 0x3F, 0xE0, 0xDE, 0xC0, 0xD3, 0xC0, 0xFF, 0x91, 0x4D,
    0x21, 0xFF, 0x2B, 0x23, 0xC3, 0x9E, 0xDD, 0x0C, 0x0C, 0xDF, 0xE2, 0x19, 0x18, 0x3E, 0xF0, 0x03,
    0x31, 0x0F, 0x03, 0xC3, 0x27, 0x16, 0x86, 0xC0, 0x3B, 0x0C, 0x0C, 0x5F, 0x74, 0x18, 0x18, 0x00,
    0xFB, 0x71, 0x11, 0x36, 0x78, 0x9C, 0xEB, 0x67, 0x60, 0x60, 0xE8, 0x87, 0xE2, 0xF9, 0xBF, 0xD6,
    0x33, 0xFE, 0xF7, 0xF8, 0xCE, 0xFD, 0x9F, 0x21, 0xC1, 0x7E, 0x3D, 0x83, 0x40, 0xFE, 0x7C, 0x06,
    0x86, 0xFA, 0xF9, 0x40, 0x1A, 0xC8, 0xD7, 0x07, 0x89, 0x83, 0xE4, 0xFB, 0x91, 0xD4, 0x03, 0x00,
    0x53, 0x15, 0x13, 0x15, 0x78, 0x9C, 0x63, 0x88, 0x0D, 0xE0, 0x65, 0x60, 0x02, 0x42, 0x20, 0xF8,
    0xC4, 0xC6, 0xB0, 0xE7, 0x02, 0x8F, 0x40, 0x7C, 0x81, 0x7C, 0x02, 0xBF, 0x42, 0xFD, 0x06, 0x2E,
    0x86, 0x33, 0x1F, 0x58, 0x19, 0xBE, 0x7F, 0x67, 0x60, 0xF8, 0xB8, 0x9E, 0x81, 0xE1, 0x80, 0x3F,
    0x03, 0xC3, 0x04, 0x7E, 0x06, 0x06, 0xA0, 0xB0, 0xC3, 0x0F, 0x66, 0x86, 0x03, 0x79, 0x0C, 0x0C,
    0x00, 0xC7, 0x44, 0x10, 0x35, 0x78, 0x9C, 0x63, 0x60, 0x00, 0x83, 0x0F, 0xFF, 0xFF, 0x03, 0x49,
    0x03, 0x63, 0x63, 0x10, 0xE7, 0x3B, 0x1B, 0x88, 0xFC, 0xCB, 0x03, 0x12, 0x39, 0x6F, 0x0F, 0x24,
    0x17, 0xC8, 0xCF, 0x07, 0xA9, 0xE1, 0x7C, 0x05, 0x24, 0xBF, 0x31, 0x7F, 0x61, 0x65, 0x60, 0xB8,
    0xC3, 0xF0, 0x80, 0x9B, 0xC1, 0xA0, 0x9E, 0xA1, 0x41, 0x9E, 0x61, 0xC2, 0xFF, 0xFF, 0xFF, 0xEB,
    0x19, 0x3E, 0xD8, 0x1A, 0x1B, 0xDF, 0x67, 0xF8, 0xCA, 0xCC, 0xC0, 0xF0, 0x95, 0xE5, 0x0E, 0x48,
    0x31, 0x17, 0x00, 0xD4, 0x29, 0x19, 0x56, 0x78, 0x9C, 0xFB, 0xF0, 0xFF, 0x3F, 0x83, 0x81, 0xB1,
    0x31, 0x03, 0x08, 0x14, 0xFC, 0x9D, 0xC7, 0xF0, 0xC3, 0xFD, 0x3B, 0x97, 0x32, 0xC3, 0x04, 0xFE,
    0x84, 0xBF, 0xFF, 0xF9, 0x7F, 0x78, 0x2C, 0xE6, 0x5F, 0xC7, 0xD0, 0xC0, 0x3F, 0x9F, 0xE1, 0x03,
    0xFF, 0x2F, 0xB7, 0xDB, 0xFC, 0x0B, 0xEF, 0x87, 0xD9, 0x02, 0x00, 0xD9, 0x38, 0x14, 0x07, 0x78,
    0x9C, 0x63, 0xF8, 0xC0, 0xF6, 0x8D, 0x81, 0x81, 0x21, 0xE1, 0x7F, 0x3E, 0x90, 0x64, 0x50, 0x00,
    0x11, 0x0C, 0x3F, 0xD8, 0x41, 0xE4, 0x3F, 0x5E, 0x20, 0xE1, 0x70, 0xDE, 0x1E, 0x48, 0x2E, 0x90,
    0x9F, 0x0F, 0x24, 0x3F, 0x72, 0xFE, 0x02, 0x92, 0xDF, 0x99, 0xBF, 0xB0, 0x32, 0x30, 0xDC, 0x65,
    0x78, 0xC0, 0xCD, 0x60, 0x50, 0xCF, 0xD0, 0xA0, 0xCF, 0x30, 0xE1, 0xFF, 0xFF, 0xFF, 0xFD, 0x0C,
    0x1F, 0x6C, 0x8D, 0x8D, 0xDF, 0x33, 0x7C, 0x63, 0x66, 0x60, 0xF8, 0xCA, 0x72, 0x07, 0xA8, 0xEC,
    0x03, 0x17, 0x00, 0x09, 0xDE, 0x1A, 0x04, 0x78, 0x9C, 0x6B, 0x90, 0xFD, 0xC4, 0x2C, 0xF0, 0x77,
    0x3E, 0x03, 0x83, 0x02, 0x23, 0x83, 0xC3, 0x9F, 0x79, 0x0C, 0x5F, 0xBC, 0xBE, 0x73, 0xDD, 0x66,
    0x98, 0xC0, 0x1F, 0x70, 0xFB, 0x3F, 0xFF, 0x77, 0xF3, 0x49, 0xFC, 0xF3, 0x80, 0xEC, 0xF9, 0x0C,
    0x1F, 0xF8, 0x7F, 0xB9, 0xFD, 0xE2, 0x5F, 0xF8, 0x3E, 0xD2, 0x16, 0x00, 0xD2, 0xEA, 0x14, 0x45,
    0x78, 0x9C, 0x63, 0x60, 0xF8, 0xC1, 0xC6, 0x00, 0x04, 0xFF, 0x78, 0x80, 0x84, 0xC3, 0x7E, 0x7B,
    0x20, 0xB9, 0x40, 0x6E, 0x3E, 0x90, 0xFC, 0xC8, 0xF9, 0x12, 0x48, 0x7E, 0x67, 0xFA, 0xCC, 0xCA,
    0xC0, 0x70, 0x97, 0xE1, 0x01, 0x0F, 0x83, 0xC1, 0xFF, 0xFF, 0xFF, 0xE5, 0x19, 0x26, 0xF8, 0x1B,
    0x07, 0xD7, 0x33, 0x7C, 0xE0, 0x62, 0x60, 0xB8, 0xCD, 0xF0, 0x8D, 0x99, 0x81, 0xE1, 0x2B, 0xCB,
    0x1D, 0xA0, 0xB2, 0x0F, 0xDC, 0x20, 0x33, 0xD6, 0x30, 0x02, 0x89, 0x84, 0x78, 0x26, 0x20, 0xA9,
    0xF0, 0x97, 0x03, 0x00, 0x43, 0xDA, 0x17, 0xA2, 0x78, 0x9C, 0x01, 0x30, 0x00, 0xCF, 0xFF, 0x70,
    0xFD, 0x9E, 0x00, 0xF8, 0x47, 0xF7, 0x0A, 0x22, 0x00, 0x90, 0x0F, 0x60, 0xFD, 0xFF, 0x0F, 0xF8,
    0x48, 0xA3, 0x0F, 0xAE, 0x00, 0x80, 0x0F, 0x9F, 0x00, 0xF0, 0x0F, 0xFA, 0x46, 0xFB, 0x0F, 0xA0,
    0xEF, 0xA9, 0x3F, 0x00, 0x00, 0xE6, 0x03, 0x00, 0x00, 0xBE, 0x04, 0x00, 0x00, 0xF8, 0x1E, 0x13,
    0xD6, 0x13, 0xC7, 0x78, 0x9C, 0x63, 0x60, 0x28, 0x60, 0x63, 0x60, 0x60, 0xF8, 0xC6, 0xCC, 0xC0,
    0x20, 0x10, 0xC7, 0x00, 0x05, 0xD7, 0xDF, 0x6B, 0x31, 0x2C, 0xA8, 0x0F, 0xF9, 0xC3, 0xF4, 0x95,
    0x85, 0xE1, 0x01, 0xD7, 0x69, 0x06, 0x86, 0x09, 0xBC, 0xF3, 0x40, 0xE2, 0xFD, 0x70, 0x02, 0xCC,
    0x05, 0x4A, 0x34, 0xF0, 0x7E, 0x03, 0x29, 0xD9, 0x00, 0x52, 0x0C, 0xD6, 0x06, 0x00, 0xAF, 0x4E,
    0x13, 0x91, 0x78, 0x9C, 0x63, 0x10, 0x58, 0xC7, 0xC0, 0x70, 0x80, 0x93, 0x01, 0x04, 0x0C, 0x7E,
    0xEF, 0x67, 0xFA, 0xE4, 0x7D, 0x55, 0xEE, 0x15, 0x83, 0x42, 0xFE, 0x3C, 0x06, 0x06, 0xA1, 0x7E,
    0xA0, 0x18, 0x90, 0x66, 0x78, 0xC5, 0x20, 0x90, 0x07, 0x12, 0x57, 0xF8, 0xBD, 0x9E, 0x09, 0x00,
    0x3B, 0x0C, 0x0E, 0x5E, 0x78, 0x9C, 0x63, 0x10, 0x10, 0x67, 0x60, 0x60, 0x38, 0xB0, 0x17, 0x48,
    0xAC, 0xDA, 0xC0, 0xC1, 0x00, 0x01, 0xD7, 0xDF, 0x6B, 0x31, 0x2C, 0xA8, 0x0F, 0xF9, 0xC3, 0xF4,
    0x95, 0x85, 0xE1, 0x01, 0xD7, 0x69, 0x06, 0x86, 0x09, 0xBC, 0xF3, 0x40, 0xE2, 0xFD, 0x70, 0x02,
    0xCC, 0x05, 0x4A, 0x34, 0xF0, 0x7E, 0x03, 0x29, 0xD9, 0x00, 0x52, 0x0C, 0xD6, 0x06, 0x00, 0xFF,
    0x1B, 0x14, 0xBA, 0x78, 0x9C, 0x63, 0x78, 0xC6, 0xC9, 0x90, 0x20, 0x3D, 0x93, 0x01, 0x04, 0x0C,
    0x7E, 0xEF, 0x67, 0xFA, 0xE4, 0x7D, 0x55, 0xEE, 0x15, 0x83, 0x42, 0xFE, 0x3C, 0x06, 0x06, 0xA1,
    0x7E, 0xA0, 0x18, 0x90, 0x66, 0x78, 0xC5, 0x20, 0x90, 0x07, 0x12, 0x57, 0xF8, 0xBD, 0x9E, 0x09,
    0x00, 0x51, 0x19, 0x0E, 0xDA, 0x78, 0x9C, 0x63, 0x60, 0x00, 0x83, 0x58, 0x10, 0xC1, 0xC8, 0x00,
    0x05, 0xD7, 0xDF, 0x5B, 0x33, 0x2C, 0xE8, 0x0F, 0xF9, 0xCD, 0xFC, 0x95, 0x95, 0xE1, 0x02, 0xCF,
    0x69, 0x06, 0x86, 0x02, 0xBE, 0x79, 0x20, 0xF1, 0x7E, 0x38, 0x01, 0xE6, 0x82, 0x24, 0x78, 0xBF,
    0xB1, 0x00, 0x95, 0x6C, 0xA8, 0x07, 0x2A, 0x06, 0x6B, 0x03, 0x00, 0x3F, 0xF8, 0x11, 0xFA, 0x78,
    0x9C, 0x63, 0xB8, 0xC0, 0xCA, 0xC0, 0xA0, 0xC0, 0x00, 0x06, 0x06, 0xBF, 0xF7, 0x33, 0x7D, 0xF2,
    0xBE, 0x2A, 0xF7, 0x8A, 0xC1, 0x20, 0x7F, 0x1E, 0x03, 0x83, 0x50, 0x3F, 0x50, 0x0C, 0x48, 0x33,
    0xBC, 0x62, 0x10, 0xC8, 0x03, 0x89, 0x2B, 0xFC, 0x5E, 0xCF, 0x04, 0x00, 0x25, 0x34, 0x0D, 0xDC,
    0x78, 0x9C, 0x63, 0x30, 0x73, 0x60, 0x63, 0x60, 0x78, 0xFC, 0x84, 0x99, 0x81, 0x21, 0x21, 0x9E,
    0x01, 0x0A, 0xAE, 0xBF, 0xD7, 0x62, 0x58, 0x50, 0x1F, 0xF2, 0x87, 0xE9, 0x2B, 0x0B, 0xC3, 0x03,
    0xAE, 0xD3, 0x0C, 0x0C, 0x13, 0x78, 0xE7, 0x81, 0xC4, 0xFB, 0xE1, 0x04, 0x98, 0x0B, 0x94, 0x68,
    0xE0, 0xFD, 0x06, 0x52, 0xB2, 0x01, 0xA4, 0x18, 0xAC, 0x0D, 0x00, 0x03, 0xB7, 0x14, 0xB9, 0x78,
    0x9C, 0x4B, 0x90, 0x59, 0xC5, 0xC0, 0xF0, 0x8C, 0x93, 0x01, 0x04, 0x0C, 0x7E, 0xEF, 0x67, 0xFA,
    0xE4, 0x7D, 0x55, 0xEE, 0x15, 0x83, 0x42, 0xFE, 0x3C, 0x20, 0xBF, 0x1F, 0x88, 0x41, 0xF4, 0x2B,
    0x06, 0x81, 0x7C, 0x90, 0xB8, 0xC2, 0xEF, 0xF5, 0x8C, 0x00, 0x53, 0x78, 0x0E, 0xDA, 0x78, 0x9C,
    0x2B, 0x90, 0x9E, 0xCD, 0xC0, 0xC0, 0xF0, 0x9D, 0x83, 0x01, 0x02, 0xFE, 0xFF, 0xEF, 0x65, 0x64,
    0xD8, 0xEF, 0x7C, 0x4D, 0x8E, 0xA1, 0x9F, 0x41, 0x60, 0x2F, 0x90, 0x60, 0xF8, 0xCA, 0x04, 0x24,
    0x3E, 0xB1, 0x01, 0x89, 0x0F, 0xEC, 0x30, 0xE2, 0x23, 0x88, 0xFB, 0x0D, 0x28, 0x21, 0xB0, 0x0F,
    0xA8, 0xF8, 0xB9, 0x2C, 0x44, 0x1B, 0x00, 0x22, 0x3B, 0x17, 0x19, 0x78, 0x9C, 0x63, 0x60, 0x60,
    0xE8, 0xFF, 0xC1, 0x00, 0x24, 0x4E, 0x83, 0x08, 0x0D, 0x87, 0xBF, 0xB1, 0xFD, 0x0C, 0x9F, 0x7C,
    0xAE, 0xF6, 0x33, 0xBC, 0x62, 0x10, 0xE8, 0x67, 0x98, 0x0B, 0x14, 0x03, 0x42, 0x86, 0xF9, 0x0C,
    0xF3, 0x40, 0x2C, 0xB0, 0xD8, 0xA7, 0x68, 0xA0, 0x2C, 0x50, 0x5D, 0x1F, 0x03, 0x00, 0x3B, 0x97,
    0x13, 0xD6, 0x78, 0x9C, 0x63, 0xF8, 0xFF, 0xBF, 0x97, 0x91, 0x81, 0x61, 0xBF, 0xF3, 0x35, 0x39,
    0x06, 0x86, 0x7E, 0x06, 0x81, 0xBD, 0x20, 0x92, 0xE1, 0x2B, 0x13, 0x88, 0xFC, 0xC4, 0xF6, 0xF5,
    0xFF, 0x7D, 0x86, 0x0F, 0xEC, 0x86, 0xFB, 0x95, 0x81, 0x24, 0x48, 0xE4, 0x23, 0x1B, 0x88, 0xFC,
    0x06, 0x92, 0x15, 0xD8, 0x07, 0xD2, 0xF5, 0x5C, 0x96, 0x81, 0x01, 0x6C, 0x02, 0x00, 0x6A, 0xB4,
    0x17, 0xBC, 0x78, 0x9C, 0x63, 0x60, 0x60, 0xE8, 0x67, 0x60, 0x30, 0xF8, 0xFF, 0x9F, 0x9F, 0x81,
    0xC1, 0x78, 0x3F, 0xB3, 0xC3, 0xDF, 0xD8, 0x7E, 0x86, 0x4F, 0x3E, 0x57, 0xFB, 0x19, 0x5E, 0x31,
    0x08, 0xF4, 0x33, 0xCC, 0x05, 0xC9, 0x02, 0xE5, 0xE7, 0x33, 0xCC, 0x03, 0xB1, 0xC0, 0x62, 0x9F,
    0xA2, 0x81, 0xB2, 0x40, 0x75, 0x7D, 0x0C, 0x00, 0x41, 0x48, 0x13, 0xFF, 0x78, 0x9C, 0x63, 0x60,
    0x60, 0x60, 0xF8, 0xF0, 0xFF, 0x3F, 0x83, 0x81, 0xB1, 0x31, 0x03, 0x08, 0xFC, 0xFF, 0xFF, 0x9F,
    0x7F, 0xBD, 0xB1, 0x31, 0x73, 0x3F, 0x90, 0x0D, 0xC3, 0x40, 0x31, 0x16, 0xA0, 0x18, 0x03, 0xB2,
    0x18, 0x48, 0x0D, 0x50, 0x5C, 0x1E, 0x00, 0x5E, 0xBE, 0x13, 0x4D, 0x78, 0x9C, 0xFB, 0xF0, 0xFF,
    0x3F, 0x83, 0x81, 0xB1, 0x31, 0x03, 0x08, 0x28, 0xFC, 0x9E, 0xC7, 0xF8, 0x30, 0xE6, 0x29, 0xF7,
    0x4B, 0x06, 0x07, 0xFD, 0x75, 0x0C, 0x02, 0xF9, 0xFF, 0xFF, 0xFF, 0xAF, 0x3F, 0x6F, 0x6C, 0x2C,
    0xFC, 0x8A, 0x81, 0x81, 0xF1, 0x53, 0xCC, 0x51, 0x39, 0x85, 0xDF, 0xFB, 0x98, 0x01, 0xD5, 0xD3,
    0x13, 0xAD, 0x78, 0x9C, 0x5B, 0xC0, 0xF5, 0x8C, 0x41, 0xE1, 0x5F, 0x3C, 0x03, 0x83, 0x02, 0x23,
    0xC3, 0xFF, 0xFF, 0xFF, 0xE3, 0xCF, 0x1B, 0x1B, 0x0B, 0xCF, 0x67, 0x60, 0x60, 0x80, 0x61, 0xA0,
    0x18, 0x27, 0x50, 0x8C, 0x11, 0x59, 0x0C, 0xA4, 0x06, 0x28, 0x5E, 0x0F, 0x00, 0x6A, 0xF2, 0x14,
    0x8D, 0x78, 0x9C, 0x01, 0x30, 0x00, 0xCF, 0xFF, 0x70, 0x1C, 0xF2, 0x03, 0x10, 0xFD, 0xAF, 0x00,
    0x00, 0x20, 0x01, 0x00, 0x20, 0xFB, 0x9E, 0x01, 0xE1, 0x5C, 0xE5, 0x0B, 0xE9, 0x00, 0x40, 0x2F,
    0xAE, 0x00, 0x10, 0x6F, 0xFF, 0xFF, 0xFF, 0x7F, 0xCF, 0x33, 0x33, 0x13, 0xEA, 0x01, 0x00, 0x01,
    0xF2, 0x5D, 0x84, 0x2F, 0x20, 0xFB, 0xBE, 0x03, 0xC7, 0x04, 0x13, 0x59, 0x78, 0x9C, 0x63, 0x60,
    0x00, 0x82, 0x0B, 0xAC, 0x0C, 0x0C, 0x02, 0x0C, 0x0C, 0xFF, 0xFF, 0xFF, 0xCF, 0x5F, 0x6F, 0x6C,
    0x2C, 0xDC, 0x0F, 0x14, 0x82, 0x61, 0xA0, 0x18, 0x17, 0x50, 0x8C, 0x09, 0x59, 0x0C, 0xA4, 0x06,
    0x28, 0x5E, 0x0F, 0x00, 0xD7, 0x77, 0x11, 0x96, 0x78, 0x9C, 0x63, 0xB8, 0xC0, 0xCA, 0xC0, 0xA0,
    0xC0, 0x00, 0x06, 0x0A, 0xBF, 0xE7, 0x31, 0x3E, 0x8C, 0x79, 0xCA, 0xFD, 0x92, 0xC1, 0x41, 0x7F,
    0x1D, 0x83, 0x40, 0xFE, 0xFF, 0xFF, 0xFF, 0xEB, 0xCF, 0x1B, 0x1B, 0x0B, 0xBF, 0x62, 0x64, 0x60,
    0xFC, 0x14, 0xDB, 0xA2, 0xAF, 0xF0, 0x7B, 0x1F, 0x33, 0x00, 0x5E, 0x58, 0x10, 0xF0, 0x78, 0x9C,
    0xFB, 0xFF, 0xFF, 0x7F, 0xFE, 0x7A, 0x63, 0x63, 0xE1, 0x7E, 0x06, 0x06, 0x06, 0x18, 0xFE, 0xFF,
    0xFF, 0x3F, 0x17, 0x50, 0x8C, 0x09, 0x59, 0x0C, 0xA4, 0x06, 0x28, 0x5E, 0xCF, 0xC0, 0xF0, 0x94,
    0x99, 0x81, 0x61, 0x1F, 0x0B, 0x03, 0xC3, 0x4F, 0x5E, 0x00, 0x7E, 0x6C, 0x13, 0x61, 0x78, 0x9C,
    0x01, 0x30, 0x00, 0xCF, 0xFF, 0x20, 0xFB, 0xAF, 0x01, 0xE1, 0x5C, 0xC4, 0x0D, 0xE9, 0x00, 0x20,
    0x5F, 0xFF, 0xFF, 0xFF, 0x7F, 0xBF, 0x33, 0x33, 0x13, 0x9F, 0x00, 0x00, 0x00, 0xEA, 0x01, 0x00,
    0x06, 0xF2, 0x5D, 0xA4, 0x2F, 0x20, 0xFB, 0xFF, 0x03, 0x00, 0x90, 0x0D, 0x00, 0x00, 0xF0, 0x4B,
    0x00, 0x00, 0x80, 0xDF, 0x00, 0x03, 0xD5, 0x12, 0xFC, 0x78, 0x9C, 0x4B, 0x90, 0x59, 0xC5, 0xC0,
    0xF0, 0x8D, 0x93, 0x01, 0x04, 0xFE, 0xFF, 0xFF, 0x9F, 0xBF, 0xDE, 0xD8, 0x58, 0xB8, 0x1F, 0xC8,
    0x86, 0x61, 0xA0, 0x18, 0x17, 0x50, 0x8C, 0x09, 0x59, 0x0C, 0xA4, 0x06, 0x28, 0x5E, 0x0F, 0x00,
    0x20, 0xD0, 0x12, 0xD6, 0x78, 0x9C, 0x33, 0xB0, 0xBD, 0xC6, 0xC8, 0x70, 0x59, 0x86, 0x01, 0x04,
    0x14, 0x7E, 0xCF, 0x63, 0x7C, 0x18, 0xF3, 0x94, 0xFB, 0x25, 0x83, 0x83, 0xFE, 0x3A, 0x06, 0x81,
    0xFC, 0xFF, 0xFF, 0xFF, 0xD7, 0x9F, 0x37, 0x36, 0x16, 0x7E, 0xC5, 0xC8, 0xC0, 0xF8, 0x29, 0xB6,
    0x45, 0x5F, 0xE1, 0xF7, 0x3E, 0x66, 0x00, 0x94, 0xBF, 0x12, 0x2E, 0x78, 0x9C, 0x63, 0x50, 0x60,
    0x67, 0x60, 0x60, 0xB8, 0xB0, 0x16, 0x48, 0xCC, 0x3E, 0x00, 0x62, 0x82, 0xC0, 0x8D, 0xF7, 0x5A,
    0x0C, 0x07, 0xEA, 0x43, 0xFE, 0x30, 0x7D, 0x63, 0x61, 0x78, 0xC0, 0x7D, 0x86, 0x81, 0x21, 0x80,
    0x63, 0x1E, 0x48, 0xBC, 0x1F, 0x42, 0x7C, 0xF9, 0xCF, 0xBF, 0x8E, 0xC1, 0x60, 0x32, 0xFF, 0x6D,
    0x06, 0x86, 0x06, 0xFE, 0xAF, 0x6C, 0x40, 0x62, 0x41, 0xBF, 0xCB, 0x77, 0x1E, 0x86, 0x63, 0xFF,
    0x6B, 0x19, 0x00, 0x43, 0xAE, 0x17, 0x7C, 0x78, 0x9C, 0x63, 0x78, 0xC2, 0xCD, 0xE0, 0x20, 0xBD,
    0x8C, 0x01, 0x04, 0x02, 0xFE, 0xC6, 0xF6, 0x7D, 0xF6, 0xB9, 0xDA, 0xFF, 0x8A, 0x41, 0xA0, 0x7F,
    0x1E, 0x03, 0x43, 0x7F, 0x3F, 0x03, 0xC3, 0x7C, 0x10, 0x0D, 0xE2, 0x7F, 0x8E, 0xBE, 0xDA, 0xEF,
    0xF0, 0x37, 0xB6, 0x5E, 0x80, 0xC1, 0x20, 0xFE, 0x89, 0xFB, 0x33, 0xDE, 0x84, 0x3F, 0xEB, 0x18,
    0x01, 0x7B, 0x34, 0x16, 0xF9, 0x78, 0x9C, 0x63, 0xC8, 0x9F, 0xC0, 0xCD, 0xC0, 0xF0, 0xED, 0x3D,
    0x33, 0x03, 0x03, 0x03, 0x13, 0x10, 0xDF, 0x78, 0xAF, 0xC5, 0x70, 0xA0, 0x3E, 0xE4, 0x0F, 0xD3,
    0x37, 0x16, 0x86, 0x07, 0xDC, 0x67, 0x18, 0x18, 0x02, 0xD8, 0xE7, 0x01, 0x85, 0x19, 0xFA, 0x21,
    0xC4, 0x97, 0xFF, 0xFC, 0xEB, 0x18, 0x0C, 0x26, 0xF3, 0xDF, 0x66, 0x60, 0x68, 0xE0, 0xFF, 0xCA,
    0x06, 0x24, 0x16, 0xF4, 0xBB, 0x7C, 0xE7, 0x61, 0x38, 0xF6, 0xBF, 0x96, 0x01, 0x00, 0x3A, 0xBC,
    0x17, 0x69, 0x78, 0x9C, 0x63, 0x60, 0x60, 0x60, 0x48, 0xF8, 0x7F, 0x9F, 0x91, 0x41, 0x81, 0x91,
    0x01, 0x04, 0x02, 0xFE, 0xC6, 0xF6, 0x7D, 0xF6, 0xB9, 0xDA, 0xFF, 0x8A, 0x41, 0xA0, 0x7F, 0x1E,
    0x03, 0x43, 0x7F, 0x3F, 0x03, 0xC3, 0x7C, 0x10, 0x0D, 0xE2, 0x7F, 0x8E, 0xBE, 0xDA, 0xEF, 0xF0,
    0x37, 0xB6, 0x5E, 0x80, 0xC1, 0x20, 0xFE, 0x89, 0xFB, 0x33, 0xDE, 0x84, 0x3F, 0xEB, 0x18, 0x01,
    0x98, 0x77, 0x17, 0x69, 0x78, 0x9C, 0x63, 0x60, 0x00, 0x81, 0x00, 0x5E, 0x10, 0xC9, 0xC8, 0x00,
    0x05, 0x37, 0xDE, 0x6B, 0x31, 0x1C, 0xA8, 0x0F, 0xF9, 0xC3, 0xF4, 0x8D, 0x85, 0xE1, 0x01, 0xF7,
    0x19, 0xA0, 0x3C, 0xC7, 0x3C, 0x90, 0x78, 0x3F, 0x84, 0xF8, 0xFE, 0x9F, 0x7F, 0x1D, 0x83, 0xE1,
    0x64, 0xFE, 0xDB, 0x0C, 0x0C, 0x0D, 0xFC, 0x5F, 0xD9, 0x80, 0xC4, 0x82, 0x7E, 0x97, 0xEF, 0x3C,
    0x0C, 0xC7, 0xFE, 0xD7, 0x32, 0x00, 0x00, 0x87, 0x10, 0x14, 0xD8, 0x78, 0x9C, 0x63, 0xB8, 0xC0,
    0xCA, 0xC0, 0xA0, 0xC0, 0x00, 0x06, 0x01, 0x7F, 0x63, 0xFB, 0x3E, 0xFB, 0x5C, 0xED, 0x7F, 0xC5,
    0x20, 0xD0, 0x3F, 0x8F, 0x81, 0xA1, 0xBF, 0x9F, 0x81, 0x61, 0x3E, 0x88, 0x06, 0xF1, 0x3F, 0x47,
    0x5F, 0xED, 0x77, 0xF8, 0x1B, 0x5B, 0x2F, 0xC0, 0x60, 0x10, 0xFF, 0xC4, 0xFD, 0x19, 0x6F, 0xC2,
    0x9F, 0x75, 0x8C, 0x00, 0x45, 0x4B, 0x15, 0xFE, 0x78, 0x9C, 0x63, 0xB8, 0xF1, 0x5E, 0x8B, 0xE1,
    0x40, 0x7D, 0xC8, 0x1F, 0xA6, 0x6F, 0x2C, 0x0C, 0x0F, 0xB8, 0xCF, 0x30, 0x30, 0x04, 0x70, 0xCC,
    0x63, 0x00, 0x82, 0x7E, 0x08, 0xF1, 0xF5, 0x3F, 0xFF, 0x3A, 0x06, 0xC3, 0xC9, 0xFC, 0xB7, 0x19,
    0x18, 0x1A, 0xF8, 0xBF, 0xB2, 0x01, 0x89, 0x05, 0xFD, 0x2E, 0xDF, 0x79, 0x18, 0x8E, 0xFD, 0xAF,
    0x65, 0x80, 0x82, 0x7A, 0x20, 0x16, 0x88, 0x07, 0x12, 0x09, 0x7C, 0x20, 0x2E, 0x23, 0x03, 0x03,
    0x00, 0x7D, 0xF5, 0x15, 0xD5, 0x78, 0x9C, 0x63, 0x70, 0xE0, 0x62, 0x60, 0x38, 0x00, 0xC4, 0x1F,
    0x38, 0x18, 0x18, 0x1A, 0x58, 0x18, 0x40, 0x20, 0xE0, 0x6F, 0x6C, 0xDF, 0x67, 0x9F, 0xAB, 0xFD,
    0xAF, 0x18, 0x04, 0xFA, 0xE7, 0x31, 0x30, 0xF4, 0xF7, 0x33, 0x30, 0xCC, 0x07, 0xD1, 0x20, 0xFE,
    0xE7, 0xE8, 0xAB, 0xFD, 0x0E, 0x7F, 0x63, 0xEB, 0x05, 0x18, 0x0C, 0xE2, 0x9F, 0xB8, 0x3F, 0xE3,
    0x4D, 0xF8, 0xB3, 0x8E, 0x11, 0x00, 0xA7, 0xD9, 0x17, 0x99, 0x78, 0x9C, 0x63, 0x98, 0x10, 0xCF,
    0xC0, 0xC0, 0xB0, 0xEA, 0x22, 0x2B, 0x03, 0x18, 0xF4, 0x33, 0x30, 0x34, 0xF0, 0x63, 0x23, 0xFE,
    0x03, 0x01, 0xFF, 0x7A, 0x63, 0xE3, 0xC5, 0x58, 0x65, 0xC1, 0x04, 0x00, 0xBF, 0x62, 0x13, 0x6E,
    0x78, 0x9C, 0x53, 0xB8, 0xCB, 0xC8, 0x70, 0x29, 0x44, 0x96, 0x01, 0x04, 0xFA, 0x91, 0xF1, 0x8B,
    0xFD, 0x8C, 0xFF, 0x3D, 0xBF, 0x73, 0xFD, 0x67, 0x98, 0xC0, 0xBF, 0x9F, 0xA1, 0x81, 0xBF, 0x1F,
    0x0B, 0x06, 0x00, 0xE6, 0x2D, 0x10, 0xF1, 0x78, 0x9C, 0x63, 0xE8, 0x67, 0x60, 0x68, 0xE0, 0x67,
    0x60, 0x80, 0x50, 0x1F, 0xFF, 0x83, 0x00, 0xA3, 0xC2, 0x7A, 0x25, 0xA5, 0x45, 0xFA, 0x30, 0x41,
    0x06, 0x90, 0x18, 0x90, 0x5A, 0x6F, 0x6C, 0xBC, 0x18, 0xAE, 0x12, 0x1F, 0x05, 0x00, 0x55, 0x9E,
    0x16, 0x94, 0x78, 0x9C, 0x63, 0xE8, 0x67, 0x60, 0x60, 0xF8, 0xF6, 0xFF, 0x3E, 0x03, 0x83, 0xE1,
    0x7E, 0x65, 0x20, 0xB3, 0xFF, 0xE5, 0x7E, 0x46, 0x86, 0xFF, 0x5E, 0xDF, 0xB9, 0x18, 0xFE, 0x33,
    0x4C, 0xE0, 0x67, 0x38, 0xCF, 0xD0, 0xC0, 0xCF, 0xD0, 0x8F, 0x83, 0x00, 0x00, 0x49, 0x70, 0x11,
    0x8B, 0x78, 0x9C, 0x63, 0x60, 0x60, 0xFC, 0x2A, 0x95, 0x9D, 0xFB, 0x43, 0x8E, 0x59, 0x80, 0x81,
    0xA1, 0x9F, 0x30, 0x02, 0x00, 0xFF, 0x01, 0x09, 0xC6, 0x78, 0x9C, 0x63, 0x60, 0x60, 0xF8, 0x2A,
    0x95, 0x95, 0xFB, 0x53, 0x8E, 0x59, 0x80, 0x81, 0xA1, 0x1F, 0x27, 0x02, 0x00, 0xAD, 0x98, 0x08,
    0x18, 0x78, 0x9C, 0x63, 0x60, 0x60, 0xF8, 0xFF, 0x9F, 0xDF, 0xD8, 0x98, 0x99, 0x01, 0x08, 0xFA,
    0x09, 0x23, 0x00, 0xE8, 0x5F, 0x09, 0x2B, 0x78, 0x9C, 0xFB, 0xFF, 0x9F, 0xDF, 0xD8, 0x98, 0x99,
    0x01, 0x08, 0xFA, 0x71, 0x22, 0x00, 0x9C, 0x8D, 0x07, 0x7E, 0x78, 0x9C, 0x3B, 0x16, 0xC8, 0x77,
    0xF1, 0x3F, 0x1B, 0x83, 0x10, 0x03, 0x43, 0x3F, 0x61, 0x04, 0x00, 0xFE, 0x00, 0x09, 0xC2, 0x78,
    0x9C, 0x3B, 0x16, 0xC8, 0x77, 0xF1, 0x3F, 0x1B, 0x83, 0x10, 0x03, 0x43, 0x3F, 0x4E, 0x04, 0x00,
    0xAC, 0xE2, 0x08, 0x15, 0x78, 0x9C, 0x6B, 0xE0, 0x6F, 0xC0, 0x02, 0x37, 0xF0, 0x3F, 0x63, 0xDA,
    0xC7, 0xF2, 0x93, 0x07, 0x00, 0x8A, 0xB6, 0x09, 0x94, 0x78, 0x9C, 0x0B, 0xE0, 0x65, 0x60, 0x62,
    0x60, 0x68, 0xE0, 0x47, 0x85, 0x0B, 0xF8, 0x9F, 0x32, 0xEF, 0x63, 0xF9, 0xC9, 0x0B, 0x00, 0x66,
    0x86, 0x08, 0x37, 0x78, 0x9C, 0x63, 0x88, 0x65, 0xEC, 0x47, 0x02, 0x00, 0x30, 0xC4, 0x07, 0x13,
    0x78, 0x9C, 0xEB, 0xEF, 0x87, 0x02, 0x00, 0x19, 0x2C, 0x05, 0x08, 0x78, 0x9C, 0xEB, 0x67, 0x60,
    0x60, 0x68, 0xE0, 0xEF, 0x27, 0x9E, 0x34, 0x60, 0x03, 0x91, 0x09, 0xFA, 0x0C, 0x1B, 0x78, 0xFB,
    0x05, 0xEE, 0xB9, 0xFE, 0x62, 0xEB, 0x67, 0xD8, 0xF4, 0x2F, 0x96, 0x01, 0x00, 0x15, 0x2B, 0x11,
    0x7E, 0x78, 0x9C, 0x8B, 0x65, 0x88, 0x65, 0x62, 0x60, 0x62, 0x60, 0x60, 0xE8, 0x67, 0xE8, 0xC7,
    0x85, 0x18, 0x18, 0xEA, 0x19, 0x8A, 0xE3, 0x19, 0x7E, 0x73, 0x01, 0x00, 0x11, 0x4E, 0x0D, 0x23,
    0x78, 0x9C, 0x63, 0x60, 0x48, 0xE8, 0x67, 0x60, 0x60, 0x38, 0xBE, 0x91, 0x83, 0x01, 0x0A, 0xFA,
    0x89, 0x21, 0xCC, 0x18, 0x18, 0xEA, 0x19, 0xD6, 0x31, 0x18, 0xC4, 0x33, 0x7C, 0xF7, 0x7C, 0xCA,
    0xCB, 0x50, 0xF0, 0x77, 0x1D, 0x23, 0x03, 0x00, 0x93, 0x5C, 0x0D, 0x28, 0x78, 0x9C, 0x63, 0x78,
    0xC2, 0xC5, 0xE0, 0xA0, 0xBB, 0x92, 0x01, 0x0C, 0x3E, 0x70, 0x10, 0x81, 0xD9, 0x19, 0x1C, 0x7E,
    0xB2, 0x30, 0x7C, 0xA8, 0x63, 0x60, 0x00, 0x00, 0x99, 0x23, 0x0E, 0x5F, 0x78, 0x9C, 0xEB, 0x67,
    0x60, 0x78, 0xC3, 0xD4, 0xCF, 0xB0, 0xC0, 0x9F, 0xA1, 0x9F, 0xE1, 0x07, 0x2B, 0x43, 0x7F, 0x42,
    0x3D, 0x03, 0x43, 0xFF, 0x17, 0x2E, 0x06, 0x86, 0xF5, 0xFF, 0x19, 0x19, 0x18, 0xFE, 0xFF, 0xE7,
    0x06, 0x12, 0x81, 0x40, 0xB1, 0xF9, 0x0C, 0x3F, 0x99, 0x81, 0x4A, 0x2E, 0xC8, 0x01, 0x09, 0x85,
    0xFD, 0x40, 0x82, 0xE1, 0x2B, 0x3B, 0xC3, 0x07, 0x76, 0x06, 0x06, 0x86, 0x8F, 0xAC, 0x40, 0xE2,
    0x29, 0x10, 0x33, 0x08, 0x00, 0x31, 0x00, 0xF9, 0x17, 0x15, 0xFD, 0x78, 0x9C, 0xEB, 0x67, 0x60,
    0x60, 0xE8, 0x87, 0xE3, 0x2F, 0x9C, 0xFD, 0x0E, 0xF3, 0x19, 0xFA, 0x3F, 0x73, 0x31, 0xAC, 0xFF,
    0xCF, 0xC0, 0xF0, 0xFF, 0x3F, 0x13, 0xC3, 0xFF, 0x47, 0xBC, 0x0C, 0xF3, 0x0D, 0x80, 0x62, 0x0C,
    0xDF, 0x59, 0xFB, 0x19, 0x36, 0xC8, 0x31, 0xB4, 0x00, 0x15, 0xFE, 0x00, 0xE2, 0xBD, 0x40, 0xAC,
    0xC1, 0xC0, 0x00, 0x00, 0x7A, 0xAA, 0x12, 0x87, 0x78, 0x9C, 0xEB, 0x67, 0xB8, 0xC8, 0xDB, 0xCF,
    0xF0, 0x9A, 0xA9, 0x7F, 0x82, 0x3D, 0xC3, 0xFC, 0x6F, 0x6C, 0x0C, 0xFF, 0xFF, 0x33, 0x30, 0x9C,
    0xFF, 0xC5, 0xC1, 0xD0, 0xDF, 0x90, 0xCF, 0xD0, 0xCF, 0xF0, 0x8B, 0xA5, 0x9F, 0x61, 0x83, 0x3D,
    0x00, 0x0B, 0xCE, 0x0E, 0x3B, 0x78, 0x9C, 0x63, 0x38, 0xCB, 0xC0, 0xC0, 0x50, 0x20, 0x07, 0x22,
    0x98, 0x80, 0xC4, 0x07, 0x0E, 0x92, 0x09, 0x2B, 0x63, 0x63, 0x86, 0x0F, 0xFF, 0xFF, 0xFF, 0x67,
    0x04, 0x00, 0x06, 0x58, 0x10, 0xFC, 0x78, 0x9C, 0x63, 0xB8, 0xC3, 0x50, 0x20, 0xC7, 0x50, 0xC0,
    0xC4, 0x00, 0x04, 0x1F, 0x38, 0x08, 0x23, 0x00, 0x36, 0x7D, 0x0D, 0x7D, 0x78, 0x9C, 0xEB, 0x67,
    0x60, 0x60, 0xE8, 0x27, 0x02, 0xAF, 0x37, 0x36, 0x16, 0xFE, 0xFF, 0xFF, 0x7F, 0x3C, 0x03, 0x08,
    0x7C, 0x60, 0x67, 0x60, 0xF8, 0xC4, 0xCA, 0xC0, 0x70, 0x1D, 0xC8, 0x16, 0x60, 0x60, 0x00, 0x00,
    0xA2, 0xCE, 0x0C, 0xF0, 0x78, 0x9C, 0xFB, 0xC0, 0xF1, 0x01, 0x2B, 0x64, 0x60, 0xF8, 0xC0, 0xFE,
    0x91, 0xF5, 0x19, 0x83, 0x00, 0x03, 0x00, 0x1C, 0x59, 0x0E, 0x84, 0x78, 0x9C, 0xEB, 0x67, 0xA8,
    0x67, 0xE8, 0x57, 0x88, 0x67, 0xE8, 0x2F, 0xE0, 0x63, 0xE8, 0x67, 0x60, 0x04, 0x62, 0x06, 0xAC,
    0x78, 0xBF, 0x8B, 0x8B, 0xC8, 0xFF, 0xFF, 0xFF, 0xEB, 0x01, 0xFA, 0x18, 0x0B, 0xEB, 0x78, 0x9C,
    0xEB, 0xFF, 0xC0, 0xDE, 0xFF, 0x89, 0xB5, 0xFF, 0x18, 0x43, 0x3F, 0x03, 0x4E, 0x04, 0x00, 0xD9,
    0xE1, 0x09, 0x69, 0x78, 0x9C, 0xEB, 0x67, 0x60, 0x60, 0xE8, 0x47, 0xC7, 0x01, 0xBC, 0x40, 0x9A,
    0x11, 0x45, 0x6C, 0xBD, 0xB1, 0x31, 0xF3, 0xFF, 0xFF, 0xFF, 0xF9, 0x01, 0xC2, 0xC0, 0x0A, 0x19,
    0x78, 0x9C, 0xEB, 0x67, 0xE8, 0x87, 0xC1, 0xAB, 0xFD, 0x02, 0x70, 0x36, 0x03, 0x00, 0x62, 0xBD,
    0x07, 0x9A, 0x78, 0x9C, 0x63, 0xE8, 0x67, 0x00, 0x02, 0x74, 0xC2, 0x85, 0x81, 0xC1, 0xE1, 0xBF,
    0x35, 0x03, 0xC3, 0xC1, 0xF9, 0x58, 0x64, 0xD7, 0x1B, 0x1B, 0x33, 0x33, 0xFC, 0xFF, 0xFF, 0x9F,
    0x1F, 0x00, 0x20, 0x2B, 0x0B, 0xBB, 0x78, 0x9C, 0x63, 0xE8, 0x67, 0x60, 0x40, 0x20, 0x46, 0x81,
    0xFF, 0xBC, 0x97, 0xF6, 0x23, 0x8B, 0x80, 0x10, 0x00, 0x99, 0x37, 0x08, 0x45, 0x78, 0x9C, 0x63,
    0x60, 0xF8, 0xC4, 0xC9, 0xC0, 0xC0, 0xB0, 0x1B, 0x88, 0x05, 0xD8, 0x19, 0x18, 0xCE, 0x33, 0x30,
    0x34, 0xF0, 0xFF, 0x67, 0x07, 0x11, 0xFA, 0x40, 0x62, 0xFE, 0x39, 0x20, 0xD1, 0xFF, 0x95, 0x0D,
    0x48, 0x6C, 0x90, 0x07, 0x12, 0x0A, 0xFB, 0x81, 0x04, 0xC3, 0xB7, 0x56, 0x20, 0x71, 0x60, 0x1E,
    0x90, 0x50, 0xF8, 0x0F, 0x24, 0x18, 0x7E, 0x80, 0x88, 0x0B, 0xFC, 0x00, 0x17, 0x88, 0x17, 0x53,
    0x78, 0x9C, 0x63, 0x50, 0x98, 0xC7, 0xC0, 0x70, 0x80, 0x9D, 0x01, 0x04, 0xFA, 0x5F, 0xEC, 0x67,
    0xFC, 0xEF, 0xF5, 0x9D, 0xEB, 0x3F, 0xC3, 0x04, 0xFE, 0xF3, 0x0C, 0x0D, 0xFC, 0xFD, 0x58, 0x30,
    0x00, 0x60, 0xEB, 0x0E, 0x99, 0x78, 0x9C, 0x3B, 0xCF, 0xC0, 0xF0, 0x81, 0xE3, 0x3F, 0x1B, 0x88,
    0x90, 0x03, 0x12, 0xF3, 0xE7, 0x03, 0x89, 0xFE, 0xEF, 0x4C, 0x40, 0xE2, 0x02, 0x0F, 0x90, 0x70,
    0x88, 0x07, 0x12, 0x0C, 0xAF, 0x40, 0xC4, 0xA7, 0x1F, 0x40, 0xA2, 0xE1, 0x3F, 0x90, 0x60, 0xF8,
    0x0B, 0x22, 0xBE, 0x72, 0x30, 0x80, 0x41, 0x03, 0x3F, 0x90, 0x98, 0xC0, 0x0B, 0x24, 0x1E, 0xB0,
    0x01, 0x09, 0x01, 0x20, 0x06, 0x00, 0xA8, 0xAF, 0x1B, 0x63, 0x78, 0x9C, 0xEB, 0x7F, 0xB1, 0x9F,
    0xF1, 0xBF, 0xD7, 0x77, 0xAE, 0xFF, 0x0C, 0x13, 0xF8, 0xCF, 0x33, 0x34, 0xF0, 0xF7, 0x63, 0xC1,
    0x0C, 0x20, 0xF0, 0x03, 0x88, 0x6F, 0x02, 0x71, 0x2E, 0x10, 0x33, 0x32, 0x30, 0x00, 0x00, 0x3D,
    0xAD, 0x0F, 0x53, 0x78, 0x9C, 0x63, 0xD8, 0x71, 0x90, 0x83, 0x81, 0xA1, 0xA1, 0x9E, 0x01, 0x02,
    0xCE, 0x03, 0xD9, 0xFC, 0xFF, 0xD9, 0x41, 0x84, 0x3E, 0x90, 0x98, 0x7F, 0x0E, 0x48, 0xF4, 0x7F,
    0x65, 0x03, 0x12, 0x1B, 0xE4, 0x81, 0x84, 0xC2, 0x7E, 0x20, 0xC1, 0xF0, 0xAD, 0x15, 0x48, 0x1C,
    0x98, 0x07, 0x24, 0x14, 0xFE, 0x03, 0x09, 0x86, 0x1F, 0x20, 0xE2, 0x02, 0x3F, 0x00, 0x4B, 0x4E,
    0x18, 0x06, 0x78, 0x9C, 0x4B, 0x90, 0x99, 0xCD, 0xC0, 0x70, 0x95, 0x9D, 0x01, 0x04, 0xFA, 0x5F,
    0xEC, 0x67, 0xFC, 0xEF, 0xF5, 0x9D, 0xEB, 0x3F, 0xC3, 0x04, 0xFE, 0xF3, 0x0C, 0x0D, 0xFC, 0xFD,
    0x58, 0x30, 0x00, 0x75, 0x2C, 0x0F, 0x07, 0x78, 0x9C, 0xFB, 0xC0, 0xCE, 0xC0, 0xC0, 0xF0, 0x85,
    0x19, 0x48, 0x04, 0x31, 0x80, 0x40, 0xFF, 0x8B, 0xFD, 0x8C, 0x0C, 0xFF, 0xBD, 0xBE, 0x73, 0x31,
    0xFC, 0x67, 0x98, 0xC0, 0xCF, 0x70, 0x9E, 0xA1, 0x81, 0x9F, 0xA1, 0x1F, 0x07, 0x01, 0x00, 0xD9,
    0xB0, 0x0F, 0x54, 0x78, 0x9C, 0xFB, 0xCF, 0xC0, 0xD0, 0xC0, 0xFF, 0x9F, 0x1D, 0x44, 0xE8, 0x03,
    0x89, 0xFE, 0x7D, 0x20, 0xE2, 0x0B, 0x2B, 0x90, 0x58, 0x20, 0x07, 0x24, 0x04, 0xD6, 0x01, 0x09,
    0x86, 0x6F, 0x2D, 0x40, 0x62, 0x43, 0x2F, 0x90, 0x50, 0xF8, 0x0F, 0x24, 0x18, 0xBE, 0x83, 0x88,
    0x0F, 0xFC, 0x0C, 0x20, 0xBD, 0x0C, 0x0C, 0x0A, 0x4F, 0xB8, 0x81, 0x8C, 0xF3, 0x4C, 0x00, 0xE7,
    0xB6, 0x18, 0x4E, 0x78, 0x9C, 0xCB, 0x7F, 0xB9, 0x8E, 0xF1, 0xBF, 0xFB, 0x77, 0xCE, 0xF7, 0x0C,
    0x0B, 0xF8, 0xE6, 0x33, 0x34, 0xF0, 0xF7, 0x63, 0xC1, 0x0C, 0x20, 0xAC, 0x70, 0x85, 0x87, 0xA1,
    0xE0, 0x3C, 0x13, 0x00, 0xB8, 0x22, 0x0F, 0x7F, 0x78, 0x9C, 0x63, 0x60, 0x00, 0x81, 0xFF, 0xFF,
    0xF9, 0x19, 0x18, 0x8C, 0x8D, 0x99, 0x19, 0x20, 0xE0, 0xDA, 0x7B, 0x2D, 0x86, 0x09, 0xFD, 0x21,
    0x7F, 0x98, 0xBF, 0xB0, 0x32, 0x1C, 0xE0, 0xB9, 0xCD, 0xC0, 0x10, 0x60, 0xBF, 0x8E, 0x81, 0x41,
    0x21, 0xBF, 0x1F, 0x28, 0x57, 0x0F, 0x26, 0xC0, 0x5C, 0xB0, 0x04, 0x48, 0x09, 0x2F, 0x58, 0x31,
    0x58, 0x1B, 0x00, 0x14, 0x18, 0x16, 0x2E, 0x78, 0x9C, 0xFB, 0xF0, 0xFF, 0x3F, 0x83, 0x81, 0xB1,
    0x31, 0x03, 0x08, 0x28, 0xFC, 0xDE, 0xCF, 0xF4, 0x31, 0xE6, 0xAA, 0xDE, 0x4B, 0x46, 0x81, 0x75,
    0xEB, 0x18, 0x18, 0x5E, 0xF5, 0x33, 0x30, 0xFC, 0x98, 0xC7, 0xC0, 0xF0, 0xF2, 0x25, 0x03, 0xC3,
    0xBA, 0x8F, 0x31, 0x47, 0xF5, 0x41, 0xF2, 0x00, 0xD1, 0x92, 0x13, 0xB3, 0x78, 0x9C, 0x63, 0xD8,
    0xE9, 0xA8, 0xCF, 0xC0, 0x70, 0xE9, 0x3F, 0x27, 0x03, 0x03, 0x83, 0x10, 0x10, 0x5F, 0x7B, 0xAF,
    0xC5, 0x30, 0xA1, 0x3F, 0xE4, 0x0F, 0xF3, 0x17, 0x56, 0x86, 0x03, 0x3C, 0xB7, 0x19, 0x18, 0x02,
    0xEC, 0xD7, 0x31, 0x30, 0x28, 0xE4, 0xF7, 0x03, 0xE5, 0xEA, 0xC1, 0x04, 0x98, 0x0B, 0x96, 0x00,
    0x29, 0xE1, 0x05, 0x2B, 0x06, 0x6B, 0x03, 0x00, 0x39, 0xB4, 0x16, 0xCD, 0x78, 0x9C, 0x4B, 0x90,
    0xFD, 0xC4, 0xC2, 0xF0, 0x67, 0x3F, 0x03, 0x83, 0x02, 0x13, 0x83, 0xC2, 0xEF, 0xFD, 0x4C, 0x1F,
    0x63, 0xAE, 0xEA, 0xBD, 0x64, 0x14, 0x58, 0xB7, 0x8E, 0x81, 0xE1, 0x55, 0x3F, 0x03, 0xC3, 0x8F,
    0x79, 0x0C, 0x0C, 0x2F, 0x5F, 0x32, 0x30, 0xAC, 0xFB, 0x18, 0x73, 0x54, 0x1F, 0x24, 0x0F, 0x00,
    0xC1, 0x19, 0x13, 0x7F, 0x78, 0x9C, 0x63, 0x60, 0x10, 0x52, 0x60, 0x64, 0x70, 0xB0, 0xBF, 0xC5,
    0xC8, 0xF0, 0xA0, 0x55, 0x96, 0x01, 0x02, 0xAE, 0xBD, 0xD7, 0x62, 0x98, 0xD0, 0x1F, 0xF2, 0x87,
    0xF9, 0x0B, 0x2B, 0xC3, 0x01, 0x9E, 0xDB, 0x0C, 0x0C, 0x01, 0xF6, 0xEB, 0x18, 0x18, 0x14, 0xF2,
    0xFB, 0x81, 0x72, 0xF5, 0x60, 0x02, 0xCC, 0x05, 0x4B, 0x80, 0x94, 0xF0, 0x82, 0x15, 0x83, 0xB5,
    0x01, 0x00, 0x3A, 0x20, 0x16, 0xC7, 0x78, 0x9C, 0x63, 0xF8, 0x98, 0xEE, 0xCF, 0xB0, 0xEA, 0x0B,
    0x0B, 0x03, 0x93, 0x20, 0x83, 0xC2, 0xEF, 0xFD, 0x4C, 0x1F, 0x63, 0xAE, 0xEA, 0xBD, 0x64, 0x14,
    0x58, 0xB7, 0x8E, 0x81, 0xE1, 0x55, 0x3F, 0x03, 0xC3, 0x8F, 0x79, 0x0C, 0x0C, 0x2F, 0x5F, 0x32,
    0x30, 0xAC, 0xFB, 0x18, 0x73, 0x54, 0x1F, 0x24, 0x0F, 0x00, 0xC3, 0x72, 0x13, 0x8B, 0x78, 0x9C,
    0x63, 0xB8, 0xF1, 0x1F, 0x08, 0xDE, 0x1F, 0xA8, 0x73, 0xF9, 0x6B, 0x6C, 0x6C, 0xFC, 0x83, 0x89,
    0xE1, 0x07, 0x03, 0x03, 0xC3, 0x5E, 0x06, 0x30, 0xD5, 0x8F, 0xA0, 0xFE, 0xFF, 0xD7, 0x07, 0x51,
    0xC6, 0xC6, 0xCC, 0x50, 0x41, 0xA8, 0x92, 0xEF, 0x10, 0x0D, 0x40, 0xED, 0xFF, 0x80, 0xDA, 0x19,
    0xC0, 0x86, 0xFD, 0x07, 0x00, 0xAA, 0xBE, 0x21, 0xC7, 0x78, 0x9C, 0x53, 0xF8, 0xBD, 0x9F, 0xE9,
    0xFA, 0x7D, 0xD6, 0x8F, 0x3E, 0x47, 0xE7, 0xD7, 0x4F, 0xB1, 0x7F, 0xC9, 0x20, 0xF0, 0x9F, 0x9D,
    0x61, 0xCF, 0x3A, 0x06, 0x86, 0xFF, 0x4C, 0x0C, 0x2F, 0xFA, 0x81, 0x14, 0x10, 0xCC, 0x03, 0x52,
    0xA6, 0xC6, 0xC6, 0xAF, 0x80, 0x14, 0x3B, 0x03, 0xC3, 0xC7, 0x98, 0xA3, 0xEB, 0xFB, 0x43, 0xAA,
    0x14, 0x80, 0xFA, 0xAE, 0xBD, 0xD7, 0x02, 0x00, 0xB6, 0xA3, 0x1D, 0x79, 0x78, 0x9C, 0x63, 0x10,
    0xD8, 0xC7, 0xC0, 0xC0, 0xB0, 0x80, 0x07, 0x48, 0x14, 0x32, 0x32, 0x30, 0xFC, 0xFF, 0x7F, 0x9E,
    0x95, 0x61, 0xBE, 0xF1, 0x92, 0x78, 0x86, 0x7E, 0x06, 0x86, 0x3B, 0x20, 0xE2, 0x07, 0x88, 0xB8,
    0x05, 0x24, 0x0A, 0xEB, 0x81, 0xB2, 0xFF, 0xD9, 0x18, 0xD6, 0x1B, 0xFF, 0x61, 0x04, 0x72, 0x3F,
    0x72, 0x01, 0x89, 0x02, 0x7D, 0x90, 0xEC, 0x3E, 0x10, 0xF1, 0x95, 0x05, 0x00, 0x3D, 0x3B, 0x16,
    0xDD, 0x78, 0x9C, 0x63, 0xF8, 0xCE, 0xE2, 0xA0, 0xCB, 0x00, 0x04, 0xF3, 0x7F, 0xB3, 0xFC, 0xF7,
    0x60, 0xFC, 0xCF, 0xC0, 0xB0, 0x9F, 0x81, 0xA1, 0x1F, 0x15, 0x01, 0x00, 0xB4, 0xEA, 0x08, 0xD8,
    0x78, 0x9C, 0xFB, 0xFF, 0xFF, 0x3C, 0x2B, 0xC3, 0x7C, 0xE3, 0x25, 0xF1, 0x0C, 0xFD, 0x0C, 0x0C,
    0x77, 0x40, 0xC4, 0x0F, 0x10, 0xF1, 0x0A, 0x48, 0x14, 0xD6, 0x33, 0xFC, 0xFF, 0xFF, 0x9F, 0x9D,
    0x61, 0xBD, 0xF1, 0x4F, 0x26, 0x20, 0xF7, 0x02, 0x37, 0x90, 0x08, 0xB0, 0x07, 0xC9, 0xEE, 0x05,
    0x11, 0x5F, 0x59, 0x18, 0xC0, 0xE0, 0x03, 0x3B, 0x90, 0xF8, 0xC4, 0x0A, 0x24, 0x9E, 0x83, 0xB8,
    0x02, 0x40, 0x0C, 0x00, 0xE7, 0x13, 0x17, 0xB4, 0x78, 0x9C, 0xFB, 0xB0, 0xD3, 0xFF, 0x43, 0xBF,
    0xC8, 0x07, 0x7E, 0x86, 0x0F, 0xDC, 0x0C, 0x1F, 0x38, 0x50, 0x10, 0x10, 0x7C, 0x60, 0x67, 0xF8,
    0xC8, 0xC6, 0xF0, 0x94, 0x91, 0x41, 0x80, 0x81, 0x01, 0x00, 0x60, 0x3E, 0x0D, 0x42, 0x78, 0x9C,
    0x2B, 0x90, 0x99, 0xCD, 0xC0, 0xC0, 0xF0, 0x9D, 0x83, 0x01, 0x02, 0xFE, 0xFF, 0x3F, 0xCF, 0xCA,
    0x30, 0xDF, 0x78, 0x49, 0x3C, 0x43, 0x3F, 0x03, 0xC3, 0x1D, 0x10, 0xF1, 0x03, 0x44, 0xDC, 0x06,
    0x12, 0x8D, 0xF5, 0x40, 0xD9, 0xFF, 0xEC, 0x0C, 0xFB, 0x8D, 0xFF, 0x30, 0x01, 0xB9, 0x0F, 0xB9,
    0x80, 0x44, 0x81, 0x3D, 0x48, 0x76, 0x1F, 0x88, 0xF8, 0xCA, 0x02, 0x00, 0x55, 0x02, 0x17, 0x3A,
    0x78, 0x9C, 0xDB, 0x60, 0xEE, 0xCB, 0x70, 0x8B, 0x99, 0x81, 0x81, 0xE1, 0xC3, 0x4E, 0xFF, 0x0F,
    0xFD, 0x22, 0x1F, 0xF8, 0x19, 0x3E, 0x70, 0x33, 0x7C, 0xE0, 0x40, 0x41, 0x00, 0xF1, 0x09, 0x0C,
    0x6F, 0x78, 0x9C, 0x63, 0x60, 0x28, 0x60, 0x65, 0x60, 0x60, 0x78, 0xCE, 0xC4, 0xC0, 0xA0, 0x60,
    0xCF, 0x00, 0x01, 0x02, 0x37, 0xEF, 0x73, 0x30, 0x5C, 0x88, 0x4D, 0x39, 0xC7, 0xF0, 0x8D, 0x89,
    0xE1, 0x33, 0xCB, 0x77, 0x46, 0x86, 0x06, 0xE6, 0x4F, 0x3A, 0x40, 0x09, 0x87, 0x7F, 0xB5, 0x8C,
    0x0C, 0x0C, 0x01, 0xBF, 0xE3, 0x41, 0x8A, 0x7E, 0x33, 0x79, 0x30, 0x30, 0x7C, 0x64, 0x3B, 0xCB,
    0xC0, 0xF0, 0x89, 0xED, 0x73, 0x74, 0xCA, 0x5B, 0x46, 0x85, 0x57, 0xF7, 0x25, 0x19, 0x00, 0xFF,
    0x93, 0x16, 0x8E, 0x78, 0x9C, 0x63, 0x60, 0xF8, 0xC2, 0xC6, 0x20, 0x10, 0xC7, 0x00, 0x06, 0x2F,
    0xCF, 0x33, 0x2F, 0xC8, 0xBB, 0x22, 0xFF, 0x81, 0xC3, 0x20, 0x7F, 0x43, 0x1E, 0x13, 0x03, 0xC3,
    0x8B, 0xFB, 0xAC, 0x0C, 0x0C, 0x93, 0xFC, 0x8F, 0x32, 0x0B, 0xD4, 0x7F, 0x8A, 0x5D, 0xA2, 0x6F,
    0xF0, 0xFB, 0x3C, 0x0B, 0x00, 0x4D, 0xE6, 0x10, 0x00, 0x78, 0x9C, 0x63, 0x10, 0x60, 0x67, 0x60,
    0x60, 0x38, 0xB0, 0x16, 0x48, 0xAC, 0x3A, 0x00, 0x62, 0x02, 0x81, 0xC0, 0xCD, 0xFB, 0x1C, 0x0C,
    0x17, 0x62, 0x53, 0xCE, 0x31, 0x7C, 0x63, 0x62, 0xF8, 0xCC, 0xF2, 0x9D, 0x91, 0xA1, 0x81, 0xF9,
    0x93, 0x0E, 0x50, 0xC2, 0xE1, 0x5F, 0x2D, 0x23, 0x03, 0x43, 0xC0, 0xEF, 0x78, 0x90, 0xA2, 0xDF,
    0x4C, 0x1E, 0x0C, 0x0C, 0x1F, 0xD9, 0xCE, 0x32, 0x30, 0x7C, 0x62, 0xFB, 0x1C, 0x9D, 0xF2, 0x96,
    0x51, 0xE1, 0xD5, 0x7D, 0x49, 0x06, 0x00, 0x52, 0xC4, 0x17, 0xC6, 0x78, 0x9C, 0x63, 0x68, 0x88,
    0x63, 0x60, 0x58, 0x71, 0x90, 0x95, 0x01, 0x04, 0x5E, 0x9E, 0x67, 0x59, 0x90, 0x77, 0x54, 0xFF,
    0x03, 0x87, 0x42, 0xF4, 0x86, 0x3C, 0x26, 0x06, 0x86, 0x17, 0xF7, 0x81, 0xE2, 0x93, 0xFC, 0xAF,
    0xB2, 0x08, 0xD4, 0x7F, 0x8C, 0x5B, 0xA2, 0xAF, 0xF0, 0xFB, 0x3C, 0x0B, 0x00, 0x71, 0x1C, 0x10,
    0xC3, 0x78, 0x9C, 0x13, 0xB8, 0x79, 0x9F, 0x83, 0xE1, 0x42, 0x6C, 0xCA, 0x39, 0x86, 0x6F, 0x4C,
    0x0C, 0x9F, 0x59, 0xBE, 0x33, 0x32, 0x34, 0x30, 0x7F, 0xD2, 0x61, 0x60, 0x60, 0x70, 0xF8, 0x57,
    0xCB, 0xC8, 0xC0, 0x10, 0xF0, 0x3B, 0x1E, 0xC8, 0x16, 0xF8, 0xCD, 0xE4, 0xC1, 0xC0, 0xF0, 0x91,
    0xED, 0x2C, 0x03, 0xC3, 0x27, 0xB6, 0xCF, 0xD1, 0x29, 0x6F, 0x19, 0x15, 0x5E, 0xDD, 0x97, 0x04,
    0x8A, 0xF7, 0x80, 0x24, 0xBF, 0x02, 0xD5, 0x39, 0xF4, 0x31, 0x30, 0x00, 0x00, 0xCB, 0x46, 0x17,
    0x41, 0x78, 0x9C, 0x01, 0x30, 0x00, 0xCF, 0xFF, 0x00, 0xE9, 0xCF, 0x04, 0xA0, 0x6E, 0xC5, 0x2F,
    0xF0, 0x08, 0x20, 0x5B, 0xB0, 0x6E, 0x02, 0x00, 0x00, 0xE8, 0xDF, 0x05, 0x00, 0x00, 0x92, 0x4F,
    0xD5, 0x04, 0x10, 0x7F, 0xF1, 0x5E, 0xA4, 0x2F, 0x20, 0xFB, 0xCF, 0x04, 0x00, 0x20, 0x6C, 0x00,
    0x00, 0x10, 0xF6, 0x00, 0x00, 0x50, 0x7E, 0x00, 0xC7, 0x49, 0x10, 0xD7, 0x78, 0x9C, 0x63, 0x30,
    0x73, 0x60, 0x65, 0x60, 0x78, 0xF2, 0x94, 0x89, 0x81, 0xA1, 0xC0, 0x9F, 0x01, 0x02, 0x04, 0x6E,
    0xDE, 0xE7, 0x60, 0xB8, 0x10, 0x9B, 0x72, 0x8E, 0xE1, 0x1B, 0x13, 0xC3, 0x67, 0x96, 0xEF, 0x8C,
    0x0C, 0x0D, 0xCC, 0x9F, 0x74, 0x80, 0x12, 0x0E, 0xFF, 0x6A, 0x19, 0x19, 0x18, 0x02, 0x7E, 0xC7,
    0x83, 0x14, 0xFD, 0x66, 0xF2, 0x60, 0x60, 0xF8, 0xC8, 0x76, 0x96, 0x81, 0xE1, 0x13, 0xDB, 0xE7,
    0xE8, 0x94, 0xB7, 0x8C, 0x0A, 0xAF, 0xEE, 0x4B, 0x32, 0x00, 0x00, 0x5C, 0xD2, 0x17, 0xD6, 0x78,
    0x9C, 0x63, 0x58, 0x71, 0x91, 0x8D, 0xA1, 0x21, 0x8E, 0x01, 0x0C, 0x5E, 0x9E, 0x67, 0x5E, 0x90,
    0x77, 0x45, 0xFE, 0x03, 0x87, 0x41, 0xFE, 0x86, 0x3C, 0x26, 0x06, 0x86, 0x17, 0xF7, 0x59, 0x19,
    0x18, 0x26, 0xF9, 0x1F, 0x65, 0x16, 0xA8, 0xFF, 0x14, 0xBB, 0x44, 0xDF, 0xE0, 0xF7, 0x79, 0x16,
    0x00, 0x79, 0x44, 0x10, 0xF5, 0x78, 0x9C, 0xFB, 0xF3, 0xFF, 0xFF, 0xFF, 0x78, 0x23, 0xE3, 0xFD,
    0xC6, 0xC2, 0x0C, 0x0C, 0xFD, 0x0C, 0x0C, 0x24, 0x12, 0x6B, 0x18, 0x81, 0xC4, 0x01, 0x76, 0x20,
    0x71, 0x96, 0x91, 0x01, 0x00, 0x92, 0xBE, 0x0D, 0x9B, 0x78, 0x9C, 0x63, 0xF0, 0x60, 0x60, 0xE8,
    0x07, 0xA1, 0x9F, 0xFF, 0xF9, 0x8D, 0xF6, 0x33, 0x43, 0xD8, 0x08, 0x74, 0x8E, 0x95, 0xE1, 0x2B,
    0x3F, 0x43, 0x81, 0x36, 0x83, 0x41, 0x35, 0xC3, 0x06, 0x19, 0x00, 0xFF, 0x20, 0x0B, 0x16, 0x78,
    0x9C, 0x63, 0xB8, 0xD2, 0xC4, 0xCD, 0xC0, 0xE0, 0xB0, 0x8F, 0x01, 0x02, 0xFE, 0xFC, 0xFF, 0xFF,
    0x3F, 0xDE, 0xC8, 0x78, 0xBF, 0xB1, 0x30, 0x03, 0x43, 0x3F, 0x48, 0x80, 0x04, 0x02, 0x00, 0x80,
    0x5E, 0x0D, 0xB8, 0x78, 0x9C, 0x63, 0x60, 0x68, 0x60, 0x61, 0x60, 0xF8, 0xC0, 0xCE, 0xC0, 0xF0,
    0x95, 0x89, 0xA1, 0x3F, 0x89, 0x81, 0xA1, 0x9F, 0x81, 0xE1, 0xE7, 0x7F, 0x7B, 0x06, 0xA3, 0xFD,
    0xCC, 0x60, 0x36, 0x06, 0x3E, 0x27, 0xC2, 0xC0, 0xF0, 0xD4, 0x9E, 0x01, 0x00, 0x60, 0xE6, 0x0B,
    0xEF, 0x78, 0x9C, 0xFB, 0xF3, 0xFF, 0xFF, 0xFF, 0x78, 0x23, 0xE3, 0xFD, 0xC6, 0xC2, 0x0C, 0x0C,
    0xFD, 0x0C, 0x0C, 0x10, 0xE2, 0xCF, 0xFF, 0x7C, 0x06, 0x06, 0xA3, 0xFD, 0xC2, 0x0C, 0x48, 0x62,
    0x58, 0x08, 0x00, 0x2D, 0x68, 0x0D, 0xA9, 0x78, 0x9C, 0x63, 0xE8, 0x67, 0x60, 0xE8, 0x67, 0xF8,
    0xF9, 0x5F, 0xDF, 0x68, 0x3F, 0x33, 0x90, 0xF1, 0xE7, 0x7F, 0xBE, 0xD1, 0x7E, 0x61, 0x06, 0xB0,
    0x20, 0xC3, 0x39, 0x16, 0x86, 0xA7, 0xFA, 0x00, 0xC4, 0xD5, 0x0B, 0x3B, 0x78, 0x9C, 0x63, 0x60,
    0x60, 0x60, 0x64, 0x60, 0x78, 0xA3, 0xCA, 0xCF, 0x90, 0xE0, 0xFD, 0x97, 0x93, 0x41, 0x80, 0x51,
    0x81, 0x81, 0x61, 0x3E, 0x03, 0xC3, 0x07, 0x0E, 0x22, 0x09, 0xF6, 0xD7, 0x0C, 0x0C, 0x5F, 0x99,
    0x3F, 0xC7, 0x94, 0xAC, 0x67, 0x30, 0x78, 0x7D, 0x9F, 0x9D, 0x01, 0x00, 0x2B, 0xA1, 0x17, 0xA8,
    0x78, 0x9C, 0x63, 0x60, 0x10, 0x60, 0x58, 0xD0, 0x7F, 0x90, 0xE5, 0xF1, 0x96, 0xFB, 0x0C, 0x8A,
    0x0C, 0x4C, 0x0C, 0xFD, 0x0C, 0x0D, 0xFC, 0x98, 0xF8, 0x02, 0xFF, 0x3C, 0x86, 0x0F, 0xFC, 0x3F,
    0xDD, 0x7E, 0xF0, 0x2F, 0xFC, 0x37, 0x8B, 0x1F, 0x00, 0xA1, 0xC7, 0x11, 0xCD, 0x78, 0x9C, 0x63,
    0x60, 0x00, 0x81, 0xFF, 0xFF, 0xF9, 0x19, 0x18, 0x8C, 0x8D, 0x99, 0xC1, 0x1C, 0x86, 0x7E, 0x06,
    0x86, 0x0F, 0x1C, 0x44, 0x12, 0xEC, 0xB7, 0x19, 0x18, 0xBE, 0x32, 0x7F, 0x8E, 0x2E, 0x59, 0xCF,
    0x60, 0xF0, 0xFA, 0x3E, 0x3B, 0x03, 0x00, 0xF3, 0x52, 0x16, 0x7A, 0x78, 0x9C, 0xFB, 0xF0, 0xFF,
    0x3F, 0xBF, 0x81, 0xB1, 0x31, 0x33, 0x03, 0x10, 0xF4, 0x33, 0x34, 0xF0, 0x63, 0xE2, 0x09, 0xFC,
    0xF3, 0x18, 0x1E, 0xF0, 0xFF, 0x74, 0xFB, 0xCE, 0x3F, 0xE1, 0xDF, 0x5B, 0x7E, 0x00, 0x75, 0xE2,
    0x10, 0xB7, 0x78, 0x9C, 0x13, 0xF0, 0xDF, 0xC8, 0xC9, 0xC0, 0xF0, 0xE3, 0x3D, 0x13, 0x03, 0x83,
    0x00, 0x10, 0xF7, 0x33, 0x30, 0x7C, 0xE0, 0x20, 0x92, 0x60, 0xBF, 0xCD, 0xC0, 0xF0, 0x95, 0xF9,
    0x73, 0x74, 0xC9, 0x7A, 0x06, 0x83, 0xD7, 0xF7, 0xD9, 0x19, 0x00, 0x18, 0x82, 0x17, 0x18, 0x78,
    0x9C, 0xBB, 0xC0, 0xF1, 0x9C, 0x21, 0xE0, 0x7F, 0x3C, 0x03, 0x83, 0x02, 0x03, 0x43, 0x3F, 0x43,
    0x03, 0x3F, 0x26, 0xBE, 0xC0, 0x3F, 0x8F, 0xE1, 0x03, 0xFF, 0x4F, 0xB7, 0x1F, 0xFC, 0x0B, 0xFF,
    0xCD, 0xE2, 0x07, 0x00, 0x72, 0xBB, 0x10, 0xBD, 0x78, 0x9C, 0x63, 0x60, 0x00, 0x81, 0x97, 0xEB,
    0x19, 0x18, 0x12, 0xF2, 0xBF, 0xB1, 0x31, 0x28, 0xFC, 0xBD, 0xCF, 0xC4, 0xC0, 0xA0, 0x00, 0xC4,
    0xFD, 0x0C, 0x0C, 0x1F, 0x38, 0x88, 0x24, 0xD8, 0x6F, 0x33, 0x30, 0x7C, 0x65, 0xFE, 0x1C, 0x5D,
    0xB2, 0x9E, 0xC1, 0xE0, 0xF5, 0x7D, 0x76, 0x06, 0x00, 0xD3, 0x23, 0x19, 0x87, 0x78, 0x9C, 0x63,
    0x60, 0x00, 0x82, 0x5F, 0x5C, 0x0C, 0x09, 0xF5, 0xF1, 0x0C, 0x09, 0xF6, 0xF5, 0x0C, 0x02, 0x7F,
    0x65, 0x19, 0x18, 0x14, 0x18, 0x18, 0xFA, 0x19, 0x1A, 0xF8, 0x31, 0xF1, 0x05, 0xFE, 0x79, 0x0C,
    0x1F, 0xF8, 0x7F, 0xBA, 0xFD, 0xE0, 0x5F, 0xF8, 0x6F, 0x16, 0x3F, 0x00, 0xB6, 0x33, 0x11, 0xDA,
    0x78, 0x9C, 0x63, 0xD8, 0xA0, 0xD3, 0xC7, 0xC0, 0xF0, 0xF4, 0x12, 0x07, 0x03, 0x83, 0xA0, 0x22,
    0x03, 0x43, 0x3F, 0x03, 0xC3, 0x07, 0x0E, 0x22, 0x09, 0xF6, 0xDB, 0x0C, 0x0C, 0x5F, 0x99, 0x3F,
    0x47, 0x97, 0xAC, 0x67, 0x30, 0x78, 0x7D, 0x9F, 0x9D, 0x01, 0x00, 0x2B, 0xF7, 0x17, 0x5F, 0x78,
    0x9C, 0x63, 0x78, 0xBE, 0x49, 0x46, 0xC1, 0xFF, 0x14, 0x83, 0x00, 0x23, 0x13, 0x43, 0x3F, 0x43,
    0x03, 0x3F, 0x26, 0xBE, 0xC0, 0x3F, 0x8F, 0xE1, 0x03, 0xFF, 0x4F, 0xB7, 0x1F, 0xFC, 0x0B, 0xFF,
    0xCD, 0xE2, 0x07, 0x00, 0x59, 0xE3, 0x10, 0x31, 0x78, 0x9C, 0xEB, 0x67, 0x60, 0xF8, 0xC0, 0xD1,
    0x4F, 0x1C, 0xC1, 0x7E, 0x9B, 0x81, 0xE1, 0x2B, 0xF3, 0xE7, 0xE8, 0x92, 0xF5, 0x0C, 0x06, 0xAF,
    0xFF, 0x73, 0x32, 0x30, 0x28, 0xC4, 0x33, 0x30, 0x30, 0x14, 0xC4, 0x33, 0x03, 0x59, 0x7F, 0xD9,
    0x19, 0x00, 0x80, 0x47, 0x16, 0x9B, 0x78, 0x9C, 0xEB, 0x67, 0x68, 0xE0, 0xEF, 0xC7, 0xC0, 0x17,
    0xF8, 0xE7, 0x31, 0x7C, 0xE0, 0xFF, 0xE9, 0xF6, 0x83, 0x7F, 0xE1, 0xBF, 0x5D, 0xFC, 0x0C, 0x0C,
    0x4F, 0x59, 0x18, 0x18, 0xF6, 0x01, 0xF1, 0x4F, 0x5E, 0x00, 0x83, 0x47, 0x10, 0x01, 0x78, 0x9C,
    0x63, 0x60, 0x60, 0xF8, 0xCE, 0xCE, 0x00, 0x02, 0x05, 0x32, 0xD5, 0x0C, 0x08, 0xF0, 0x8D, 0x89,
    0xE1, 0x0B, 0x0B, 0xC3, 0x17, 0xD6, 0x4F, 0x6C, 0x0C, 0x3F, 0x39, 0x19, 0xBE, 0x33, 0x3E, 0xE0,
    0x62, 0x78, 0xCB, 0xCB, 0x70, 0x9B, 0x61, 0x01, 0xAF, 0x42, 0xBD, 0x3C, 0xC3, 0x3C, 0x86, 0x04,
    0xF9, 0x04, 0xFE, 0x3C, 0x85, 0x78, 0x06, 0x85, 0xF8, 0x0D, 0x5C, 0xAB, 0x02, 0xE4, 0x19, 0x18,
    0xFA, 0x3E, 0xB0, 0x3D, 0x9B, 0xC0, 0xC7, 0xC0, 0x70, 0xFA, 0x0B, 0xE3, 0xC7, 0xCB, 0x5C, 0x40,
    0x53, 0x4F, 0x30, 0x5C, 0xF8, 0xCE, 0xC6, 0xC0, 0xF0, 0xB9, 0x8F, 0xA1, 0xE1, 0x2F, 0x13, 0x03,
    0xC3, 0x07, 0x7B, 0x06, 0x87, 0xF7, 0x40, 0x83, 0x3F, 0xF0, 0x33, 0x30, 0xDC, 0x67, 0x60, 0x00,
    0x00, 0x13, 0xBE, 0x22, 0x34, 0x78, 0x9C, 0x63, 0x60, 0x38, 0xE8, 0xC7, 0x00, 0x02, 0x59, 0x1B,
    0x99, 0x19, 0x60, 0xE0, 0x07, 0xC3, 0x02, 0x7E, 0x86, 0xEF, 0x0C, 0x9F, 0x99, 0x2F, 0xF8, 0x33,
    0xEC, 0x66, 0x78, 0xC0, 0xF1, 0x69, 0x2E, 0x43, 0x3E, 0xC3, 0x02, 0x9E, 0x6B, 0xCF, 0x0C, 0xF4,
    0x19, 0x12, 0xF8, 0xBB, 0x3F, 0x16, 0xF3, 0x32, 0x08, 0xC4, 0xDB, 0x6F, 0xD8, 0xC1, 0xC9, 0xC0,
    0xF0, 0x86, 0x2F, 0xE1, 0x2F, 0x0B, 0x50, 0x07, 0xA7, 0xC0, 0x7F, 0xA0, 0xC6, 0xCF, 0x2C, 0x0C,
    0x40, 0x0A, 0x00, 0xA6, 0x62, 0x18, 0x34, 0x78, 0x9C, 0x63, 0x60, 0x78, 0xCC, 0xCD, 0xC0, 0xC0,
    0x60, 0xA0, 0xBB, 0x83, 0x01, 0x0A, 0x0E, 0xF0, 0x31, 0x30, 0x7C, 0x67, 0x71, 0xA8, 0x67, 0x60,
    0x38, 0xC7, 0xC0, 0xF0, 0x9A, 0xA1, 0xC0, 0x9E, 0x81, 0xE1, 0x33, 0xFB, 0x03, 0x2E, 0x06, 0x86,
    0x05, 0x7C, 0xDF, 0x99, 0x18, 0x18, 0x04, 0xFA, 0xE7, 0x81, 0x54, 0xFD, 0x90, 0x07, 0x91, 0x1F,
    0x39, 0x41, 0xE4, 0x07, 0x0E, 0x6C, 0x24, 0x00, 0x37, 0xFA, 0x11, 0xAD, 0x78, 0x9C, 0x63, 0x38,
    0x68, 0xCB, 0x20, 0x10, 0xBD, 0x89, 0x89, 0x01, 0x08, 0x7E, 0x31, 0x08, 0xF4, 0x7F, 0x61, 0x4D,
    0xD0, 0x7F, 0xC0, 0xBD, 0x81, 0xA7, 0x81, 0xFF, 0x23, 0x9B, 0x42, 0xFE, 0x57, 0x46, 0x86, 0x3D,
    0xBB, 0x19, 0x18, 0xBE, 0xC5, 0x33, 0x30, 0x7C, 0xE0, 0x07, 0x62, 0x1E, 0x06, 0x86, 0x4F, 0x2C,
    0x0C, 0x81, 0x77, 0x18, 0x18, 0xBE, 0xE8, 0x30, 0x30, 0x00, 0x00, 0x26, 0x57, 0x11, 0xFB, 0x78,
    0x9C, 0x63, 0x60, 0x00, 0x83, 0x0B, 0xAC, 0x17, 0x58, 0x19, 0x18, 0x04, 0x80, 0x90, 0xE1, 0x21,
    0x0F, 0x03, 0xC3, 0x37, 0xB6, 0x84, 0x78, 0x06, 0x86, 0x7B, 0x0C, 0x0C, 0x77, 0x19, 0x12, 0xFC,
    0x19, 0x18, 0xBE, 0xB0, 0x3D, 0xE0, 0x66, 0x60, 0xD8, 0xC0, 0xF7, 0x9D, 0x89, 0x81, 0x41, 0xA1,
    0x7F, 0x1E, 0x48, 0xC3, 0x4F, 0x79, 0x10, 0xF9, 0x91, 0x13, 0x44, 0x7E, 0xE0, 0xC0, 0x46, 0x02,
    0x00, 0x2F, 0x74, 0x11, 0xB8, 0x78, 0x9C, 0x63, 0x60, 0xB8, 0xC0, 0xCD, 0xC0, 0xC0, 0x70, 0x03,
    0x88, 0x19, 0xC4, 0x19, 0x18, 0xFE, 0x03, 0x01, 0x97, 0xB1, 0xB1, 0xF1, 0x4F, 0x36, 0x06, 0x06,
    0x85, 0xFD, 0x40, 0xB1, 0x03, 0xF2, 0x40, 0xE2, 0x3B, 0x90, 0x67, 0x00, 0xE2, 0x5D, 0x00, 0xF1,
    0x40, 0x72, 0x01, 0x20, 0xDE, 0x43, 0x39, 0x20, 0xF1, 0xDB, 0xD2, 0xD8, 0x98, 0x19, 0xA4, 0x8D,
    0x1F, 0x00, 0xC3, 0x0F, 0x14, 0xB7, 0x78, 0x9C, 0x63, 0x10, 0xA8, 0x63, 0x60, 0xD8, 0xC0, 0xC6,
    0x00, 0x02, 0xFF, 0xFF, 0xFF, 0xE7, 0x37, 0x36, 0xFE, 0xC9, 0xC5, 0xA0, 0xF0, 0x9E, 0x91, 0xE1,
    0x80, 0x3F, 0x03, 0xC3, 0x0F, 0x0E, 0x06, 0x87, 0xF3, 0x0C, 0x0C, 0x0F, 0xF5, 0x19, 0x18, 0x7E,
    0x5B, 0x1A, 0x33, 0x83, 0xE4, 0x01, 0x44, 0xE3, 0x0F, 0x6E, 0x78, 0x9C, 0x63, 0x60, 0x00, 0x81,
    0x00, 0x5E, 0x10, 0xC9, 0xC8, 0xC0, 0xF0, 0x1F, 0x08, 0xB8, 0x8C, 0x8D, 0x8D, 0x7F, 0xB1, 0x31,
    0x30, 0x28, 0xEC, 0x07, 0x8A, 0x1D, 0x90, 0x03, 0x12, 0x3F, 0x58, 0x19, 0x18, 0x0C, 0x40, 0xBC,
    0x07, 0x20, 0xDE, 0x2F, 0x20, 0x2F, 0x60, 0x3D, 0x90, 0xF1, 0x10, 0xC4, 0xFB, 0x6D, 0x69, 0x6C,
    0xCC, 0x0C, 0xD2, 0xC6, 0x0F, 0x00, 0x5F, 0x71, 0x13, 0x4A, 0x78, 0x9C, 0x63, 0xB8, 0xCA, 0xC0,
    0xC0, 0xA0, 0xC0, 0x00, 0x06, 0xFF, 0xFF, 0xFF, 0xE7, 0x37, 0x36, 0xFE, 0xC5, 0xC5, 0xA0, 0xF0,
    0x9E, 0x91, 0xE1, 0x82, 0x3D, 0x03, 0xC3, 0x4F, 0x0E, 0x06, 0x87, 0xF3, 0x0C, 0x0C, 0x0F, 0xE5,
    0x18, 0x18, 0x7E, 0x5B, 0x1A, 0x33, 0x83, 0xE4, 0x01, 0x38, 0xC4, 0x0F, 0x10, 0x78, 0x9C, 0x63,
    0xB8, 0xBA, 0x90, 0x8B, 0x81, 0x21, 0x60, 0x3D, 0x03, 0x04, 0xFC, 0x07, 0x02, 0x2E, 0x63, 0x63,
    0xE3, 0x9F, 0x6C, 0x0C, 0x0C, 0x0A, 0xFB, 0x81, 0x02, 0x07, 0xE4, 0x81, 0xC4, 0x77, 0x20, 0xCF,
    0x00, 0xC4, 0xBB, 0x00, 0xE2, 0x81, 0xE4, 0x02, 0x40, 0xBC, 0x87, 0x72, 0x40, 0xE2, 0xB7, 0xA5,
    0xB1, 0x31, 0x33, 0x48, 0x1B, 0x3F, 0x00, 0xF7, 0xF5, 0x15, 0x6C, 0x78, 0x9C, 0x33, 0xD0, 0xAD,
    0x66, 0x60, 0xB8, 0xCC, 0xCE, 0x00, 0x02, 0xFF, 0xFF, 0xFF, 0xE7, 0x37, 0x36, 0xFE, 0xC9, 0xC5,
    0xA0, 0xF0, 0x9E, 0x91, 0xE1, 0x80, 0x3F, 0x03, 0xC3, 0x0F, 0x0E, 0x06, 0x87, 0xF3, 0x0C, 0x0C,
    0x0F, 0xF5, 0x19, 0x18, 0x7E, 0x5B, 0x1A, 0x33, 0x83, 0xE4, 0x01, 0x58, 0xB7, 0x0F, 0xDC, 0x78,
    0x9C, 0x63, 0x60, 0xD8, 0x78, 0xFE, 0xB7, 0xEA, 0x7C, 0x86, 0x7E, 0x2C, 0x10, 0x00, 0x8C, 0x44,
    0x08, 0xD6,
};
const GFXglyph Roboto8Glyphs[] = {
    { 0, 0, 4, 0, 0, 8, 0 }, //  
    { 2, 12, 4, 1, 12, 14, 8 }, // !
    { 4, 4, 5, 1, 12, 16, 22 }, // "
    { 9, 12, 11, 1, 12, 68, 38 }, // #
    { 8, 16, 10, 1, 14, 70, 106 }, // $
    { 11, 12, 13, 1, 12, 75, 176 }, // %
    { 10, 12, 11, 1, 12, 71, 251 }, // &
    { 2, 4, 3, 1, 12, 12, 322 }, // '
    { 5, 18, 6, 1, 14, 60, 334 }, // (
    { 5, 18, 6, 0, 14, 60, 394 }, // )
    { 8, 7, 8, 0, 12, 35, 454 }, // *
    { 9, 10, 10, 0, 10, 34, 489 }, // +
    { 3, 5, 3, 0, 2, 18, 523 }, // ,
    { 4, 3, 6, 1, 7, 14, 541 }, // -
    { 2, 2, 4, 1, 2, 10, 555 }, // .
    { 7, 13, 7, 0, 12, 57, 565 }, // /
    { 8, 12, 9, 1, 12, 44, 622 }, // 0
    { 5, 12, 9, 1, 12, 21, 666 }, // 1
    { 8, 12, 9, 1, 12, 56, 687 }, // 2
    { 7, 12, 9, 1, 12, 59, 743 }, // 3
    { 10, 12, 9, 0, 12, 55, 802 }, // 4
    { 8, 12, 9, 1, 12, 55, 857 }, // 5
    { 8, 12, 9, 1, 12, 59, 912 }, // 6
    { 8, 12, 9, 1, 12, 57, 971 }, // 7
    { 8, 12, 9, 1, 12, 56, 1028 }, // 8
    { 8, 12, 9, 1, 12, 57, 1084 }, // 9
    { 2, 9, 4, 1, 9, 14, 1141 }, // :
    { 3, 11, 3, 0, 9, 24, 1155 }, // ;
    { 7, 8, 9, 1, 9, 41, 1179 }, // <
    { 7, 6, 9, 1, 9, 23, 1220 }, // =
    { 7, 8, 9, 1, 9, 39, 1243 }, // >
    { 8, 12, 8, 0, 12, 52, 1282 }, // ?
    { 14, 15, 15, 1, 12, 111, 1334 }, // @
    { 11, 12, 11, 0, 12, 74, 1445 }, // A
    { 8, 12, 10, 1, 12, 54, 1519 }, // B
    { 10, 12, 11, 1, 12, 50, 1573 }, // C
    { 9, 12, 10, 1, 12, 52, 1623 }, // D
    { 8, 12, 9, 1, 12, 36, 1675 }, // E
    { 8, 12, 9, 1, 12, 32, 1711 }, // F
    { 9, 12, 11, 1, 12, 63, 1743 }, // G
    { 9, 12, 11, 1, 12, 27, 1806 }, // H
    { 2, 12, 4, 1, 12, 11, 1833 }, // I
    { 8, 12, 10, 1, 12, 31, 1844 }, // J
    { 9, 12, 10, 1, 12, 64, 1875 }, // K
    { 8, 12, 9, 1, 12, 23, 1939 }, // L
    { 12, 12, 14, 1, 12, 79, 1962 }, // M
    { 9, 12, 11, 1, 12, 54, 2041 }, // N
    { 10, 12, 11, 1, 12, 52, 2095 }, // O
    { 9, 12, 10, 1, 12, 49, 2147 }, // P
    { 10, 14, 12, 1, 12, 63, 2196 }, // Q
    { 9, 12, 10, 1, 12, 56, 2259 }, // R
    { 9, 12, 10, 1, 12, 69, 2315 }, // S
    { 10, 12, 10, 0, 12, 25, 2384 }, // T
    { 9, 12, 11, 1, 12, 33, 2409 }, // U
    { 11, 12, 11, 0, 12, 73, 2442 }, // V
    { 15, 12, 15, 0, 12, 107, 2515 }, // W
    { 11, 12, 10, 0, 12, 74, 2622 }, // X
    { 11, 12, 10, -1, 12, 57, 2696 }, // Y
    { 9, 12, 11, 1, 12, 55, 2753 }, // Z
    { 4, 18, 4, 1, 15, 22, 2808 }, // [
    { 7, 13, 7, 0, 12, 54, 2830 }, // <backslash>
    { 4, 18, 5, 0, 15, 19, 2884 }, // ]
    { 7, 6, 7, 0, 12, 33, 2903 }, // ^
    { 7, 3, 9, 1, 1, 20, 2936 }, // _
    { 4, 3, 5, 0, 13, 14, 2956 }, // `
    { 8, 9, 9, 1, 9, 47, 2970 }, // a
    { 8, 12, 9, 1, 12, 47, 3017 }, // b
    { 8, 9, 9, 1, 9, 41, 3064 }, // c
    { 8, 12, 10, 1, 12, 43, 3105 }, // d
    { 8, 9, 9, 1, 9, 45, 3148 }, // e
    { 6, 14, 7, 0, 14, 33, 3193 }, // f
    { 8, 12, 10, 1, 9, 53, 3226 }, // g
    { 7, 12, 9, 1, 12, 33, 3279 }, // h
    { 2, 12, 4, 1, 12, 13, 3312 }, // i
    { 4, 15, 4, -1, 12, 22, 3325 }, // j
    { 8, 12, 8, 1, 12, 48, 3347 }, // k
    { 2, 12, 4, 1, 12, 11, 3395 }, // l
    { 13, 9, 15, 1, 9, 43, 3406 }, // m
    { 7, 9, 9, 1, 9, 27, 3449 }, // n
    { 8, 9, 10, 1, 9, 44, 3476 }, // o
    { 8, 12, 9, 1, 9, 42, 3520 }, // p
    { 8, 12, 10, 1, 9, 44, 3562 }, // q
    { 5, 9, 6, 1, 9, 23, 3606 }, // r
    { 8, 9, 8, 0, 9, 45, 3629 }, // s
    { 6, 11, 6, 0, 11, 30, 3674 }, // t
    { 7, 9, 9, 1, 9, 29, 3704 }, // u
    { 8, 9, 8, 0, 9, 45, 3733 }, // v
    { 13, 9, 13, 0, 9, 72, 3778 }, // w
    { 8, 9, 8, 0, 9, 47, 3850 }, // x
    { 8, 12, 8, 0, 9, 56, 3897 }, // y
    { 7, 9, 9, 1, 9, 44, 3953 }, // z
    { 6, 17, 5, 0, 14, 52, 3997 }, // {
    { 2, 14, 4, 1, 12, 11, 4049 }, // |
    { 6, 18, 6, 0, 15, 56, 4060 }, // }
    { 9, 5, 11, 1, 8, 31, 4116 }, // ~
    { 0, 0, 4, 0, 0, 8, 4147 }, //  
    { 2, 12, 4, 1, 9, 13, 4155 }, // ¡
    { 8, 13, 9, 1, 11, 53, 4168 }, // ¢
    { 10, 12, 10, 0, 12, 59, 4221 }, // £
    { 11, 12, 12, 0, 11, 75, 4280 }, // ¤
    { 9, 12, 9, 0, 12, 66, 4355 }, // ¥
    { 2, 14, 4, 1, 12, 16, 4421 }, // ¦
    { 9, 17, 11, 1, 12, 93, 4437 }, // §
    { 5, 3, 7, 1, 13, 17, 4530 }, // ¨
    { 12, 14, 14, 1, 13, 86, 4547 }, // ©
    { 7, 7, 8, 1, 12, 37, 4633 }, // ª
    { 8, 6, 8, 0, 7, 31, 4670 }, // «
    { 8, 5, 10, 1, 7, 26, 4701 }, // ¬
    { 4, 3, 6, 1, 7, 14, 4727 }, // ­
    { 12, 14, 14, 1, 13, 91, 4741 }, // ®
    { 5, 3, 7, 1, 13, 17, 4832 }, // ¯
    { 5, 6, 7, 1, 13, 27, 4849 }, // °
    { 9, 11, 9, 0, 11, 43, 4876 }, // ±
    { 6, 7, 7, 1, 12, 30, 4919 }, // ²
    { 6, 7, 6, 0, 12, 30, 4949 }, // ³
    { 4, 3, 5, 1, 13, 14, 4979 }, // ´
    { 7, 12, 9, 1, 9, 34, 4993 }, // µ
    { 7, 12, 8, 0, 12, 33, 5027 }, // ¶
    { 2, 3, 4, 1, 8, 11, 5060 }, // ·
    { 3, 4, 4, 0, 0, 16, 5071 }, // ¸
    { 5, 7, 6, 0, 12, 21, 5087 }, // ¹
    { 7, 7, 7, 0, 12, 37, 5108 }, // º
    { 8, 7, 8, 0, 8, 37, 5145 }, // »
    { 12, 13, 13, 1, 13, 79, 5182 }, // ¼
    { 12, 13, 13, 0, 12, 74, 5261 }, // ½
    { 12, 14, 12, 0, 14, 85, 5335 }, // ¾
    { 7, 12, 8, 1, 9, 50, 5420 }, // ¿
    { 11, 15, 11, 0, 15, 85, 5470 }, // À
    { 11, 15, 11, 0, 15, 85, 5555 }, // Á
    { 11, 15, 11, 0, 15, 83, 5640 }, // Â
    { 11, 16, 11, 0, 16, 97, 5723 }, // Ã
    { 11, 15, 11, 0, 15, 84, 5820 }, // Ä
    { 11, 17, 11, 0, 17, 92, 5904 }, // Å
    { 17, 12, 16, -1, 12, 89, 5996 }, // Æ
    { 10, 15, 11, 1, 12, 65, 6085 }, // Ç
    { 8, 15, 9, 1, 15, 43, 6150 }, // È
    { 8, 15, 9, 1, 15, 43, 6193 }, // É
    { 8, 15, 9, 1, 15, 43, 6236 }, // Ê
    { 8, 15, 9, 1, 15, 44, 6279 }, // Ë
    { 4, 15, 4, -1, 15, 18, 6323 }, // Ì
    { 5, 15, 4, 0, 15, 19, 6341 }, // Í
    { 6, 15, 4, -1, 15, 19, 6360 }, // Î
    { 5, 15, 5, 0, 15, 21, 6379 }, // Ï
    { 11, 12, 11, 0, 12, 64, 6400 }, // Ð
    { 9, 16, 11, 1, 16, 70, 6464 }, // Ñ
    { 10, 16, 11, 1, 16, 62, 6534 }, // Ò
    { 10, 16, 11, 1, 16, 63, 6596 }, // Ó
    { 10, 16, 11, 1, 16, 66, 6659 }, // Ô
    { 10, 16, 11, 1, 16, 71, 6725 }, // Õ
    { 10, 16, 11, 1, 16, 63, 6796 }, // Ö
    { 9, 9, 9, 0, 10, 50, 6859 }, // ×
    { 10, 13, 11, 1, 12, 73, 6909 }, // Ø
    { 9, 16, 11, 1, 16, 44, 6982 }, // Ù
    { 9, 16, 11, 1, 16, 47, 7026 }, // Ú
    { 9, 16, 11, 1, 16, 47, 7073 }, // Û
    { 9, 16, 11, 1, 16, 44, 7120 }, // Ü
    { 11, 15, 10, -1, 15, 68, 7164 }, // Ý
    { 8, 12, 9, 1, 12, 44, 7232 }, // Þ
    { 8, 12, 10, 1, 12, 57, 7276 }, // ß
    { 8, 12, 9, 1, 12, 55, 7333 }, // à
    { 8, 12, 9, 1, 12, 54, 7388 }, // á
    { 8, 12, 9, 1, 12, 56, 7442 }, // â
    { 8, 13, 9, 1, 13, 60, 7498 }, // ã
    { 8, 12, 9, 1, 12, 55, 7558 }, // ä
    { 8, 15, 9, 1, 15, 69, 7613 }, // å
    { 13, 9, 14, 1, 9, 70, 7682 }, // æ
    { 8, 12, 9, 1, 9, 56, 7752 }, // ç
    { 8, 12, 9, 1, 12, 55, 7808 }, // è
    { 8, 12, 9, 1, 12, 55, 7863 }, // é
    { 8, 12, 9, 1, 12, 55, 7918 }, // ê
    { 8, 12, 9, 1, 12, 55, 7973 }, // ë
    { 4, 12, 4, -1, 12, 17, 8028 }, // ì
    { 5, 12, 4, 0, 12, 19, 8045 }, // í
    { 6, 12, 4, -1, 12, 19, 8064 }, // î
    { 5, 12, 5, 0, 12, 19, 8083 }, // ï
    { 8, 13, 10, 1, 13, 59, 8102 }, // ð
    { 7, 13, 9, 1, 13, 44, 8161 }, // ñ
    { 8, 12, 10, 1, 12, 52, 8205 }, // ò
    { 8, 12, 10, 1, 12, 53, 8257 }, // ó
    { 8, 12, 10, 1, 12, 54, 8310 }, // ô
    { 8, 13, 10, 1, 13, 57, 8364 }, // õ
    { 8, 12, 10, 1, 12, 53, 8421 }, // ö
    { 8, 10, 10, 1, 11, 28, 8474 }, // ÷
    { 8, 11, 10, 1, 10, 55, 8502 }, // ø
    { 7, 12, 9, 1, 12, 38, 8557 }, // ù
    { 7, 12, 9, 1, 12, 38, 8595 }, // ú
    { 7, 12, 9, 1, 12, 38, 8633 }, // û
    { 7, 12, 9, 1, 12, 36, 8671 }, // ü
    { 8, 15, 8, 0, 12, 65, 8707 }, // ý
    { 8, 15, 9, 1, 12, 48, 8772 }, // þ
    { 8, 15, 8, 0, 12, 65, 8820 }, // ÿ
    { 11, 15, 11, 0, 15, 82, 8885 }, // Ā
    { 8, 12, 9, 1, 12, 56, 8967 }, // ā
    { 11, 15, 11, 0, 15, 88, 9023 }, // Ă
    { 8, 12, 9, 1, 12, 57, 9111 }, // ă
    { 11, 15, 11, 0, 12, 88, 9168 }, // Ą
    { 8, 12, 9, 1, 9, 59, 9256 }, // ą
    { 10, 16, 11, 1, 16, 63, 9315 }, // Ć
    { 8, 12, 9, 1, 12, 50, 9378 }, // ć
    { 10, 16, 11, 1, 16, 63, 9428 }, // Ĉ
    { 8, 12, 9, 1, 12, 50, 9491 }, // ĉ
    { 10, 16, 11, 1, 16, 58, 9541 }, // Ċ
    { 8, 12, 9, 1, 12, 49, 9599 }, // ċ
    { 10, 16, 11, 1, 16, 63, 9648 }, // Č
    { 8, 12, 9, 1, 12, 47, 9711 }, // č
    { 9, 15, 10, 1, 15, 61, 9758 }, // Ď
    { 10, 12, 11, 1, 12, 55, 9819 }, // ď
    { 11, 12, 11, 0, 12, 64, 9874 }, // Đ
    { 10, 12, 10, 1, 12, 58, 9938 }, // đ
    { 8, 16, 9, 1, 16, 47, 9996 }, // Ē
    { 8, 12, 9, 1, 12, 55, 10043 }, // ē
    { 8, 15, 9, 1, 15, 47, 10098 }, // Ĕ
    { 8, 12, 9, 1, 12, 59, 10145 }, // ĕ
    { 8, 15, 9, 1, 15, 44, 10204 }, // Ė
    { 8, 12, 9, 1, 12, 54, 10248 }, // ė
    { 8, 15, 9, 1, 12, 48, 10302 }, // Ę
    { 8, 12, 9, 1, 9, 59, 10350 }, // ę
    { 8, 15, 9, 1, 15, 43, 10409 }, // Ě
    { 8, 12, 9, 1, 12, 55, 10452 }, // ě
    { 9, 16, 11, 1, 16, 76, 10507 }, // Ĝ
    { 8, 15, 10, 1, 12, 62, 10583 }, // ĝ
    { 9, 15, 11, 1, 15, 77, 10645 }, // Ğ
    { 8, 16, 10, 1, 13, 66, 10722 }, // ğ
    { 9, 16, 11, 1, 16, 71, 10788 }, // Ġ
    { 8, 15, 10, 1, 12, 61, 10859 }, // ġ
    { 9, 17, 11, 1, 12, 77, 10920 }, // Ģ
    { 8, 17, 10, 1, 14, 69, 10997 }, // ģ
    { 9, 15, 11, 1, 15, 38, 11066 }, // Ĥ
    { 7, 15, 9, 1, 15, 39, 11104 }, // ĥ
    { 13, 12, 11, -1, 12, 43, 11143 }, // Ħ
    { 9, 12, 9, -1, 12, 47, 11186 }, // ħ
    { 6, 16, 5, 0, 16, 24, 11233 }, // Ĩ
    { 6, 13, 4, -1, 13, 24, 11257 }, // ĩ
    { 5, 16, 5, 0, 16, 22, 11281 }, // Ī
    { 5, 12, 3, -1, 12, 19, 11303 }, // ī
    { 5, 15, 4, -1, 15, 21, 11322 }, // Ĭ
    { 5, 12, 4, -1, 12, 21, 11343 }, // ĭ
    { 3, 15, 5, 1, 12, 21, 11364 }, // Į
    { 4, 15, 4, 0, 12, 26, 11385 }, // į
    { 2, 15, 4, 1, 15, 13, 11411 }, // İ
    { 2, 9, 4, 1, 9, 11, 11424 }, // ı
    { 11, 12, 13, 1, 12, 38, 11435 }, // Ĳ
    { 6, 15, 8, 1, 12, 31, 11473 }, // ĳ
    { 9, 15, 10, 1, 15, 44, 11504 }, // Ĵ
    { 7, 15, 4, -2, 12, 32, 11548 }, // ĵ
    { 9, 16, 10, 1, 12, 79, 11580 }, // Ķ
    { 8, 16, 8, 1, 12, 61, 11659 }, // ķ
    { 8, 9, 9, 1, 9, 45, 11720 }, // ĸ
    { 9, 15, 9, 0, 15, 33, 11765 }, // Ĺ
    { 5, 16, 4, 0, 16, 22, 11798 }, // ĺ
    { 8, 17, 9, 1, 12, 40, 11820 }, // Ļ
    { 3, 17, 4, 0, 12, 23, 11860 }, // ļ
    { 8, 12, 9, 1, 12, 35, 11883 }, // Ľ
    { 5, 12, 5, 1, 12, 21, 11918 }, // ľ
    { 8, 12, 8, 1, 12, 29, 11939 }, // Ŀ
    { 4, 12, 6, 1, 12, 18, 11968 }, // ŀ
    { 9, 12, 9, 0, 12, 36, 11986 }, // Ł
    { 5, 12, 6, 0, 12, 23, 12022 }, // ł
    { 9, 15, 11, 1, 15, 67, 12045 }, // Ń
    { 7, 12, 9, 1, 12, 37, 12112 }, // ń
    { 9, 17, 11, 1, 12, 69, 12149 }, // Ņ
    { 7, 14, 9, 1, 9, 41, 12218 }, // ņ
    { 9, 15, 11, 1, 15, 63, 12259 }, // Ň
    { 7, 12, 9, 1, 12, 37, 12322 }, // ň
    { 9, 12, 10, 0, 12, 44, 12359 }, // ŉ
    { 9, 15, 11, 1, 12, 64, 12403 }, // Ŋ
    { 7, 12, 9, 1, 9, 37, 12467 }, // ŋ
    { 10, 16, 11, 1, 16, 63, 12504 }, // Ō
    { 8, 12, 10, 1, 12, 53, 12567 }, // ō
    { 10, 15, 11, 1, 15, 64, 12620 }, // Ŏ
    { 8, 12, 10, 1, 12, 56, 12684 }, // ŏ
    { 10, 16, 11, 1, 16, 66, 12740 }, // Ő
    { 8, 12, 10, 1, 12, 56, 12806 }, // ő
    { 14, 12, 16, 1, 12, 59, 12862 }, // Œ
    { 14, 9, 16, 1, 9, 67, 12921 }, // œ
    { 9, 15, 10, 1, 15, 69, 12988 }, // Ŕ
    { 5, 12, 6, 1, 12, 31, 13057 }, // ŕ
    { 9, 17, 10, 1, 12, 72, 13088 }, // Ŗ
    { 6, 14, 6, 0, 9, 38, 13160 }, // ŗ
    { 9, 15, 10, 1, 15, 66, 13198 }, // Ř
    { 6, 12, 6, 0, 12, 33, 13264 }, // ř
    { 9, 16, 10, 1, 16, 82, 13297 }, // Ś
    { 8, 12, 8, 0, 12, 54, 13379 }, // ś
    { 9, 16, 10, 1, 16, 82, 13433 }, // Ŝ
    { 8, 12, 8, 0, 12, 54, 13515 }, // ŝ
    { 9, 15, 10, 1, 12, 80, 13569 }, // Ş
    { 8, 12, 8, 0, 9, 59, 13649 }, // ş
    { 9, 16, 10, 1, 16, 83, 13708 }, // Š
    { 8, 12, 8, 0, 12, 54, 13791 }, // š
    { 10, 15, 10, 0, 12, 36, 13845 }, // Ţ
    { 6, 15, 6, 0, 12, 38, 13881 }, // ţ
    { 10, 15, 10, 0, 15, 36, 13919 }, // Ť
    { 7, 14, 6, 0, 14, 46, 13955 }, // ť
    { 10, 12, 10, 0, 12, 38, 14001 }, // Ŧ
    { 6, 11, 6, 0, 11, 37, 14039 }, // ŧ
    { 9, 16, 11, 1, 16, 52, 14076 }, // Ũ
    { 7, 13, 9, 1, 13, 45, 14128 }, // ũ
    { 9, 16, 11, 1, 16, 46, 14173 }, // Ū
    { 7, 12, 9, 1, 12, 39, 14219 }, // ū
    { 9, 15, 11, 1, 15, 45, 14258 }, // Ŭ
    { 7, 12, 9, 1, 12, 41, 14303 }, // ŭ
    { 9, 17, 11, 1, 17, 53, 14344 }, // Ů
    { 7, 15, 9, 1, 15, 51, 14397 }, // ů
    { 9, 15, 11, 1, 15, 47, 14448 }, // Ű
    { 8, 12, 9, 1, 12, 41, 14495 }, // ű
    { 9, 15, 11, 1, 12, 46, 14536 }, // Ų
    { 8, 12, 9, 1, 9, 40, 14582 }, // ų
    { 15, 15, 15, 0, 15, 119, 14622 }, // Ŵ
    { 13, 12, 13, 0, 12, 82, 14741 }, // ŵ
    { 11, 15, 10, -1, 15, 69, 14823 }, // Ŷ
    { 8, 15, 8, 0, 12, 67, 14892 }, // ŷ
    { 11, 15, 10, -1, 15, 70, 14959 }, // Ÿ
    { 9, 15, 11, 1, 15, 65, 15029 }, // Ź
    { 7, 12, 9, 1, 12, 52, 15094 }, // ź
    { 9, 15, 11, 1, 15, 64, 15146 }, // Ż
    { 7, 12, 9, 1, 12, 51, 15210 }, // ż
    { 9, 15, 11, 1, 15, 62, 15261 }, // Ž
    { 7, 12, 9, 1, 12, 52, 15323 }, // ž
    { 4, 14, 4, 1, 14, 19, 15375 }, // ſ
};
const UnicodeInterval Roboto8Intervals[] = {
    { 0x20, 0x7E, 0x0 },
    { 0xA0, 0xFF, 0x5F },
    { 0x100, 0x17F, 0xBF },
};
const GFXfont Roboto8 = {
    (uint8_t*)Roboto8Bitmaps,
    (GFXglyph*)Roboto8Glyphs,
    (UnicodeInterval*)Roboto8Intervals,
    3,
    1,
    20,
    16,
    -5,
};
