#pragma once
#include "epd_driver.h"
const uint8_t Roboto10Bitmaps[19571] = {
    0x78, 0x9C, 0x03, 0x00, 0x00, 0x00, 0x00, 0x01, 0x78, 0x9C, 0x7B, 0xFF, 0x1E, 0x06, 0x18, 0x18,
    0x18, 0x5C, 0xD7, 0x00, 0x00, 0x63, 0x4C, 0x0A, 0x48, 0x78, 0x9C, 0x7B, 0xFF, 0xEF, 0xFE, 0xBF,
    0xFD, 0xF7, 0xD6, 0x9F, 0xEB, 0x5F, 0x07, 0x00, 0x2F, 0xFA, 0x08, 0x22, 0x78, 0x9C, 0x63, 0x60,
    0xF8, 0xC2, 0xFC, 0x91, 0x8D, 0x81, 0xE1, 0x3B, 0x90, 0x66, 0x60, 0x38, 0x0D, 0xA4, 0x19, 0x18,
    0xE6, 0x31, 0xDC, 0x62, 0xF8, 0xF0, 0x1F, 0x04, 0x1A, 0x4E, 0xEC, 0x9F, 0xF1, 0xBF, 0x83, 0xA1,
    0x80, 0xDF, 0xC0, 0x9E, 0x81, 0x61, 0x01, 0x6F, 0x01, 0x3F, 0x03, 0xC3, 0x05, 0xAE, 0x05, 0xBC,
    0x0C, 0x1D, 0x3F, 0xFB, 0x7F, 0xF4, 0x73, 0x80, 0x95, 0xF0, 0x03, 0xB5, 0x7C, 0x66, 0x61, 0x00,
    0x6A, 0xF9, 0x06, 0xD4, 0xBA, 0x96, 0xE1, 0x26, 0x90, 0xAC, 0x67, 0x58, 0xC3, 0xC0, 0x00, 0x00,
    0x99, 0x82, 0x23, 0xE1, 0x78, 0x9C, 0x63, 0x60, 0x78, 0xCF, 0x00, 0x04, 0x40, 0x42, 0xE0, 0xE5,
    0x7F, 0x49, 0x86, 0x87, 0xFF, 0xFF, 0xDF, 0x67, 0xF8, 0x99, 0x57, 0xF2, 0x8F, 0xE3, 0x2F, 0x33,
    0xC3, 0x17, 0xDE, 0xBF, 0x0C, 0x0C, 0x1F, 0xF8, 0x7F, 0xB2, 0x30, 0x08, 0x30, 0x5E, 0xAC, 0x67,
    0x04, 0x2A, 0xF9, 0xB9, 0x9F, 0x15, 0x48, 0x5E, 0xDB, 0x0F, 0xD2, 0xF2, 0x93, 0x33, 0x14, 0x28,
    0xCB, 0xF7, 0x8F, 0x81, 0xE1, 0x01, 0xFF, 0x2F, 0x76, 0x86, 0x6F, 0x3C, 0x9F, 0xCE, 0x9F, 0xFA,
    0xCF, 0xAC, 0x70, 0xEB, 0xBF, 0x15, 0xC4, 0x3C, 0x30, 0x01, 0x00, 0x9B, 0x0F, 0x22, 0x40, 0x78,
    0x9C, 0x9B, 0xF0, 0x8E, 0x93, 0x01, 0x08, 0x7E, 0x9E, 0x99, 0x0F, 0xA2, 0xFE, 0x31, 0xBC, 0x67,
    0x68, 0xE0, 0x04, 0x12, 0xFF, 0x18, 0x3E, 0x33, 0x83, 0x79, 0xBD, 0x40, 0xB9, 0x3D, 0xF3, 0x1B,
    0x78, 0x18, 0x18, 0x26, 0xFC, 0xE3, 0xFC, 0xCC, 0x04, 0x52, 0xC4, 0x90, 0x0B, 0x26, 0x1B, 0xB8,
    0xAF, 0xDF, 0x67, 0x63, 0x60, 0x78, 0xDC, 0x78, 0xFF, 0x65, 0x3E, 0x03, 0x43, 0xEC, 0x03, 0x79,
    0x85, 0xF3, 0x0C, 0x13, 0xB8, 0x3E, 0xF0, 0x31, 0xDC, 0x67, 0xB8, 0xCC, 0x00, 0xE6, 0x29, 0x30,
    0x34, 0x80, 0xE5, 0x18, 0x18, 0x80, 0x2A, 0x01, 0x47, 0xA5, 0x23, 0x90, 0x78, 0x9C, 0x01, 0x5A,
    0x00, 0xA5, 0xFF, 0x00, 0xB4, 0xFF, 0x5C, 0x00, 0x00, 0x40, 0xFF, 0x99, 0xFE, 0x05, 0x00, 0xB0,
    0x5F, 0x00, 0xF3, 0x0C, 0x00, 0xD0, 0x0F, 0x00, 0xF1, 0x0D, 0x00, 0xB0, 0x4F, 0x00, 0xF9, 0x07,
    0x00, 0x30, 0xDF, 0xC3, 0xAF, 0x00, 0x00, 0x00, 0xF9, 0xFF, 0x06, 0x00, 0x00, 0x10, 0xFB, 0xAF,
    0x00, 0x00, 0x00, 0xD1, 0x8F, 0xFE, 0x06, 0xE0, 0x0F, 0xFA, 0x06, 0xF2, 0x3F, 0xF1, 0x0D, 0xEF,
    0x00, 0x40, 0xEF, 0xF8, 0x09, 0xFE, 0x00, 0x00, 0xF7, 0xFF, 0x03, 0xFA, 0x07, 0x00, 0xF1, 0xFF,
    0x00, 0xE1, 0xBF, 0xA8, 0xFF, 0xFF, 0x09, 0x10, 0xD8, 0xEF, 0x5B, 0xE1, 0x7F, 0x77, 0xEA, 0x28,
    0x78, 0x78, 0x9C, 0x7B, 0xFF, 0x1E, 0x08, 0x00, 0x0E, 0x06, 0x04, 0xAC, 0x78, 0x9C, 0x1D, 0xC2,
    0x81, 0x09, 0x44, 0x50, 0x00, 0x00, 0xD0, 0x87, 0x3E, 0x75, 0x52, 0xB7, 0x89, 0x11, 0xD8, 0xC0,
    0x2A, 0x46, 0xB8, 0x11, 0x6C, 0x62, 0x22, 0x65, 0x02, 0x97, 0x48, 0x11, 0x52, 0x5E, 0x8F, 0x58,
    0x5D, 0x59, 0x3E, 0x06, 0x6D, 0x63, 0x2C, 0xAC, 0x99, 0x3D, 0x71, 0x46, 0x6E, 0xFE, 0xEF, 0x89,
    0x8B, 0x23, 0xB6, 0xA5, 0xE6, 0x5C, 0x57, 0xFA, 0xF6, 0x6C, 0xC1, 0xAF, 0x24, 0x3C, 0x5F, 0xF4,
    0x11, 0xE4, 0x78, 0x9C, 0x13, 0x64, 0x60, 0x78, 0xCA, 0xC4, 0xB0, 0x41, 0x8E, 0x41, 0x60, 0x1F,
    0x03, 0xC3, 0x77, 0x16, 0x86, 0x0F, 0x3C, 0x0C, 0x0B, 0xF4, 0x19, 0x12, 0xEA, 0x19, 0x0C, 0xD6,
    0x33, 0x08, 0x9C, 0x67, 0x60, 0xB8, 0x0F, 0x46, 0xE7, 0x19, 0x14, 0xF6, 0x33, 0x04, 0xF4, 0x33,
    0x34, 0xD8, 0x33, 0x5C, 0xE0, 0x63, 0xF8, 0xCC, 0xCE, 0x70, 0x87, 0xA1, 0xC0, 0x9F, 0xE1, 0x0B,
    0x1B, 0x83, 0x13, 0x03, 0x03, 0x00, 0x49, 0x1A, 0x11, 0xB1, 0x78, 0x9C, 0x63, 0x60, 0x78, 0xCF,
    0x00, 0x04, 0x40, 0xA2, 0x90, 0xF1, 0xBD, 0x00, 0xFB, 0xD7, 0xFD, 0xFF, 0x7F, 0xEB, 0x0B, 0x5C,
    0xFB, 0x5F, 0xC3, 0xC4, 0xF0, 0xF0, 0x1F, 0x37, 0x03, 0xC3, 0xEF, 0xE2, 0x7A, 0x06, 0x83, 0x7A,
    0x86, 0xD7, 0x0C, 0x0C, 0x4C, 0x0C, 0x82, 0x0C, 0x00, 0x6B, 0xAC, 0x0F, 0x1B, 0x78, 0x9C, 0x63,
    0x60, 0x78, 0xCF, 0x00, 0x04, 0x28, 0x44, 0x47, 0xC7, 0x7F, 0x20, 0x02, 0x01, 0x06, 0x2C, 0xB2,
    0x0C, 0x0C, 0x15, 0x0C, 0x0C, 0x00, 0xD7, 0xED, 0x10, 0x0B, 0x78, 0x9C, 0xFB, 0xC0, 0xF7, 0x81,
    0xF7, 0x13, 0xF7, 0x77, 0xD6, 0x55, 0x0C, 0x0C, 0x0C, 0x00, 0x26, 0x23, 0x04, 0x9F, 0x78, 0x9C,
    0xEB, 0xE8, 0xE0, 0xF8, 0xFF, 0x9F, 0x1F, 0x00, 0x0B, 0x08, 0x03, 0x26, 0x78, 0x9C, 0x63, 0xD8,
    0xBB, 0x06, 0x00, 0x02, 0x29, 0x01, 0x6A, 0x78, 0x9C, 0x05, 0xC1, 0xB1, 0x0D, 0x40, 0x40, 0x00,
    0x00, 0xC0, 0x4B, 0x84, 0x02, 0x09, 0x1B, 0xB0, 0x01, 0x9B, 0xB1, 0xC1, 0xDB, 0xE0, 0x7F, 0x31,
    0x89, 0x01, 0x14, 0x7A, 0x8D, 0x04, 0x85, 0xCE, 0x1D, 0x56, 0xC6, 0x89, 0xD4, 0x70, 0x95, 0xBC,
    0x19, 0x3B, 0x7D, 0x60, 0xE9, 0x38, 0x2A, 0x9E, 0x9C, 0x93, 0x36, 0x32, 0x0F, 0x6C, 0x35, 0x77,
    0xC1, 0x87, 0x1F, 0x9C, 0x4E, 0x0C, 0xF3, 0x78, 0x9C, 0x13, 0x78, 0x79, 0x5F, 0x82, 0xE1, 0xC0,
    0xF9, 0x93, 0xE7, 0x19, 0xBE, 0x71, 0x32, 0xFC, 0x62, 0xFB, 0xCD, 0xC4, 0xF0, 0x99, 0xFB, 0x1F,
    0x03, 0xC3, 0x07, 0xDE, 0xF7, 0x0C, 0x0C, 0x0F, 0xF8, 0xB1, 0x11, 0x7F, 0x41, 0xB2, 0xBF, 0x99,
    0x19, 0x3E, 0x73, 0x7D, 0xE5, 0x62, 0xF8, 0xC5, 0x7A, 0xE0, 0xFC, 0x89, 0xF3, 0x0C, 0x0C, 0x37,
    0xDE, 0x4B, 0x32, 0x00, 0x00, 0xB9, 0x31, 0x1F, 0x5C, 0x78, 0x9C, 0x63, 0x30, 0xB8, 0xD9, 0xF4,
    0xF7, 0xFD, 0xFF, 0xBE, 0xF7, 0x96, 0x0C, 0xEF, 0x19, 0x08, 0x21, 0x00, 0xBA, 0xAA, 0x11, 0x61,
    0x78, 0x9C, 0x13, 0xB8, 0xF1, 0x5E, 0x8B, 0xE1, 0xC2, 0xF9, 0x15, 0xFF, 0x99, 0x7F, 0x70, 0x30,
    0x7C, 0xE3, 0xFE, 0xCB, 0xC0, 0xF0, 0x81, 0xBF, 0x02, 0x48, 0xF0, 0x31, 0x30, 0x30, 0x7C, 0xE6,
    0x02, 0x12, 0x7F, 0x98, 0x19, 0x18, 0x1A, 0xD6, 0x03, 0x19, 0xDF, 0x78, 0x19, 0x18, 0x1C, 0xDE,
    0x33, 0x01, 0x85, 0xED, 0x19, 0x18, 0x14, 0xFE, 0xB1, 0x30, 0x30, 0x5C, 0xCC, 0x07, 0xC9, 0xF7,
    0x76, 0x74, 0x74, 0xFC, 0x07, 0x01, 0x00, 0xE9, 0x9F, 0x1B, 0xCD, 0x78, 0x9C, 0x13, 0xB8, 0xF1,
    0x5E, 0x8B, 0xE1, 0xE1, 0xFE, 0x15, 0xFF, 0x99, 0x7E, 0xB1, 0x31, 0x7C, 0xE5, 0xFA, 0xC7, 0xC0,
    0xF0, 0x81, 0x4F, 0x90, 0x81, 0xE1, 0x01, 0x3F, 0x03, 0x03, 0xC3, 0x17, 0x2E, 0x06, 0x87, 0x92,
    0xFB, 0x8C, 0x0C, 0x9F, 0xFF, 0xDB, 0x33, 0x30, 0x18, 0x94, 0xFC, 0x63, 0x06, 0x8A, 0x7D, 0xE6,
    0x66, 0x00, 0xC9, 0xBE, 0x07, 0xA9, 0xFB, 0xCD, 0x0A, 0xD4, 0xF1, 0x68, 0xFF, 0x8A, 0xF7, 0x4C,
    0x02, 0x2F, 0xDF, 0x4B, 0x32, 0x00, 0x00, 0x26, 0x8A, 0x1B, 0xC2, 0x78, 0x9C, 0x63, 0x60, 0x60,
    0xF8, 0xCE, 0xCF, 0xC0, 0xC0, 0xA0, 0xF0, 0x9F, 0x0F, 0x48, 0x1E, 0xF8, 0x07, 0x22, 0xBF, 0x7D,
    0x03, 0x92, 0x0A, 0xE7, 0x3F, 0x00, 0xC9, 0x0D, 0xFA, 0x20, 0xF2, 0x1B, 0x3B, 0x90, 0x14, 0xB8,
    0xCF, 0x00, 0x24, 0x37, 0xD8, 0x83, 0xC8, 0x6F, 0x1C, 0x20, 0xF2, 0x3F, 0x08, 0xF0, 0x77, 0x74,
    0x74, 0xFC, 0xE8, 0xE7, 0x00, 0x6A, 0x03, 0xA9, 0x44, 0x22, 0x01, 0xED, 0x63, 0x1C, 0xC0, 0x78,
    0x9C, 0x33, 0xF8, 0xFF, 0xFF, 0x7F, 0xBD, 0xC3, 0xFE, 0x8E, 0x0E, 0x8B, 0x84, 0x78, 0x06, 0x06,
    0x86, 0x02, 0x7F, 0x20, 0x31, 0x41, 0x1F, 0x48, 0x2C, 0xB0, 0x2F, 0x13, 0x63, 0x38, 0x00, 0x94,
    0x65, 0x6B, 0x88, 0x15, 0xF8, 0x66, 0x0F, 0x92, 0x9B, 0x0F, 0x24, 0x04, 0xEE, 0x03, 0x09, 0x86,
    0xFB, 0x5F, 0x39, 0x18, 0x0C, 0xF6, 0x7F, 0xD0, 0x63, 0xD8, 0x90, 0x1F, 0xF0, 0x7E, 0xE6, 0x5F,
    0x1E, 0x86, 0xCD, 0xFF, 0x7A, 0x19, 0x00, 0x10, 0xE3, 0x1B, 0xA6, 0x78, 0x9C, 0x63, 0x70, 0x78,
    0xC5, 0xC7, 0xC0, 0xF0, 0x6B, 0x3D, 0x3B, 0x43, 0xC3, 0x7A, 0x06, 0x06, 0x86, 0x8F, 0x3C, 0x40,
    0xE2, 0x3B, 0x2B, 0x90, 0xF8, 0xED, 0x58, 0xCE, 0xCC, 0xF0, 0xF7, 0xCF, 0xFF, 0x7E, 0x86, 0xFF,
    0x7E, 0x06, 0xFF, 0x58, 0xFF, 0x33, 0x31, 0x7C, 0xE1, 0xFE, 0xCF, 0xC0, 0xF0, 0x81, 0xEF, 0x1F,
    0x03, 0xC3, 0x03, 0xFE, 0x5F, 0x2C, 0x0C, 0x1F, 0x79, 0xBF, 0xF0, 0x30, 0xFC, 0xE4, 0x98, 0x70,
    0xFF, 0xC4, 0x7D, 0x06, 0x86, 0x6B, 0xEF, 0x25, 0x19, 0x00, 0xE2, 0x41, 0x1C, 0xA9, 0x78, 0x9C,
    0xFB, 0xFF, 0x1F, 0x08, 0x3A, 0x80, 0xE0, 0x3C, 0x03, 0x03, 0x43, 0x42, 0x3C, 0x90, 0xB8, 0xC0,
    0x07, 0x24, 0xBE, 0xB2, 0x03, 0x89, 0x3F, 0x8C, 0x0C, 0x0C, 0x0E, 0xF3, 0x81, 0x8C, 0x0D, 0xFA,
    0x40, 0xE2, 0x13, 0x37, 0x90, 0xF8, 0xC9, 0xC2, 0xC0, 0x20, 0x70, 0x1F, 0xC8, 0x68, 0xC8, 0x07,
    0x12, 0x0F, 0x40, 0x4A, 0xBF, 0x71, 0x00, 0x89, 0xBF, 0x40, 0xA5, 0x00, 0xB6, 0x7C, 0x14, 0x01,
    0x78, 0x9C, 0x01, 0x4B, 0x00, 0xB4, 0xFF, 0x10, 0xE9, 0xEF, 0x2A, 0x00, 0xE1, 0xBF, 0xA8, 0xFF,
    0x02, 0xF9, 0x07, 0x00, 0xF6, 0x0A, 0xFC, 0x00, 0x00, 0xE0, 0x0E, 0xFD, 0x01, 0x00, 0xF0, 0x0F,
    0xF9, 0x0B, 0x00, 0xFA, 0x0B, 0xD1, 0xFF, 0xFF, 0xEF, 0x02, 0x80, 0xFF, 0xFF, 0x9F, 0x00, 0xF6,
    0x7F, 0x74, 0xFF, 0x05, 0xFD, 0x04, 0x00, 0xF4, 0x0C, 0xEF, 0x00, 0x00, 0xE0, 0x0F, 0xFE, 0x00,
    0x00, 0xF0, 0x0E, 0xF9, 0x06, 0x00, 0xF5, 0x09, 0xE1, 0xAF, 0xA8, 0xEF, 0x01, 0x10, 0xE9, 0xEF,
    0x19, 0x00, 0x77, 0xE3, 0x24, 0x17, 0x78, 0x9C, 0x63, 0x78, 0x71, 0x9F, 0x9D, 0xE1, 0xC0, 0xF9,
    0x1B, 0xEB, 0x19, 0xBE, 0x71, 0x31, 0xFC, 0x61, 0xF9, 0xC3, 0xC4, 0xF0, 0x85, 0xEB, 0x3D, 0x03,
    0xC3, 0x07, 0x5E, 0x10, 0xC1, 0xFF, 0x87, 0x11, 0x48, 0x7C, 0xE7, 0x64, 0xF8, 0xC9, 0xFF, 0x60,
    0xFF, 0xC9, 0x7F, 0x7C, 0x02, 0xAF, 0xD6, 0x7F, 0xE2, 0x66, 0x60, 0x60, 0xF8, 0xCC, 0x01, 0x24,
    0x7E, 0x31, 0x33, 0x30, 0x14, 0xAC, 0x67, 0x60, 0x58, 0xFE, 0x0F, 0x28, 0xF4, 0x2E, 0x9A, 0x81,
    0x01, 0x00, 0xB8, 0xA9, 0x1C, 0xE9, 0x78, 0x9C, 0x5B, 0xB3, 0x97, 0x01, 0x02, 0xF6, 0xAE, 0x01,
    0x00, 0x10, 0xF7, 0x02, 0xD3, 0x78, 0x9C, 0xDB, 0xC0, 0x73, 0x81, 0x97, 0x01, 0x09, 0x38, 0xB0,
    0x3E, 0xE0, 0x7F, 0xC0, 0xFF, 0x91, 0xFB, 0x1B, 0x4B, 0x32, 0x03, 0x00, 0x49, 0x73, 0x06, 0x16,
    0x78, 0x9C, 0x63, 0x60, 0x60, 0x68, 0x64, 0x63, 0x60, 0x58, 0xFC, 0x9F, 0x83, 0x61, 0xCB, 0xFF,
    0x1C, 0x86, 0x6B, 0xEF, 0x35, 0x19, 0x18, 0xFE, 0x73, 0x32, 0x30, 0x30, 0x3C, 0xBF, 0x2F, 0x0E,
    0x24, 0xAF, 0xFD, 0xF7, 0x06, 0x92, 0x5B, 0xFE, 0xB3, 0x03, 0xC9, 0x49, 0x20, 0x82, 0x81, 0x01,
    0x00, 0x7F, 0x75, 0x0D, 0x97, 0x78, 0x9C, 0xEB, 0xE8, 0xE8, 0xE8, 0xF8, 0x0F, 0x04, 0x0C, 0x50,
    0xD0, 0x01, 0xE5, 0x03, 0x00, 0x91, 0x64, 0x0C, 0x39, 0x78, 0x9C, 0x8B, 0x61, 0x00, 0x82, 0xFF,
    0xB9, 0x40, 0xA2, 0xE9, 0x5F, 0x1F, 0x23, 0x03, 0x83, 0xC3, 0xAF, 0xF5, 0x4C, 0x0C, 0x0C, 0x0A,
    0xFF, 0xF8, 0x80, 0xAC, 0xFD, 0x4C, 0x85, 0x7F, 0xE7, 0x33, 0x31, 0xFC, 0xAF, 0x03, 0x8A, 0xC7,
    0x30, 0xC0, 0x00, 0x00, 0x6E, 0x00, 0x0C, 0xD3, 0x78, 0x9C, 0x33, 0xF8, 0x7D, 0x9E, 0xE5, 0xCB,
    0xFA, 0x9F, 0xFE, 0x7F, 0x98, 0x1D, 0xCE, 0xCF, 0x62, 0x60, 0xF8, 0xCF, 0x00, 0xC6, 0x0E, 0xFB,
    0x19, 0x18, 0x1E, 0xDA, 0x33, 0x30, 0xFC, 0xE6, 0x64, 0x48, 0x38, 0xCF, 0xC0, 0x70, 0x41, 0x9F,
    0x81, 0xE1, 0x03, 0x3F, 0x03, 0x83, 0x01, 0x33, 0x03, 0x18, 0x04, 0xB0, 0x30, 0x30, 0x1C, 0xE0,
    0x62, 0x00, 0x00, 0xA9, 0x68, 0x11, 0x31, 0x78, 0x9C, 0x63, 0x60, 0x08, 0x78, 0xF5, 0x7F, 0x2E,
    0x33, 0x03, 0x03, 0x83, 0xC1, 0xDF, 0xB5, 0x33, 0x7E, 0xAF, 0x07, 0x32, 0xBE, 0xC4, 0x31, 0x30,
    0x08, 0xFC, 0xE2, 0x61, 0x50, 0x78, 0xC7, 0x04, 0xE4, 0x4D, 0xE8, 0x67, 0xD8, 0xE0, 0xCF, 0xA0,
    0x50, 0xCE, 0xC4, 0xF0, 0x8F, 0xE1, 0x13, 0x0F, 0xC3, 0xB7, 0xFF, 0xFD, 0x0C, 0x3F, 0x58, 0x7F,
    0xB0, 0x3A, 0xAC, 0x17, 0x3C, 0xCF, 0xF0, 0x85, 0xF3, 0x0F, 0xE3, 0x01, 0x5E, 0x86, 0x3E, 0x86,
    0x4F, 0xDC, 0x40, 0x49, 0x76, 0x86, 0x7A, 0x86, 0x0F, 0xBC, 0xEF, 0x19, 0xBE, 0x31, 0x0B, 0xE4,
    0x03, 0x19, 0xFF, 0x19, 0x7E, 0x30, 0x2A, 0xF8, 0x33, 0x7C, 0xE4, 0xF9, 0x07, 0x64, 0x34, 0xD8,
    0x03, 0x15, 0xFF, 0x66, 0xFA, 0xCE, 0xF2, 0xC1, 0x9E, 0xE1, 0x17, 0xF3, 0x0F, 0xB6, 0x8F, 0xF3,
    0xF6, 0xEC, 0x6B, 0x5E, 0xCF, 0xF0, 0x89, 0x37, 0xE0, 0x1D, 0xE7, 0xE1, 0xFB, 0xEC, 0x0C, 0x0B,
    0xFA, 0x19, 0x20, 0x40, 0xE0, 0x9F, 0x24, 0x94, 0x75, 0xF0, 0x7F, 0xF7, 0x8A, 0x5E, 0x30, 0x6B,
    0xE9, 0xBF, 0xF3, 0x12, 0x40, 0x0A, 0x00, 0x2A, 0x64, 0x3D, 0x5A, 0x78, 0x9C, 0x63, 0x60, 0x60,
    0xF8, 0xC5, 0xCE, 0x00, 0x04, 0x02, 0xFF, 0x79, 0x40, 0x54, 0xC2, 0x7F, 0x7D, 0x10, 0x75, 0x21,
    0xBE, 0x1E, 0x44, 0x7D, 0xE6, 0x3E, 0x0F, 0xA2, 0x7E, 0xB1, 0xFC, 0x62, 0x04, 0xAA, 0x78, 0xCF,
    0xF0, 0x15, 0xA8, 0x34, 0xA1, 0x9F, 0xE1, 0x23, 0x50, 0xE9, 0x05, 0x7D, 0x86, 0x0D, 0xF2, 0x40,
    0x15, 0xF3, 0x67, 0xFE, 0x04, 0x2A, 0xFD, 0xF5, 0xFF, 0xFF, 0xFF, 0xF3, 0x20, 0x15, 0x0C, 0x0C,
    0x7F, 0x19, 0x0B, 0xFA, 0x81, 0xD4, 0x0F, 0xB6, 0x0B, 0x20, 0x93, 0x3E, 0xF3, 0x7C, 0x06, 0x99,
    0xFB, 0x40, 0x1E, 0x00, 0xB8, 0xE1, 0x1F, 0x33, 0x78, 0x9C, 0xFB, 0xFF, 0xFF, 0xFD, 0x5C, 0xC6,
    0xFF, 0x1D, 0x1D, 0x7F, 0xF4, 0xDE, 0x33, 0x30, 0x14, 0xCC, 0x07, 0x12, 0x0C, 0xF7, 0x81, 0x84,
    0xC0, 0x79, 0x20, 0x31, 0xA1, 0xFE, 0xFF, 0xDF, 0xFF, 0xFF, 0x39, 0xFF, 0x03, 0x01, 0x2B, 0x90,
    0x7B, 0x38, 0x1E, 0x48, 0x28, 0x80, 0x24, 0x18, 0xFE, 0x81, 0x88, 0xF7, 0x20, 0x1D, 0xEB, 0x41,
    0x7A, 0xE5, 0x80, 0x2A, 0xE6, 0x32, 0x02, 0x00, 0xD9, 0xFC, 0x26, 0xED, 0x78, 0x9C, 0x63, 0x68,
    0xF8, 0x7B, 0x9E, 0x9D, 0x41, 0xE1, 0x5F, 0xCF, 0xCD, 0xF3, 0x0C, 0x17, 0xE2, 0x19, 0x18, 0x7E,
    0x72, 0x7E, 0xE3, 0x64, 0x60, 0xF8, 0xC0, 0xFF, 0x9B, 0x89, 0x81, 0x61, 0x82, 0xED, 0x3F, 0x06,
    0x10, 0x78, 0x8F, 0x41, 0x42, 0xC4, 0x7F, 0x33, 0x03, 0xD5, 0xE8, 0x42, 0xD4, 0x5F, 0xF0, 0x07,
    0xE9, 0x55, 0xF8, 0xD7, 0x0D, 0x34, 0x87, 0xA1, 0xF1, 0xEF, 0x39, 0x36, 0x06, 0x00, 0x0D, 0x5A,
    0x1B, 0xE5, 0x78, 0x9C, 0xFB, 0xFF, 0xFF, 0xBD, 0x15, 0x03, 0xC3, 0xFF, 0x8E, 0x15, 0xFF, 0x39,
    0x18, 0xDE, 0x33, 0x30, 0x6C, 0xAC, 0x07, 0x91, 0x0C, 0x7F, 0x19, 0x41, 0xE4, 0x37, 0x76, 0x10,
    0xF9, 0x89, 0x1B, 0x44, 0x7E, 0xE0, 0x45, 0x27, 0x21, 0xE2, 0xDF, 0xC1, 0x6A, 0xFE, 0x81, 0xD4,
    0x1F, 0xEC, 0x07, 0x9A, 0xB3, 0x13, 0x68, 0xCE, 0xFF, 0xFF, 0xF7, 0x2D, 0x19, 0x18, 0x00, 0x33,
    0x32, 0x22, 0x69, 0x78, 0x9C, 0xFB, 0xFF, 0xFF, 0xFF, 0xFF, 0xFE, 0xFF, 0x1D, 0x1D, 0x1D, 0x1E,
    0xEF, 0x19, 0x80, 0x00, 0x8D, 0x00, 0x49, 0xB0, 0x00, 0x55, 0xFC, 0xE7, 0xC0, 0x26, 0x0B, 0x57,
    0xE2, 0x01, 0x52, 0xD2, 0x0F, 0x00, 0x90, 0x8D, 0x1D, 0xDB, 0x78, 0x9C, 0xFB, 0xFF, 0xFF, 0xFF,
    0x7F, 0xFE, 0xFF, 0x1D, 0x1D, 0x1D, 0x1C, 0xEF, 0x19, 0x80, 0x00, 0x1B, 0x01, 0x54, 0xF1, 0x9F,
    0x01, 0xA4, 0x04, 0xAB, 0x2C, 0x82, 0x00, 0x00, 0x31, 0x53, 0x17, 0x83, 0x78, 0x9C, 0x63, 0x98,
    0xF8, 0xF7, 0x1C, 0x1B, 0x83, 0xC1, 0xFF, 0xEE, 0x97, 0xEB, 0x19, 0x1E, 0xF8, 0x33, 0x30, 0xFC,
    0x66, 0xFB, 0xC6, 0xC1, 0xC0, 0xF0, 0x99, 0xE7, 0x37, 0x13, 0x03, 0x43, 0x02, 0xDB, 0x3F, 0x06,
    0x10, 0x78, 0x0F, 0x25, 0x05, 0x3A, 0x3A, 0x38, 0xDE, 0x03, 0xD5, 0xFE, 0xE7, 0x07, 0x89, 0x3F,
    0xE0, 0xFF, 0xC5, 0x0C, 0x22, 0xBF, 0x72, 0x81, 0xC8, 0x03, 0xF5, 0x0C, 0x0C, 0x9F, 0xF8, 0x05,
    0xFE, 0xCE, 0x59, 0xF1, 0x9F, 0x9D, 0xA1, 0xE0, 0xCF, 0x7D, 0x2B, 0x06, 0x00, 0xA7, 0x48, 0x20,
    0x58, 0x78, 0x9C, 0x7B, 0xCF, 0xC0, 0xC0, 0xF0, 0x80, 0xFF, 0x3D, 0x11, 0xE4, 0x7F, 0x10, 0xE0,
    0xFF, 0x3F, 0x73, 0xE6, 0xCC, 0x9F, 0x44, 0xA9, 0x07, 0x00, 0xE7, 0xF8, 0x21, 0x23, 0x78, 0x9C,
    0x7B, 0xFF, 0x1E, 0x05, 0x00, 0x00, 0x70, 0x17, 0x0E, 0x02, 0x78, 0x9C, 0x63, 0x60, 0x60, 0x78,
    0xC0, 0xCF, 0x40, 0x0A, 0x61, 0x0C, 0x22, 0xFE, 0x31, 0x30, 0x7C, 0xE0, 0xFB, 0xC5, 0xCA, 0xF0,
    0x9D, 0xF3, 0xD3, 0xFA, 0x1D, 0xEF, 0x19, 0x15, 0x5E, 0xBD, 0x97, 0x64, 0x00, 0x00, 0x4A, 0x26,
    0x13, 0xCF, 0x78, 0x9C, 0x7B, 0xCF, 0xC0, 0x20, 0xF0, 0x8F, 0xF5, 0x3D, 0x03, 0xC3, 0x85, 0x7A,
    0x06, 0x20, 0xF9, 0x9B, 0x13, 0x48, 0x2E, 0xD8, 0xCF, 0x00, 0x24, 0x7F, 0xF0, 0x00, 0xC9, 0x84,
    0xF7, 0x8C, 0x40, 0xF2, 0xAB, 0x3D, 0x03, 0x03, 0xC3, 0xFF, 0xFF, 0xEB, 0x41, 0x64, 0xFC, 0x3F,
    0x36, 0x20, 0xC9, 0xFA, 0x59, 0x1F, 0x48, 0x32, 0x14, 0xDC, 0x67, 0x00, 0xEB, 0xE2, 0x02, 0x91,
    0x0F, 0xF3, 0x41, 0xA4, 0xC1, 0x7F, 0x26, 0x20, 0xC9, 0xF0, 0x9D, 0x17, 0x00, 0xEE, 0x06, 0x20,
    0xA0, 0x78, 0x9C, 0x7B, 0xCF, 0x00, 0x04, 0xEF, 0x29, 0x20, 0xFE, 0x77, 0x74, 0x74, 0x70, 0xFC,
    0x07, 0x02, 0x7E, 0x00, 0x47, 0x77, 0x12, 0xCE, 0x78, 0x9C, 0x25, 0xCC, 0xB1, 0x19, 0x80, 0x20,
    0x0C, 0x84, 0xD1, 0x6B, 0xB4, 0xC2, 0x38, 0x8A, 0x23, 0xC0, 0x08, 0x6C, 0xE2, 0x48, 0x38, 0x02,
    0x93, 0x19, 0xA0, 0x10, 0x1A, 0x88, 0x41, 0xAF, 0x79, 0xCD, 0x7D, 0xBF, 0x18, 0xE8, 0xC6, 0x2E,
    0x56, 0x71, 0x42, 0x12, 0xD4, 0x28, 0xC4, 0x43, 0xCD, 0x9D, 0xB8, 0xAD, 0x40, 0x7D, 0x88, 0x8B,
    0x1E, 0x7B, 0x26, 0x8E, 0x07, 0x5C, 0x48, 0xC4, 0x3E, 0xE0, 0xB2, 0x2A, 0x6E, 0xE4, 0x6D, 0xDA,
    0x96, 0xBA, 0x4E, 0x8B, 0xE9, 0x98, 0xC6, 0x33, 0x7C, 0x7A, 0x4D, 0x4F, 0x31, 0xCC, 0xAF, 0x16,
    0x13, 0xBD, 0x14, 0xBC, 0x33, 0xCF, 0x78, 0x9C, 0xFB, 0xCF, 0xCC, 0xC0, 0xF0, 0x80, 0xFF, 0x3F,
    0x0F, 0x98, 0xAC, 0x07, 0x93, 0xFF, 0x19, 0x81, 0xE4, 0xFB, 0xEF, 0xDC, 0x20, 0xF2, 0x42, 0x3C,
    0x88, 0x34, 0x78, 0x0F, 0x22, 0x19, 0x7E, 0x72, 0x82, 0xC8, 0x07, 0xF6, 0x20, 0x32, 0xE0, 0x3C,
    0x88, 0x64, 0xF8, 0xFD, 0x1C, 0x44, 0x7E, 0xFA, 0x0F, 0x22, 0x0B, 0xC0, 0x24, 0xC3, 0x5F, 0x30,
    0xF9, 0x99, 0x1F, 0x00, 0x0B, 0x08, 0x27, 0x33, 0x78, 0x9C, 0x63, 0x28, 0xF8, 0x73, 0x9E, 0x8D,
    0x41, 0xE0, 0x6F, 0xCF, 0xCD, 0xF3, 0x8C, 0x07, 0xF2, 0x19, 0x18, 0xBE, 0x73, 0x7D, 0xE1, 0x62,
    0x60, 0xD8, 0x60, 0xFF, 0x8B, 0x99, 0x81, 0x21, 0xA0, 0xFF, 0x2F, 0x03, 0x03, 0x83, 0xC0, 0xF9,
    0xF7, 0x40, 0x92, 0xE1, 0x3E, 0x32, 0x09, 0x11, 0x87, 0xA8, 0x81, 0xA8, 0x3F, 0x50, 0x0F, 0xD2,
    0x2B, 0xF0, 0x77, 0x0E, 0xD0, 0x1C, 0x06, 0xB0, 0x99, 0x00, 0xBE, 0xD2, 0x20, 0x3B, 0x78, 0x9C,
    0xFB, 0xFF, 0xFF, 0xFF, 0x3E, 0x16, 0x86, 0xFF, 0x1D, 0x1D, 0xAF, 0xE6, 0x33, 0xBC, 0x67, 0x60,
    0x10, 0xF8, 0xCB, 0x02, 0x24, 0x19, 0xBE, 0x70, 0x83, 0xC8, 0x0F, 0xBC, 0x20, 0xF2, 0x23, 0x0F,
    0x88, 0xFC, 0xC6, 0x09, 0x24, 0x13, 0xFF, 0x33, 0xFD, 0x07, 0x02, 0x3F, 0x90, 0x7A, 0x37, 0x06,
    0x90, 0x7A, 0x06, 0xDC, 0x24, 0x00, 0x9D, 0x31, 0x1E, 0xA7, 0x78, 0x9C, 0x63, 0x28, 0xF8, 0x7B,
    0x9E, 0x8D, 0x41, 0xE0, 0x6F, 0xCF, 0xCD, 0xF3, 0x8C, 0x07, 0xF2, 0x19, 0x18, 0xBE, 0x73, 0x7D,
    0xE5, 0x62, 0x60, 0xD8, 0x60, 0xFF, 0x8B, 0x99, 0x81, 0x21, 0xA0, 0xFF, 0x1F, 0x03, 0x03, 0x83,
    0xC0, 0xF9, 0xF7, 0x40, 0x92, 0xE1, 0x3E, 0x32, 0xF9, 0x17, 0x2C, 0x0E, 0x51, 0xF3, 0x05, 0xAC,
    0xFE, 0x40, 0x3D, 0x48, 0xAF, 0xC0, 0xDF, 0x39, 0x3F, 0xCF, 0x33, 0x32, 0x14, 0xFC, 0xF9, 0x0F,
    0x24, 0x81, 0xE0, 0xA7, 0x1F, 0x88, 0x4C, 0xA8, 0x07, 0x91, 0x0C, 0x8C, 0x00, 0x33, 0x5C, 0x23,
    0x7F, 0x78, 0x9C, 0xFB, 0xFF, 0xFF, 0x7F, 0x0D, 0x03, 0xC3, 0xFF, 0x8E, 0x19, 0x7F, 0x65, 0x19,
    0xDE, 0x33, 0x30, 0x4C, 0x98, 0x0F, 0x22, 0x81, 0x18, 0x44, 0xFE, 0x03, 0x91, 0x02, 0x60, 0xF6,
    0x84, 0x7E, 0xB0, 0x1A, 0x1E, 0x86, 0xFF, 0xFF, 0xFF, 0xCF, 0x07, 0xC9, 0x07, 0xEC, 0x07, 0x91,
    0x0C, 0x7F, 0x99, 0x41, 0xE4, 0x17, 0x1E, 0x10, 0xB9, 0xC1, 0x1F, 0x44, 0x1A, 0xDC, 0x07, 0xEB,
    0xFD, 0xC5, 0x06, 0x00, 0xBF, 0x85, 0x23, 0x13, 0x78, 0x9C, 0x63, 0x38, 0xF6, 0x6F, 0x1D, 0x0B,
    0xC3, 0x81, 0xFB, 0x9D, 0xAF, 0xFA, 0x19, 0x7E, 0x70, 0x30, 0x30, 0xFC, 0x66, 0xFD, 0xCB, 0xC8,
    0xC0, 0xF0, 0x89, 0xFB, 0x2F, 0x13, 0x03, 0x43, 0x02, 0xEB, 0x77, 0x5B, 0x06, 0x20, 0x58, 0xF0,
    0xBF, 0x87, 0x19, 0x48, 0x6D, 0xF9, 0x7F, 0x9F, 0x0D, 0x48, 0x25, 0xFE, 0xDE, 0x0F, 0x12, 0x54,
    0xF8, 0xC3, 0x11, 0x06, 0xA4, 0x3E, 0xF1, 0xFC, 0x05, 0x92, 0x1F, 0x78, 0xBF, 0x73, 0x33, 0x00,
    0xF5, 0x4F, 0x78, 0xDF, 0x75, 0xF3, 0x3C, 0x03, 0xC3, 0x92, 0x7F, 0xE7, 0xD9, 0x19, 0x00, 0xC6,
    0x5A, 0x20, 0x29, 0x78, 0x9C, 0xFB, 0xF1, 0x1F, 0x08, 0xFA, 0x5B, 0x3A, 0x7E, 0xF4, 0x77, 0x78,
    0x30, 0x30, 0x7C, 0xE0, 0x63, 0x60, 0xA0, 0x16, 0x09, 0x00, 0xFB, 0xEC, 0x15, 0xCD, 0x78, 0x9C,
    0x7B, 0xCF, 0xC0, 0xC0, 0xF0, 0x81, 0xEF, 0x3D, 0xF9, 0x24, 0xEF, 0x1F, 0x26, 0x06, 0x86, 0xCF,
    0x5C, 0xDF, 0xB8, 0x19, 0x04, 0xFE, 0x30, 0x2F, 0x78, 0xDF, 0xF9, 0xAA, 0x9E, 0x81, 0x61, 0xEB,
    0xBF, 0x75, 0xCC, 0x0C, 0x00, 0x44, 0x9E, 0x1F, 0x1F, 0x78, 0x9C, 0xFB, 0xC1, 0xC9, 0xC0, 0xC0,
    0xF0, 0x95, 0xE7, 0x13, 0x1F, 0x90, 0xFA, 0xC5, 0x76, 0xC0, 0x1F, 0x48, 0xFD, 0x67, 0x4C, 0x98,
    0xCF, 0xC0, 0x10, 0xB0, 0x9F, 0x41, 0xE0, 0x3D, 0x03, 0xC3, 0x82, 0x78, 0x06, 0x86, 0xDF, 0x2C,
    0x0C, 0x1F, 0xF8, 0x81, 0xAA, 0xB8, 0x18, 0xBE, 0x02, 0x55, 0x03, 0x99, 0xBF, 0x99, 0x19, 0x18,
    0x26, 0xF8, 0x0B, 0xDC, 0x07, 0x2A, 0x36, 0x58, 0x9F, 0xD0, 0x0F, 0xA4, 0x18, 0xFE, 0x6E, 0xD0,
    0x07, 0x51, 0x3F, 0xBE, 0xF1, 0x80, 0xA8, 0x4F, 0xFF, 0xD9, 0x40, 0xD4, 0x81, 0xFF, 0x8C, 0x20,
    0x2A, 0x01, 0xA4, 0x10, 0x00, 0x2E, 0x33, 0x1C, 0x7E, 0x78, 0x9C, 0x0D, 0xCE, 0xC1, 0x0D, 0x82,
    0x40, 0x14, 0x45, 0xD1, 0x1B, 0x50, 0x81, 0x80, 0xE2, 0xDE, 0x0D, 0x1D, 0x50, 0x82, 0xD3, 0x01,
    0x25, 0x60, 0x05, 0x42, 0x09, 0x76, 0xA0, 0x1D, 0x60, 0x07, 0xD0, 0x01, 0x76, 0x00, 0x0D, 0x18,
    0xED, 0x40, 0x24, 0x88, 0x12, 0x32, 0x19, 0xFF, 0xEE, 0x6C, 0xEE, 0xCB, 0x1B, 0x7C, 0x98, 0x97,
    0xF0, 0xA2, 0xDB, 0x80, 0xF6, 0x50, 0x25, 0xB7, 0x98, 0xC8, 0xAC, 0xC9, 0x33, 0x4E, 0x29, 0x79,
    0x13, 0x53, 0xED, 0x51, 0x05, 0x55, 0x9A, 0xF1, 0x0C, 0xD9, 0x3E, 0xE8, 0xFC, 0x9A, 0x5E, 0x42,
    0xCD, 0xE0, 0xCC, 0x8C, 0x0E, 0x4C, 0x8B, 0x9F, 0x35, 0xDA, 0x93, 0x0D, 0x1F, 0xF7, 0x4E, 0xEF,
    0x6A, 0xE0, 0xBD, 0x2B, 0x68, 0x83, 0x46, 0xD4, 0x1E, 0x13, 0x2E, 0xE9, 0x59, 0x74, 0xAD, 0x43,
    0x54, 0x9D, 0x88, 0x0E, 0x46, 0x06, 0x4C, 0x28, 0x8A, 0xCC, 0x4A, 0x3E, 0x04, 0x22, 0x8C, 0x05,
    0x5F, 0x0F, 0xFE, 0x7D, 0x6C, 0x2E, 0x79, 0x78, 0x9C, 0x7B, 0xE8, 0xCF, 0xC0, 0x60, 0xF0, 0x9F,
    0x31, 0xE0, 0x3E, 0x03, 0xC3, 0x81, 0x7A, 0x06, 0x86, 0xDF, 0x1C, 0x0C, 0xDF, 0x79, 0x18, 0x18,
    0x3E, 0xE9, 0x0B, 0xFC, 0x67, 0x66, 0x60, 0x28, 0x38, 0xBF, 0xA0, 0x9F, 0x01, 0x08, 0xFE, 0xFE,
    0xE2, 0x03, 0x51, 0x9F, 0xFF, 0xB3, 0x80, 0xA8, 0x03, 0xF7, 0x41, 0x24, 0xC3, 0x97, 0xFF, 0x6C,
    0x20, 0xEA, 0xDF, 0x0F, 0x39, 0x20, 0x39, 0x61, 0xFF, 0x84, 0xF5, 0x20, 0x15, 0xF2, 0x02, 0xFF,
    0x80, 0x6A, 0xFE, 0xB2, 0x33, 0x7C, 0xE5, 0x63, 0x28, 0x00, 0xAA, 0xDB, 0x30, 0x9F, 0xE1, 0x93,
    0x3D, 0x03, 0x83, 0xC2, 0x7F, 0x66, 0x00, 0xD1, 0x4D, 0x20, 0xC7, 0x78, 0x9C, 0xBB, 0x90, 0xCF,
    0xC0, 0xC0, 0xF0, 0x83, 0xDB, 0xE1, 0x3E, 0x03, 0x83, 0xC0, 0x7F, 0x26, 0x86, 0x3F, 0x6C, 0x0C,
    0x0D, 0xF3, 0x19, 0x18, 0x3E, 0xF3, 0x31, 0x7C, 0x94, 0x67, 0x60, 0x58, 0x90, 0xCF, 0xF0, 0x83,
    0x83, 0x81, 0x41, 0xE1, 0xBD, 0xC0, 0x7B, 0x46, 0xA0, 0xB2, 0x9F, 0x6D, 0xF5, 0x40, 0x92, 0xE1,
    0xE3, 0x3F, 0x5E, 0x10, 0x55, 0xF0, 0x9F, 0x15, 0x44, 0x31, 0xBC, 0x67, 0x20, 0x8A, 0x02, 0x00,
    0xDD, 0x21, 0x17, 0xCB, 0x78, 0x9C, 0xFB, 0xFF, 0x1F, 0x08, 0x78, 0x3B, 0x80, 0xE0, 0x3F, 0x17,
    0x03, 0x03, 0x83, 0xC2, 0x7B, 0x46, 0x20, 0x79, 0x21, 0x1E, 0x48, 0x30, 0xFC, 0x04, 0x09, 0x38,
    0x80, 0x05, 0x1E, 0xFA, 0x83, 0x04, 0x7E, 0x71, 0x02, 0x89, 0x84, 0xFB, 0x20, 0xE6, 0x27, 0x7B,
    0x10, 0xF9, 0x87, 0x03, 0x48, 0x34, 0x80, 0x05, 0x3E, 0x83, 0x05, 0xFE, 0xF6, 0x03, 0x0D, 0xE2,
    0x00, 0x19, 0xF9, 0x9F, 0x1F, 0x00, 0x2F, 0xE5, 0x1D, 0x12, 0x78, 0x9C, 0xEB, 0xE8, 0xF8, 0xFF,
    0xFF, 0x3D, 0x03, 0x7E, 0xF8, 0x1F, 0xA8, 0x06, 0x00, 0xB7, 0x25, 0x15, 0x84, 0x78, 0x9C, 0xFB,
    0xC6, 0xC6, 0xC0, 0xC0, 0xF0, 0x81, 0x07, 0x48, 0x4C, 0xD0, 0x07, 0x12, 0x06, 0xFD, 0x40, 0x82,
    0xE1, 0x2D, 0x88, 0xF8, 0xCE, 0x0A, 0x24, 0x3E, 0x72, 0x03, 0x89, 0x0D, 0xF2, 0x40, 0xC2, 0xA1,
    0x1E, 0x24, 0x78, 0x0F, 0x44, 0xFC, 0x60, 0x01, 0x12, 0x9F, 0xB8, 0x80, 0xC4, 0x01, 0x90, 0x4C,
    0x40, 0x3E, 0x48, 0xF0, 0x3C, 0x88, 0xF8, 0xC9, 0x0C, 0x00, 0x48, 0x22, 0x0E, 0x29, 0x78, 0x9C,
    0xEB, 0xA8, 0xF8, 0xFF, 0x9E, 0x81, 0x00, 0xEC, 0x78, 0xFF, 0xFF, 0x3D, 0x00, 0xA2, 0xBE, 0x15,
    0x44, 0x78, 0x9C, 0x63, 0x70, 0xE0, 0x63, 0x60, 0x60, 0xD8, 0x90, 0x0F, 0x24, 0x3E, 0x9D, 0x07,
    0x12, 0x3F, 0x7E, 0x31, 0x33, 0x30, 0x9C, 0xFB, 0xC8, 0xC9, 0x10, 0x90, 0xBF, 0x81, 0x9F, 0x61,
    0x03, 0xBF, 0x43, 0x3E, 0xC3, 0x27, 0x4E, 0x86, 0x7B, 0x0C, 0x00, 0xD9, 0xF6, 0x0B, 0xB1, 0x78,
    0x9C, 0xEB, 0xE8, 0xE8, 0xE8, 0xE0, 0xF8, 0x0F, 0x04, 0xFC, 0x00, 0x20, 0x4B, 0x06, 0x34, 0x78,
    0x9C, 0x7B, 0x68, 0xCF, 0xA0, 0x70, 0x9F, 0x81, 0xE1, 0x0B, 0x3B, 0x00, 0x10, 0xF4, 0x03, 0x1B,
    0x78, 0x9C, 0x01, 0x37, 0x00, 0xC8, 0xFF, 0x20, 0xDA, 0xEF, 0x3B, 0x00, 0xF5, 0xBF, 0xB8, 0xFF,
    0x03, 0xFD, 0x04, 0x00, 0xF4, 0x0B, 0x00, 0x00, 0x00, 0xF0, 0x0D, 0x20, 0xD9, 0xFE, 0xFF, 0x0E,
    0xF3, 0xCF, 0x89, 0xF8, 0x0E, 0xFC, 0x05, 0x00, 0xF0, 0x0E, 0xFF, 0x00, 0x00, 0xF0, 0x0E, 0xFD,
    0x02, 0x00, 0xF8, 0x0E, 0xF6, 0xAE, 0xD9, 0xFF, 0x0F, 0x50, 0xFC, 0xAE, 0xA1, 0x2D, 0xEB, 0xF0,
    0x1B, 0x39, 0x78, 0x9C, 0x7B, 0xCF, 0x00, 0x04, 0xEF, 0xD1, 0x88, 0x23, 0xEF, 0xA5, 0x18, 0xFE,
    0xEF, 0x3F, 0x71, 0x9F, 0xE1, 0x3F, 0x1B, 0xC3, 0x2F, 0xF6, 0xFF, 0x0C, 0x0C, 0x9F, 0x79, 0x80,
    0xC4, 0x07, 0x7E, 0x20, 0xF1, 0x00, 0x44, 0x7C, 0xE0, 0x03, 0x12, 0x9F, 0x78, 0x20, 0xB2, 0x20,
    0x75, 0xE7, 0x8F, 0xBC, 0x97, 0x64, 0x00, 0x00, 0xE8, 0xFC, 0x1D, 0xCE, 0x78, 0x9C, 0x63, 0xB8,
    0xFE, 0x5E, 0x8B, 0x61, 0xC3, 0xFD, 0x15, 0xFF, 0x99, 0xBE, 0x71, 0x33, 0x7C, 0xE1, 0xFE, 0xC3,
    0xC4, 0xB0, 0x81, 0xE7, 0x3F, 0x03, 0x10, 0xBC, 0x07, 0x11, 0x60, 0x16, 0x50, 0xAC, 0x80, 0x03,
    0x28, 0xFB, 0x99, 0x1B, 0xA8, 0xEE, 0x3D, 0x13, 0xC3, 0xF5, 0xF7, 0x52, 0x0C, 0x00, 0x4C, 0x7F,
    0x14, 0x4D, 0x78, 0x9C, 0x63, 0x60, 0x60, 0x78, 0xC0, 0xCF, 0x80, 0x4A, 0x08, 0xBC, 0x3C, 0xFF,
    0x84, 0xFF, 0xC0, 0xF9, 0x15, 0xFF, 0xF9, 0xBF, 0x71, 0x33, 0x7C, 0xE1, 0xFF, 0xC3, 0xCC, 0xF0,
    0x81, 0xFF, 0x3F, 0x03, 0x90, 0x78, 0x0F, 0x22, 0xFE, 0x81, 0x88, 0x3F, 0x4C, 0x40, 0x02, 0x2C,
    0x0B, 0x56, 0xC7, 0xF0, 0xF2, 0xFC, 0x11, 0x7E, 0x00, 0xCF, 0x2C, 0x1D, 0x79, 0x78, 0x9C, 0x63,
    0xB8, 0xF6, 0x5E, 0x92, 0x61, 0xC2, 0xFD, 0x15, 0xF7, 0x19, 0xBE, 0x72, 0x33, 0x7C, 0xE3, 0xF8,
    0xCD, 0xCC, 0xF0, 0x81, 0xE7, 0x5F, 0x47, 0xC7, 0x0F, 0xFE, 0xFF, 0x40, 0xC0, 0xFF, 0x9F, 0x01,
    0x08, 0xFE, 0x30, 0x03, 0x89, 0x6F, 0x3C, 0x0C, 0x0B, 0x58, 0x37, 0xBC, 0x9F, 0xF9, 0x97, 0x95,
    0xE1, 0xDA, 0x7F, 0x6B, 0x06, 0x00, 0xD5, 0xA1, 0x18, 0xDC, 0x78, 0x9C, 0x63, 0x60, 0x28, 0x65,
    0x63, 0x78, 0xF4, 0x9F, 0x9F, 0xE1, 0xB7, 0x04, 0x03, 0xC3, 0x7F, 0x06, 0x06, 0x86, 0xF7, 0x0C,
    0x0C, 0xBF, 0xFF, 0xFF, 0x67, 0x6D, 0xFB, 0xDF, 0xC1, 0x04, 0x62, 0x13, 0xC2, 0x00, 0x99, 0x84,
    0x12, 0xE1, 0x78, 0x9C, 0x13, 0x78, 0x79, 0x7E, 0x0B, 0xFF, 0x85, 0xF3, 0x3B, 0xFE, 0xF3, 0x7F,
    0xE3, 0x66, 0xF8, 0xC2, 0xFF, 0x87, 0x99, 0xE1, 0x03, 0xFF, 0x7F, 0x06, 0x20, 0xF1, 0x1E, 0x44,
    0xFC, 0x03, 0x11, 0x7F, 0x98, 0x80, 0xC4, 0x37, 0x2E, 0xA0, 0xEC, 0x81, 0xF3, 0x2B, 0xFE, 0xF3,
    0x33, 0xBC, 0x3C, 0xFF, 0x84, 0x9F, 0x01, 0x28, 0xC1, 0xB7, 0x80, 0x89, 0xE1, 0x3B, 0xE7, 0xA3,
    0xF5, 0x3B, 0xDE, 0x33, 0x0A, 0xDC, 0x78, 0x2F, 0xC9, 0x00, 0x00, 0x27, 0x52, 0x21, 0x95, 0x78,
    0x9C, 0x7B, 0xCF, 0x00, 0x04, 0xEF, 0xD1, 0x88, 0x45, 0xFF, 0x72, 0x18, 0xFE, 0x9F, 0x5B, 0xF1,
    0x9F, 0xE5, 0x3F, 0x3B, 0xC3, 0x57, 0xEE, 0xFF, 0x0C, 0x0C, 0x1F, 0x78, 0x41, 0x04, 0xDF, 0x7B,
    0xBC, 0x04, 0x00, 0xE3, 0xC6, 0x1B, 0xBD, 0x78, 0x9C, 0x5B, 0xE3, 0xCA, 0xC0, 0xF0, 0x1E, 0x01,
    0x00, 0x4B, 0x87, 0x0B, 0x37, 0x78, 0x9C, 0x63, 0x58, 0xC3, 0xE0, 0xCA, 0x00, 0x02, 0xEF, 0xB1,
    0xC2, 0xFB, 0x02, 0xF7, 0x4F, 0xCC, 0xFF, 0x27, 0x0D, 0x00, 0xF7, 0x78, 0x0F, 0x85, 0x78, 0x9C,
    0x7B, 0xCF, 0x00, 0x04, 0xEF, 0xD1, 0x09, 0x83, 0xFF, 0xCC, 0xEF, 0x19, 0x1E, 0xD9, 0x33, 0xBC,
    0x57, 0xF8, 0xC7, 0xC2, 0xF0, 0xFE, 0x61, 0x3C, 0x50, 0xEC, 0x0F, 0x17, 0x03, 0xC3, 0xFF, 0xFF,
    0x72, 0x40, 0xA2, 0x7C, 0x3F, 0x90, 0x60, 0xF8, 0xCD, 0x0E, 0x54, 0xF7, 0x10, 0xA8, 0x84, 0xC1,
    0xE1, 0x3D, 0x23, 0x50, 0xDB, 0x0F, 0x6E, 0x00, 0x95, 0x0F, 0x1A, 0x95, 0x78, 0x9C, 0x7B, 0xFF,
    0x1E, 0x05, 0x00, 0x00, 0x70, 0x17, 0x0E, 0x02, 0x78, 0x9C, 0x7B, 0xBF, 0xF9, 0x5F, 0x4C, 0xC2,
    0xDF, 0x5E, 0x86, 0xFF, 0xEB, 0x77, 0xFC, 0xFF, 0x3D, 0xEB, 0x1F, 0xFB, 0x7F, 0x56, 0x86, 0xAF,
    0xF1, 0x0C, 0x9F, 0x78, 0xFF, 0x33, 0x30, 0x7C, 0xE0, 0x67, 0x78, 0xC0, 0x0F, 0xA3, 0xDF, 0x03,
    0x69, 0x3E, 0x12, 0x68, 0x00, 0x4F, 0xC9, 0x25, 0x3F, 0x78, 0x9C, 0x7B, 0xBF, 0xE8, 0x5F, 0x0E,
    0xC3, 0xFF, 0x73, 0x2B, 0xFE, 0xB3, 0xFC, 0x67, 0x67, 0xF8, 0xCA, 0xFD, 0x9F, 0x81, 0xE1, 0x03,
    0x2F, 0x88, 0xE0, 0x7B, 0x8F, 0x97, 0x00, 0x00, 0xE7, 0x91, 0x18, 0x01, 0x78, 0x9C, 0x63, 0x38,
    0xFA, 0x3F, 0x86, 0x61, 0xC2, 0xFB, 0x99, 0xFF, 0x38, 0xBF, 0xC8, 0x32, 0x5C, 0xF4, 0xFF, 0xCD,
    0xC2, 0xE0, 0xB0, 0xFF, 0x1F, 0x03, 0x03, 0xC3, 0xFB, 0xF7, 0x40, 0xE2, 0x1F, 0x98, 0x05, 0x16,
    0xFB, 0x22, 0xC3, 0x70, 0xD0, 0x1F, 0xAC, 0x8E, 0x01, 0xA4, 0x03, 0x00, 0xB5, 0xED, 0x18, 0x93,
    0x78, 0x9C, 0x3B, 0x7F, 0xE4, 0xBD, 0x14, 0xC3, 0xFF, 0xF5, 0x37, 0xEE, 0x33, 0xFC, 0x67, 0x61,
    0xF8, 0xCD, 0xFE, 0x9F, 0x81, 0xE1, 0x33, 0x0F, 0x90, 0xF8, 0xC0, 0x0F, 0x24, 0x1E, 0x80, 0x88,
    0x0F, 0x7C, 0x10, 0x31, 0xA0, 0x2C, 0x1B, 0x58, 0xDD, 0xFB, 0xA3, 0xEF, 0x25, 0x19, 0xDE, 0x33,
    0x00, 0x01, 0x1A, 0x01, 0x00, 0x1E, 0x62, 0x1D, 0xCD, 0x78, 0x9C, 0x13, 0x78, 0x79, 0xFE, 0x28,
    0xFF, 0x85, 0xFB, 0x2B, 0xFE, 0xF3, 0x7F, 0xE7, 0x66, 0xF8, 0xCC, 0xFF, 0x87, 0x99, 0xE1, 0x03,
    0xFF, 0x7F, 0x06, 0x20, 0xF1, 0x9E, 0x01, 0xC6, 0x02, 0x8B, 0x7D, 0xE3, 0x66, 0xF8, 0xC2, 0x7F,
    0x00, 0xA4, 0x8E, 0xE1, 0xE5, 0xF9, 0xA7, 0xFC, 0x0C, 0x0C, 0x0C, 0x0F, 0xD0, 0x09, 0x00, 0x09,
    0x8B, 0x1D, 0xAD, 0x78, 0x9C, 0x7B, 0x7F, 0xB8, 0xFE, 0xFF, 0x7E, 0x8F, 0xFF, 0x6C, 0x0C, 0xFF,
    0x19, 0x40, 0xE8, 0x3D, 0x06, 0x02, 0x00, 0x05, 0x4A, 0x0C, 0xD5, 0x78, 0x9C, 0x53, 0xB8, 0xF5,
    0x5E, 0x8B, 0xE1, 0xF3, 0xFC, 0x1D, 0xFF, 0x99, 0xFF, 0x30, 0x33, 0x7C, 0xE7, 0xFE, 0xCB, 0xC4,
    0x10, 0xC0, 0xF2, 0x75, 0xBE, 0x28, 0x03, 0x83, 0xC1, 0xAB, 0xFF, 0x31, 0x0C, 0x0C, 0x0C, 0x49,
    0x7F, 0xD9, 0xCA, 0x19, 0x18, 0x3E, 0xF1, 0x02, 0x65, 0x3F, 0xF1, 0x7C, 0x5E, 0x3F, 0xE3, 0x3F,
    0x8B, 0xC2, 0xAB, 0xF7, 0x56, 0x0C, 0x00, 0x90, 0x10, 0x17, 0x1A, 0x78, 0x9C, 0x63, 0x68, 0x60,
    0x67, 0x60, 0xF8, 0xC0, 0x07, 0xC6, 0x1F, 0xFE, 0xFF, 0xE7, 0x6F, 0xF8, 0xD1, 0xCF, 0x0E, 0xE3,
    0x63, 0xC5, 0x07, 0xD6, 0x73, 0x30, 0x28, 0xFC, 0xE1, 0x03, 0x00, 0xF9, 0xFC, 0x11, 0x22, 0x78,
    0x9C, 0x7B, 0xCF, 0xC0, 0xF0, 0x81, 0xEF, 0x3D, 0x5E, 0xE2, 0x3F, 0x88, 0xF8, 0xC3, 0xCC, 0xF0,
    0x83, 0xEF, 0xDB, 0xBC, 0x93, 0xFF, 0xF9, 0x02, 0xFE, 0xEC, 0xFB, 0xCC, 0x07, 0x00, 0x6C, 0xA6,
    0x17, 0xF3, 0x78, 0x9C, 0xFB, 0xCE, 0xC6, 0x10, 0xD0, 0xFF, 0x89, 0x87, 0x61, 0x83, 0xFE, 0x01,
    0x79, 0x86, 0x0F, 0xBC, 0x09, 0xF9, 0x0C, 0x5F, 0xD9, 0x05, 0xCE, 0x33, 0xFC, 0x62, 0x04, 0xA2,
    0xFD, 0x0C, 0x0C, 0x5F, 0xC2, 0xE2, 0x19, 0x18, 0x1E, 0xAC, 0xE1, 0x67, 0x60, 0x98, 0xF0, 0x9F,
    0x8B, 0x81, 0xC1, 0xE0, 0x3F, 0x0B, 0x03, 0x03, 0xC3, 0x7F, 0x06, 0x06, 0x00, 0x26, 0xB7, 0x12,
    0x04, 0x78, 0x9C, 0x05, 0xC1, 0xC1, 0x0D, 0x40, 0x30, 0x00, 0x40, 0xD1, 0x4F, 0x84, 0x48, 0x13,
    0x75, 0xB0, 0x4F, 0x6D, 0xC0, 0xD5, 0xC9, 0x2A, 0xDD, 0xA0, 0x1B, 0x48, 0x37, 0xE8, 0x28, 0xBA,
    0x80, 0x05, 0x5C, 0xA8, 0x44, 0x13, 0x1C, 0xEA, 0xBD, 0x58, 0x11, 0x1A, 0xBC, 0xBC, 0x04, 0x51,
    0x12, 0x84, 0x97, 0x7C, 0x33, 0x77, 0xA9, 0x55, 0x6B, 0x1C, 0x4F, 0xDE, 0x9B, 0x51, 0xED, 0x6C,
    0xB0, 0xDA, 0xE6, 0xEE, 0x0C, 0xBC, 0xA1, 0x3E, 0xA7, 0x01, 0xE2, 0x53, 0xD8, 0x45, 0x42, 0x38,
    0x18, 0x93, 0x00, 0xEF, 0x68, 0x53, 0x09, 0x7A, 0x86, 0x94, 0xF1, 0x03, 0xEE, 0x1D, 0x20, 0xC9,
    0x78, 0x9C, 0x01, 0x37, 0x00, 0xC8, 0xFF, 0xF2, 0x1E, 0x00, 0xB0, 0x6F, 0x70, 0x9F, 0x00, 0xF5,
    0x0C, 0x00, 0xFC, 0x13, 0xFE, 0x02, 0x00, 0xF2, 0x9C, 0x6F, 0x00, 0x00, 0x70, 0xFF, 0x0C, 0x00,
    0x00, 0x10, 0xFF, 0x05, 0x00, 0x00, 0x90, 0xFF, 0x0D, 0x00, 0x00, 0xF4, 0x7C, 0x8F, 0x00, 0x00,
    0xFD, 0x02, 0xFD, 0x03, 0x90, 0x8F, 0x00, 0xF3, 0x0D, 0xF4, 0x0E, 0x00, 0x90, 0x8F, 0x48, 0x0C,
    0x14, 0xB5, 0x78, 0x9C, 0xFB, 0xC9, 0xCE, 0x30, 0x21, 0xFF, 0x33, 0x0F, 0xC3, 0x03, 0xF9, 0x0B,
    0xFA, 0x0C, 0x9F, 0xB9, 0x0B, 0xEA, 0x19, 0x7E, 0xB0, 0x0A, 0xDC, 0x67, 0xF8, 0xCB, 0xC0, 0xF0,
    0x5B, 0x69, 0x3D, 0x03, 0xC3, 0xD7, 0x0A, 0x7F, 0x06, 0x86, 0x0F, 0x67, 0xF9, 0x18, 0x18, 0x26,
    0xFC, 0xE7, 0x60, 0x60, 0x70, 0xF8, 0xCF, 0xCC, 0xC0, 0xC0, 0xF0, 0x1F, 0x88, 0x0D, 0xEA, 0x81,
    0xC4, 0x06, 0x79, 0x06, 0x86, 0x85, 0x7F, 0x81, 0xE2, 0x1F, 0xFB, 0x80, 0x3C, 0x00, 0xF2, 0xF6,
    0x17, 0xA1, 0x78, 0x9C, 0xFB, 0xFF, 0xFF, 0xFF, 0x7F, 0xDE, 0x8E, 0x8E, 0x8E, 0xFF, 0x5C, 0x0C,
    0x0C, 0x01, 0xF7, 0x19, 0x18, 0x18, 0x3E, 0xD9, 0x33, 0x30, 0x08, 0xFC, 0x65, 0x63, 0x60, 0xD8,
    0xB0, 0x1E, 0xC8, 0xFB, 0xC1, 0xCB, 0xC0, 0xE0, 0xF0, 0x9F, 0x09, 0x28, 0x1C, 0x0F, 0xE4, 0xFD,
    0xED, 0xEF, 0xE8, 0xE0, 0x00, 0x6A, 0xF8, 0xCF, 0x0F, 0x00, 0x69, 0x57, 0x15, 0xC3, 0x78, 0x9C,
    0x63, 0x60, 0x08, 0x62, 0x28, 0x38, 0xCF, 0xF0, 0x95, 0x8B, 0xE1, 0x0F, 0x13, 0xC3, 0x7F, 0x06,
    0x86, 0xF7, 0x60, 0x74, 0x9F, 0xC1, 0x61, 0x3F, 0xC3, 0x7F, 0x7F, 0x86, 0xFF, 0xFC, 0x0C, 0x1B,
    0xEB, 0x19, 0x14, 0xCE, 0x83, 0x44, 0xA0, 0x52, 0xFF, 0x18, 0x18, 0x7E, 0xB1, 0x30, 0x7C, 0xD2,
    0x65, 0x30, 0xB8, 0xCB, 0xC0, 0xA0, 0x00, 0x00, 0x83, 0x1F, 0x13, 0xCA, 0x78, 0x9C, 0x7B, 0xFF,
    0x1E, 0x0D, 0x00, 0x00, 0x8E, 0xE8, 0x0F, 0xE0, 0x78, 0x9C, 0x63, 0x60, 0x60, 0x60, 0x38, 0xC0,
    0xC1, 0xC0, 0xD0, 0x70, 0x1E, 0xC8, 0xF8, 0xC9, 0xCE, 0xC0, 0xF0, 0x99, 0x9B, 0x81, 0xE1, 0x03,
    0x2F, 0x10, 0xF3, 0x41, 0x31, 0x3F, 0x50, 0xC1, 0x7C, 0x06, 0x06, 0x87, 0xFF, 0xFC, 0x0C, 0x0A,
    0x40, 0xBC, 0xE0, 0x3C, 0x0B, 0xC3, 0x03, 0x79, 0x24, 0x79, 0xA0, 0xDA, 0x4F, 0x3C, 0x0C, 0x0C,
    0xDF, 0x38, 0x18, 0x0C, 0xDE, 0x31, 0x32, 0x7C, 0xD0, 0x61, 0x60, 0x50, 0x00, 0x1A, 0x05, 0x00,
    0xC2, 0x3C, 0x15, 0xAB, 0x78, 0x9C, 0x0B, 0xF8, 0x67, 0xC3, 0xC0, 0x30, 0xE7, 0x6B, 0xEF, 0x5F,
    0xB6, 0x80, 0xF5, 0x7F, 0x98, 0x26, 0xEC, 0xFF, 0xA9, 0xBF, 0x8A, 0x81, 0xE1, 0xEA, 0x7D, 0x16,
    0x00, 0x90, 0xB5, 0x0B, 0x82, 0x78, 0x9C, 0x03, 0x00, 0x00, 0x00, 0x00, 0x01, 0x78, 0x9C, 0x3B,
    0x13, 0xCA, 0xC0, 0xF0, 0x0F, 0x0E, 0x00, 0x46, 0x19, 0x0B, 0x0E, 0x78, 0x9C, 0x63, 0x60, 0xA8,
    0x60, 0x00, 0x82, 0xF7, 0x30, 0xE2, 0xD8, 0x7F, 0x1F, 0x86, 0x05, 0xFF, 0xFF, 0xFF, 0x67, 0xFB,
    0xBA, 0x3E, 0xF4, 0xB7, 0xFC, 0x6F, 0x0E, 0x86, 0x05, 0xF9, 0xFF, 0x18, 0x19, 0x04, 0x54, 0xC1,
    0x0A, 0xDE, 0x81, 0x88, 0xDF, 0x4C, 0x0C, 0x0A, 0x6A, 0x5F, 0xB9, 0x18, 0x36, 0xF8, 0x2F, 0xB8,
    0x3F, 0xE3, 0x1F, 0x17, 0x50, 0x47, 0x0C, 0x92, 0x01, 0x00, 0x35, 0xE9, 0x1A, 0xA0, 0x78, 0x9C,
    0x63, 0x50, 0x78, 0x75, 0x9E, 0x85, 0x81, 0xE1, 0xE1, 0xFA, 0x5F, 0xFE, 0x0C, 0x0C, 0x3F, 0x59,
    0x0D, 0xCE, 0x33, 0x30, 0xFC, 0x63, 0x60, 0xB8, 0xC3, 0xC0, 0xF0, 0x9E, 0x01, 0x04, 0x90, 0xC8,
    0xFF, 0xFF, 0xFF, 0xF3, 0x30, 0x30, 0x74, 0xFC, 0xEF, 0x60, 0x83, 0x8B, 0xDF, 0x07, 0x93, 0xE7,
    0x41, 0x84, 0xC3, 0x7A, 0x10, 0xF9, 0xE3, 0x7C, 0x47, 0x47, 0x07, 0xC7, 0x7F, 0x10, 0xE0, 0x07,
    0x00, 0xC0, 0xA2, 0x1C, 0x76, 0x78, 0x9C, 0x0B, 0x60, 0x73, 0x28, 0x67, 0x09, 0x60, 0xFD, 0x78,
    0xFF, 0xDF, 0xFF, 0xF7, 0x7F, 0xE4, 0x1D, 0xFE, 0xC7, 0x31, 0x3C, 0xFD, 0xCF, 0xA2, 0xF0, 0x9F,
    0x91, 0x41, 0xE0, 0x1F, 0xD3, 0x84, 0x7C, 0x06, 0x06, 0x86, 0xAF, 0x9C, 0x17, 0xF8, 0x81, 0xD4,
    0x07, 0xDE, 0x0F, 0x7C, 0x40, 0xEA, 0x01, 0xFF, 0x03, 0x30, 0x8F, 0x6F, 0x83, 0x3D, 0x90, 0xFA,
    0xC4, 0x1D, 0xB0, 0x1F, 0x48, 0xFD, 0x62, 0x15, 0xF8, 0xCF, 0xC1, 0xD0, 0xF0, 0x9F, 0xE9, 0xE2,
    0xFF, 0xFB, 0x33, 0xFF, 0xFE, 0xD7, 0x9B, 0xC0, 0x75, 0xEC, 0x7F, 0xCE, 0x02, 0x6E, 0x06, 0x08,
    0x00, 0x00, 0x58, 0xD1, 0x24, 0x20, 0x78, 0x9C, 0xFB, 0xA8, 0xCF, 0xC0, 0xF0, 0x49, 0x7E, 0x42,
    0x3F, 0x03, 0xC3, 0x4F, 0x0E, 0x81, 0xF7, 0x0C, 0x0C, 0xFF, 0x19, 0x19, 0x7E, 0xB2, 0x25, 0xCC,
    0x07, 0x0A, 0xF2, 0x5E, 0x90, 0x67, 0x60, 0x58, 0xE0, 0xFF, 0x85, 0x93, 0x81, 0x41, 0x61, 0xFF,
    0x6F, 0x26, 0x06, 0x06, 0x86, 0xDF, 0xFB, 0x19, 0x18, 0x0C, 0xFE, 0x03, 0x01, 0x33, 0x83, 0xF1,
    0x67, 0x7B, 0x63, 0x06, 0x81, 0x8E, 0x1F, 0xFD, 0x1D, 0x8C, 0x50, 0x11, 0x86, 0x0F, 0x7C, 0x40,
    0x25, 0x48, 0x24, 0x00, 0xC6, 0x89, 0x1F, 0x57, 0x78, 0x9C, 0x7B, 0xFF, 0x1E, 0x02, 0x18, 0x18,
    0xA0, 0x8C, 0xF7, 0x00, 0x8D, 0xFA, 0x0E, 0xF1, 0x78, 0x9C, 0x13, 0xB8, 0xFE, 0xBF, 0x97, 0xF1,
    0xD1, 0xF9, 0x8E, 0xBF, 0x72, 0xBF, 0xD8, 0x19, 0x26, 0xAC, 0xFF, 0xCB, 0xC0, 0xC0, 0xF0, 0xFE,
    0x0F, 0x13, 0x03, 0x83, 0xCB, 0xB7, 0x58, 0x20, 0xF3, 0xC0, 0xFF, 0xF5, 0x2C, 0x0C, 0xDF, 0xFE,
    0xFF, 0xBD, 0xCF, 0xF2, 0x8F, 0x49, 0xE0, 0x47, 0xFC, 0x7B, 0x06, 0x06, 0x83, 0xFB, 0x7F, 0x98,
    0x19, 0x18, 0xFE, 0x7D, 0x5E, 0xCF, 0x62, 0xF0, 0x5E, 0xE1, 0xD7, 0xFF, 0xFF, 0xF9, 0x0C, 0x0C,
    0x47, 0xFF, 0xCB, 0x03, 0x95, 0x2E, 0x5C, 0x9F, 0x0E, 0x24, 0xFF, 0xFF, 0x65, 0x04, 0x1A, 0xF0,
    0x3D, 0x96, 0xF1, 0xF0, 0xFC, 0x86, 0xFF, 0xFF, 0xFF, 0x73, 0x31, 0x04, 0x96, 0xAB, 0x32, 0x00,
    0x00, 0x27, 0xC6, 0x2D, 0x30, 0x78, 0x9C, 0x73, 0x65, 0x70, 0x5D, 0xC3, 0xB0, 0x06, 0x00, 0x05,
    0x68, 0x01, 0xE3, 0x78, 0x9C, 0x63, 0x10, 0x38, 0xFE, 0xBF, 0x97, 0x91, 0x81, 0xE1, 0xC9, 0xFE,
    0x99, 0xBF, 0xFD, 0x18, 0x0C, 0xD6, 0x33, 0x32, 0x08, 0xFC, 0x62, 0x7E, 0xC0, 0xB1, 0xE9, 0x5F,
    0x4C, 0x03, 0xDF, 0x31, 0x85, 0xFF, 0x33, 0xFF, 0xB1, 0xE5, 0x44, 0x2F, 0xC8, 0x67, 0xF8, 0xC4,
    0xB3, 0x55, 0xEE, 0x82, 0x3C, 0x83, 0x03, 0xF3, 0x43, 0xFE, 0x07, 0xFC, 0x0C, 0x0C, 0x0C, 0x1F,
    0xA0, 0x3C, 0xA8, 0xDC, 0x35, 0xB0, 0xCA, 0x5C, 0xA0, 0xBE, 0xFF, 0x40, 0x7D, 0x50, 0x53, 0x80,
    0x66, 0xCE, 0x00, 0x9A, 0xC9, 0x00, 0xB1, 0x01, 0x00, 0xF4, 0x16, 0x2B, 0x28, 0x78, 0x9C, 0x01,
    0x20, 0x00, 0xDF, 0xFF, 0xB2, 0xFF, 0x1B, 0x00, 0xFD, 0x9A, 0xBF, 0x00, 0x32, 0x21, 0xFE, 0x00,
    0xD3, 0xFF, 0xFF, 0x00, 0xFD, 0x58, 0xFF, 0x00, 0xCF, 0x00, 0xFE, 0x00, 0xFC, 0xA9, 0xFF, 0x00,
    0xD3, 0xBF, 0xFA, 0x02, 0x1B, 0x1E, 0x11, 0x98, 0x78, 0x9C, 0x63, 0xF8, 0x2A, 0xD4, 0xA7, 0x50,
    0x7F, 0x80, 0xF7, 0x02, 0xCF, 0x0F, 0xE6, 0x3F, 0x49, 0xFD, 0x0C, 0x3F, 0x9D, 0xE7, 0x33, 0x5C,
    0xE0, 0xFD, 0xC1, 0xAC, 0x50, 0xBF, 0x81, 0x97, 0x01, 0x28, 0x07, 0x00, 0xE1, 0x82, 0x0D, 0x6A,
    0x78, 0x9C, 0x6B, 0xE9, 0xE8, 0xE8, 0x60, 0xFF, 0xF1, 0xFF, 0xFF, 0x7F, 0x7E, 0x06, 0x06, 0x86,
    0x0F, 0x7C, 0x30, 0xA2, 0x81, 0x1D, 0x00, 0x90, 0x17, 0x08, 0xAB, 0x78, 0x9C, 0xEB, 0xE8, 0xE0,
    0xF8, 0xFF, 0x9F, 0x1F, 0x00, 0x0B, 0x08, 0x03, 0x26, 0x78, 0x9C, 0x63, 0x10, 0x38, 0xFE, 0xBF,
    0x86, 0x91, 0x81, 0xE1, 0xC9, 0xFE, 0x99, 0xBF, 0xFD, 0x18, 0x0C, 0xD6, 0x33, 0x32, 0x08, 0xFC,
    0x62, 0x7E, 0xC0, 0xF1, 0xEF, 0x7F, 0x6F, 0x03, 0xDF, 0x31, 0x86, 0x7F, 0x1D, 0x7F, 0x38, 0x72,
    0xA2, 0x19, 0xFE, 0x31, 0x7C, 0xE4, 0xDD, 0x2A, 0x07, 0xA4, 0xBE, 0x71, 0x3F, 0xE4, 0x67, 0xF8,
    0xF7, 0xFF, 0x3F, 0xF3, 0x07, 0x20, 0x6F, 0xC7, 0x7F, 0xAE, 0x87, 0x20, 0xB9, 0x0F, 0xBC, 0x5B,
    0xAF, 0x81, 0x28, 0xBE, 0xDC, 0x07, 0x1C, 0xED, 0x0C, 0x0D, 0x1D, 0x7C, 0x50, 0x53, 0x80, 0x66,
    0xCE, 0x00, 0x9A, 0xC9, 0x00, 0xB1, 0x01, 0x00, 0xAC, 0x42, 0x2D, 0xDB, 0x78, 0x9C, 0xEB, 0xE8,
    0xE8, 0xE0, 0xF8, 0xFF, 0xFF, 0x3F, 0x3F, 0x00, 0x14, 0x5E, 0x04, 0xAD, 0x78, 0x9C, 0x53, 0x48,
    0x67, 0xFC, 0xF2, 0xDF, 0xFE, 0xAF, 0xF3, 0xFE, 0xF7, 0x02, 0xF7, 0x7F, 0x9D, 0xEE, 0x9F, 0xF0,
    0x9E, 0x03, 0x00, 0x5D, 0x82, 0x0A, 0x73, 0x78, 0x9C, 0x63, 0x60, 0x68, 0x67, 0x00, 0x82, 0x7F,
    0xC8, 0x44, 0x4B, 0xC7, 0xFF, 0x8E, 0x8E, 0x1F, 0xFF, 0x81, 0x00, 0x4D, 0x02, 0x4A, 0x08, 0x32,
    0x30, 0x34, 0x74, 0x74, 0x74, 0x70, 0x7C, 0x00, 0xAA, 0xE0, 0x07, 0x00, 0x86, 0xBC, 0x15, 0xB6,
    0x78, 0x9C, 0x5B, 0xF8, 0x5F, 0xEA, 0xF5, 0x8E, 0xF9, 0xD1, 0x0C, 0xEB, 0x19, 0x1A, 0xFC, 0x19,
    0xBE, 0xB3, 0x4D, 0xF0, 0x67, 0xF8, 0x55, 0x55, 0xFE, 0xFF, 0xFF, 0x7F, 0x00, 0x94, 0x97, 0x0C,
    0x9A, 0x78, 0x9C, 0x2B, 0xF8, 0xBB, 0x96, 0xF1, 0x6B, 0xCF, 0x2F, 0x4E, 0x01, 0x81, 0xAF, 0x1C,
    0x0C, 0xBF, 0xCE, 0x33, 0x30, 0x08, 0x7C, 0x67, 0x5F, 0xC2, 0xF8, 0x91, 0xFB, 0x73, 0xEF, 0x1F,
    0xF6, 0x80, 0xBF, 0x7D, 0x0C, 0x00, 0xF5, 0xE3, 0x0E, 0x93, 0x78, 0x9C, 0x53, 0x78, 0xCF, 0x74,
    0x40, 0x9F, 0xE1, 0x1B, 0x33, 0x03, 0x00, 0x11, 0x02, 0x02, 0xFA, 0x78, 0x9C, 0x7B, 0xCF, 0xC0,
    0xF0, 0x81, 0xEF, 0x3D, 0x2E, 0xE2, 0x3F, 0x82, 0x60, 0x65, 0xF8, 0xCA, 0xF7, 0x7F, 0xFD, 0x8E,
    0xFF, 0x7C, 0xEF, 0x5F, 0x9E, 0xBF, 0x02, 0x92, 0x65, 0x60, 0x40, 0x23, 0x00, 0x8B, 0x46, 0x1C,
    0x48, 0x78, 0x9C, 0x63, 0x38, 0xFE, 0xFF, 0xFD, 0x81, 0xFF, 0xFF, 0xDF, 0xFF, 0x00, 0xE2, 0xBF,
    0x40, 0xFC, 0x1F, 0x4A, 0x83, 0xF8, 0x20, 0x71, 0x06, 0xA0, 0x3C, 0x03, 0x03, 0x03, 0x56, 0x0C,
    0x00, 0x97, 0xE3, 0x25, 0xE9, 0x78, 0x9C, 0x63, 0xD8, 0xBB, 0x06, 0x00, 0x02, 0x29, 0x01, 0x6A,
    0x78, 0x9C, 0x0B, 0x64, 0xF8, 0xAA, 0xAD, 0x70, 0x7E, 0xF1, 0xFE, 0x1F, 0xDA, 0x0C, 0x0C, 0x00,
    0x21, 0x84, 0x04, 0xE6, 0x78, 0x9C, 0x63, 0x60, 0x08, 0xDC, 0xF5, 0x7F, 0x3F, 0xCB, 0x7E, 0x06,
    0x38, 0x04, 0x00, 0x42, 0xB9, 0x07, 0x48, 0x78, 0x9C, 0x4B, 0xF8, 0x9B, 0xCB, 0xF0, 0xAD, 0xE7,
    0x0F, 0xDB, 0x5F, 0xC6, 0x8F, 0xBC, 0xE7, 0x19, 0x0E, 0xF0, 0x83, 0xF0, 0x5B, 0x20, 0x1B, 0x24,
    0x96, 0x00, 0x94, 0x03, 0x00, 0x0B, 0xC7, 0x0F, 0xC1, 0x78, 0x9C, 0xBB, 0xA5, 0x90, 0xCF, 0xC0,
    0xF0, 0x90, 0xEB, 0x1B, 0x33, 0x43, 0x40, 0xFE, 0x01, 0x39, 0x06, 0x86, 0x5F, 0x4A, 0xFB, 0x81,
    0x84, 0xF2, 0x7D, 0x06, 0x87, 0xFC, 0x0D, 0x72, 0x10, 0x89, 0x9B, 0x02, 0x40, 0x25, 0x00, 0x1F,
    0x83, 0x0D, 0x7B, 0x78, 0x9C, 0x63, 0x30, 0x60, 0x00, 0x81, 0x65, 0xEF, 0xC1, 0xD4, 0x3A, 0x20,
    0xD5, 0xC0, 0xC5, 0xC0, 0x00, 0xA4, 0x3E, 0xB1, 0x82, 0xA9, 0x3D, 0x0C, 0x20, 0xAA, 0x40, 0x1E,
    0x4C, 0x7D, 0x62, 0x03, 0x53, 0x67, 0x18, 0xBE, 0xF0, 0x30, 0x18, 0x17, 0xE8, 0x0B, 0xFC, 0xE3,
    0x03, 0xAA, 0xE3, 0x38, 0xF0, 0x07, 0x48, 0xDD, 0x61, 0xB8, 0xF9, 0x91, 0x8F, 0xA1, 0xC0, 0x3E,
    0x20, 0xFF, 0x8B, 0x3F, 0xC3, 0x27, 0xCE, 0x03, 0xFF, 0xFF, 0xFF, 0x67, 0x68, 0x64, 0x50, 0x30,
    0xFE, 0x6C, 0x0F, 0x36, 0x78, 0x03, 0x17, 0x00, 0xAE, 0x27, 0x1F, 0x2D, 0x78, 0x9C, 0x63, 0x08,
    0x64, 0x00, 0x81, 0x13, 0xEF, 0xC1, 0x54, 0x0F, 0x90, 0xFA, 0xC2, 0xC8, 0xC0, 0x00, 0xA4, 0xE6,
    0x32, 0x80, 0xA8, 0x06, 0x39, 0x30, 0xF5, 0x99, 0x15, 0x4C, 0xED, 0x05, 0xA9, 0x79, 0x5F, 0xA0,
    0xBF, 0xF0, 0xBF, 0x34, 0x43, 0xC5, 0x27, 0xF6, 0xD7, 0x3B, 0xF7, 0x33, 0x30, 0xDC, 0x61, 0xF0,
    0x62, 0xB8, 0xCF, 0x90, 0xE0, 0xCF, 0xC0, 0x50, 0x90, 0xCF, 0xF0, 0x91, 0x8B, 0x81, 0xE1, 0x3B,
    0x3B, 0xC3, 0x6B, 0x46, 0x86, 0x09, 0xF1, 0x0C, 0x0C, 0xCE, 0x0C, 0x0C, 0xBF, 0xBB, 0x3A, 0x40,
    0x7A, 0xFE, 0xFF, 0xFF, 0x0F, 0x00, 0xC3, 0xF9, 0x1E, 0xF6, 0x78, 0x9C, 0x0B, 0xF8, 0x3B, 0x8F,
    0x01, 0x04, 0x3E, 0xF7, 0xFE, 0xE1, 0x62, 0x10, 0x60, 0x60, 0x98, 0xC2, 0xF4, 0x91, 0x97, 0xE1,
    0x13, 0x33, 0x03, 0x83, 0xC0, 0x77, 0x0E, 0x86, 0xDD, 0x40, 0x89, 0x5F, 0xE7, 0x19, 0x12, 0xF4,
    0x41, 0x2A, 0xBE, 0x72, 0x3D, 0x64, 0x67, 0x60, 0x78, 0xC6, 0xFA, 0x85, 0xF7, 0x16, 0x90, 0x77,
    0xF1, 0xFF, 0x7F, 0x37, 0x7B, 0x87, 0xFF, 0x0C, 0x0C, 0xA5, 0x6A, 0x0F, 0x38, 0x1F, 0xFE, 0x07,
    0x29, 0x78, 0xC1, 0x70, 0xEB, 0x1F, 0x90, 0x32, 0x88, 0x4F, 0xD0, 0x03, 0xD1, 0x17, 0xB8, 0x3F,
    0x79, 0xFC, 0x67, 0x61, 0x60, 0xF8, 0xCE, 0xF8, 0xFD, 0xFF, 0x7F, 0x79, 0x06, 0x86, 0x60, 0x06,
    0x43, 0xE3, 0xFF, 0xCC, 0x60, 0xCB, 0x18, 0x76, 0x31, 0x00, 0x00, 0x0C, 0x95, 0x26, 0x43, 0x78,
    0x9C, 0x63, 0x58, 0xC0, 0xC3, 0xC0, 0xE0, 0xC0, 0xCA, 0x00, 0x06, 0x0A, 0xCC, 0x0C, 0x0C, 0x1B,
    0xF8, 0x19, 0x18, 0x3E, 0x00, 0xC5, 0x7E, 0xB1, 0x32, 0x34, 0xAC, 0x67, 0x60, 0xF8, 0xCC, 0xCB,
    0xC0, 0xF0, 0x1B, 0x28, 0xFC, 0x9F, 0x01, 0x8C, 0x4F, 0xFF, 0x61, 0x09, 0x38, 0xFF, 0x65, 0xFF,
    0x6F, 0x7F, 0x87, 0x3F, 0xFB, 0x99, 0x01, 0x5D, 0x8B, 0x10, 0xDF, 0x78, 0x9C, 0x63, 0x60, 0x68,
    0x65, 0x65, 0x00, 0x81, 0x87, 0xF6, 0x60, 0x4A, 0xE1, 0x1E, 0x98, 0x62, 0x68, 0x62, 0x02, 0x53,
    0xBF, 0xD8, 0x41, 0xA4, 0xC0, 0x7F, 0x1E, 0x10, 0x95, 0xF0, 0x5F, 0x1F, 0x44, 0x5D, 0x88, 0xAF,
    0x07, 0x51, 0x9F, 0xB9, 0xCF, 0x83, 0x55, 0xB0, 0xFC, 0x62, 0x04, 0xAA, 0x78, 0xCF, 0xF0, 0x15,
    0xA8, 0x34, 0xA1, 0x9F, 0xE1, 0x23, 0x50, 0xE9, 0x05, 0x7D, 0x86, 0x0D, 0xF2, 0x40, 0x15, 0xF3,
    0x67, 0xFE, 0x04, 0x2A, 0xFD, 0xF5, 0xFF, 0xFF, 0xFF, 0xF3, 0x20, 0x15, 0x0C, 0x0C, 0x7F, 0x19,
    0x0B, 0xFA, 0x81, 0xD4, 0x0F, 0xB6, 0x0B, 0x20, 0x93, 0x3E, 0xF3, 0x7C, 0x06, 0x99, 0xFB, 0x40,
    0x1E, 0x00, 0x36, 0x5F, 0x22, 0x5F, 0x78, 0x9C, 0x63, 0x60, 0x60, 0x60, 0x28, 0x63, 0x00, 0x01,
    0x87, 0x7A, 0x30, 0xF5, 0x80, 0x1B, 0x4C, 0x35, 0x33, 0x82, 0xA9, 0x5F, 0xEC, 0x20, 0x52, 0xE0,
    0x3F, 0x0F, 0x88, 0x4A, 0xF8, 0xAF, 0x0F, 0xA2, 0x2E, 0xC4, 0x83, 0x55, 0x7E, 0xE6, 0x3E, 0x0F,
    0x56, 0xC1, 0xF2, 0x0B, 0xA8, 0x54, 0xE0, 0x3D, 0xC3, 0x57, 0xA0, 0xD2, 0x84, 0x7E, 0x86, 0x8F,
    0x40, 0xA5, 0x17, 0xF4, 0x19, 0x36, 0xC8, 0x03, 0x55, 0xCC, 0x9F, 0xF9, 0x13, 0xA8, 0xF4, 0xD7,
    0xFF, 0xFF, 0xFF, 0xCF, 0x83, 0x54, 0x30, 0x30, 0xFC, 0x65, 0x2C, 0xE8, 0x07, 0x52, 0x3F, 0xD8,
    0x2E, 0x80, 0x4C, 0xFA, 0xCC, 0xF3, 0x19, 0x64, 0xEE, 0x03, 0x79, 0x00, 0xF2, 0x6C, 0x21, 0xD7,
    0x78, 0x9C, 0x63, 0x60, 0x60, 0x68, 0x62, 0x62, 0x00, 0x02, 0x85, 0x7F, 0x3C, 0x20, 0xEA, 0xA2,
    0x4C, 0x2E, 0x88, 0x2A, 0x65, 0x2C, 0x02, 0x51, 0x0C, 0xBF, 0xD8, 0x41, 0xA4, 0xC0, 0x7F, 0xB0,
    0x5C, 0xC2, 0x7F, 0x7D, 0x10, 0x75, 0x21, 0xBE, 0x1E, 0x44, 0x7D, 0xE6, 0x3E, 0x0F, 0x56, 0xC1,
    0xF2, 0x8B, 0x11, 0xA8, 0xE2, 0x3D, 0xC3, 0x57, 0xA0, 0xD2, 0x84, 0x7E, 0x86, 0x8F, 0x40, 0xA5,
    0x17, 0xF4, 0x19, 0x36, 0xC8, 0x03, 0x55, 0xCC, 0x9F, 0xF9, 0x13, 0xA8, 0xF4, 0xD7, 0xFF, 0xFF,
    0xFF, 0xCF, 0x83, 0x54, 0x30, 0x30, 0xFC, 0x65, 0x2C, 0xE8, 0x07, 0x52, 0x3F, 0xD8, 0x2E, 0x80,
    0x4C, 0xFA, 0xCC, 0xF3, 0x19, 0x64, 0xEE, 0x03, 0x79, 0x00, 0x8B, 0x5A, 0x23, 0x23, 0x78, 0x9C,
    0x63, 0x60, 0x60, 0x60, 0x10, 0x00, 0x62, 0x86, 0xEF, 0x31, 0x1B, 0xD8, 0x18, 0x18, 0x0C, 0xF6,
    0xFF, 0x7A, 0xCF, 0x08, 0xA4, 0x38, 0x0C, 0xD4, 0x41, 0x82, 0x0C, 0xBF, 0xD8, 0x41, 0xA4, 0xC0,
    0x7F, 0x1E, 0x10, 0x95, 0xF0, 0x5F, 0x1F, 0x44, 0x5D, 0x88, 0xAF, 0x07, 0x51, 0x9F, 0xB9, 0xCF,
    0x83, 0x55, 0xB0, 0xFC, 0x02, 0x6A, 0x10, 0x78, 0xCF, 0xF0, 0x15, 0xA8, 0x34, 0xA1, 0x9F, 0xE1,
    0x23, 0x50, 0xE9, 0x05, 0x7D, 0x86, 0x0D, 0xF2, 0x40, 0x15, 0xF3, 0x67, 0xFE, 0x04, 0x2A, 0xFD,
    0xF5, 0xFF, 0xFF, 0xFF, 0xF3, 0x20, 0x15, 0x0C, 0x0C, 0x7F, 0x19, 0x0B, 0xFA, 0x81, 0xD4, 0x0F,
    0xB6, 0x0B, 0x20, 0x93, 0x3E, 0xF3, 0x7C, 0x06, 0x99, 0xFB, 0x40, 0x1E, 0x00, 0x43, 0x6E, 0x24,
    0xB4, 0x78, 0x9C, 0x63, 0x60, 0x70, 0x65, 0x08, 0x61, 0x00, 0x82, 0x35, 0x0C, 0xA7, 0x18, 0x90,
    0xC0, 0x7F, 0x66, 0x10, 0x99, 0xF0, 0x9F, 0x13, 0x44, 0x1D, 0xF8, 0xCF, 0x07, 0xA2, 0x3E, 0xC5,
    0xFB, 0x83, 0xA8, 0x1F, 0xDC, 0xF3, 0x41, 0xD4, 0x5F, 0x96, 0x57, 0x40, 0xD2, 0xE1, 0x3D, 0xC3,
    0x57, 0x16, 0x06, 0x86, 0x05, 0xFD, 0x0C, 0x1F, 0xB9, 0x18, 0x18, 0x3E, 0xE8, 0x33, 0x6C, 0xE0,
    0x67, 0x60, 0xF8, 0x36, 0x7F, 0xE6, 0xCF, 0x78, 0x06, 0x86, 0x3F, 0xFF, 0xFF, 0xFF, 0xDF, 0xCF,
    0xA0, 0xF0, 0x1E, 0xA4, 0x98, 0xB1, 0xA1, 0x1F, 0xA4, 0x95, 0xED, 0x82, 0x3E, 0x90, 0xFA, 0xCC,
    0xFD, 0x85, 0x07, 0x48, 0x3D, 0x90, 0x07, 0x00, 0xE4, 0x3C, 0x21, 0xF8, 0x78, 0x9C, 0x63, 0x60,
    0x60, 0x48, 0x63, 0x00, 0x81, 0x09, 0xFF, 0x39, 0x41, 0xD4, 0x07, 0x63, 0x7E, 0x10, 0x75, 0x61,
    0x37, 0x2F, 0x88, 0x72, 0x78, 0xC7, 0x0C, 0x96, 0xFC, 0xC3, 0x04, 0x22, 0x15, 0xFE, 0xB3, 0x83,
    0xA8, 0x86, 0xFF, 0x60, 0xB9, 0x07, 0xF1, 0xF6, 0x20, 0xEA, 0x2B, 0x77, 0x3F, 0x88, 0xFA, 0xCD,
    0xF2, 0x0A, 0xA4, 0xE2, 0x3D, 0xC3, 0x57, 0x16, 0xA0, 0x8A, 0x7E, 0x86, 0x8F, 0x40, 0xD3, 0x1E,
    0xE8, 0x33, 0x6C, 0x00, 0x9A, 0xF6, 0x65, 0xFE, 0xCC, 0x9F, 0xF1, 0x0C, 0x0C, 0xBF, 0xFE, 0xFF,
    0xFF, 0xBF, 0x9E, 0x41, 0xE0, 0x3D, 0x50, 0xD9, 0x5F, 0x86, 0x02, 0x90, 0xA6, 0x1F, 0x6C, 0x17,
    0xF4, 0x81, 0xD4, 0x67, 0xEE, 0xCF, 0x3C, 0x20, 0xF3, 0xE4, 0x01, 0x6E, 0x6E, 0x24, 0x9D, 0x78,
    0x9C, 0x63, 0x60, 0x60, 0x60, 0xF8, 0xF2, 0x1F, 0x08, 0x38, 0x80, 0x0C, 0x86, 0xBF, 0xFF, 0x3B,
    0x3A, 0x3A, 0x58, 0x80, 0x8C, 0x82, 0xFE, 0xF7, 0x0C, 0x10, 0xF0, 0x91, 0x0F, 0xC6, 0xFA, 0xC5,
    0x0A, 0x65, 0x39, 0x9C, 0x67, 0x80, 0xB2, 0x2E, 0xD8, 0x33, 0x80, 0x74, 0x00, 0x59, 0xDF, 0xB9,
    0x18, 0x40, 0xA6, 0x30, 0x30, 0x08, 0xFC, 0x67, 0x84, 0xCA, 0x2E, 0xE8, 0x67, 0x80, 0xB2, 0xBE,
    0x40, 0xA4, 0x40, 0x16, 0xEC, 0xDF, 0xBD, 0x1B, 0xCC, 0x2A, 0x38, 0xCF, 0x00, 0x95, 0xFD, 0x68,
    0x0F, 0x24, 0x40, 0xA6, 0x78, 0xFC, 0xE2, 0x02, 0xB1, 0x80, 0xA0, 0x1F, 0x00, 0xCA, 0xB7, 0x32,
    0x06, 0x78, 0x9C, 0x63, 0x28, 0xF8, 0x73, 0x5F, 0x82, 0x41, 0xE0, 0xEF, 0x9C, 0x93, 0xEF, 0x99,
    0x0E, 0xE4, 0x33, 0x30, 0x7C, 0xE3, 0xF9, 0xCA, 0xC9, 0xC0, 0x70, 0xC0, 0xFE, 0x37, 0x33, 0x03,
    0x43, 0x42, 0xEC, 0x3F, 0x06, 0x10, 0x78, 0x8F, 0x41, 0x42, 0xC4, 0x21, 0x6A, 0xBE, 0x72, 0x81,
    0xD4, 0x5F, 0x88, 0x07, 0xE9, 0x55, 0xF8, 0xDB, 0x73, 0xF2, 0x3E, 0x23, 0x43, 0xC3, 0xDF, 0xFB,
    0xEC, 0x40, 0xF9, 0xAF, 0x12, 0x20, 0x55, 0x0A, 0xF7, 0x41, 0xE4, 0x16, 0x30, 0xF9, 0x5C, 0x8B,
    0x81, 0x01, 0x00, 0xEF, 0xA9, 0x20, 0xC8, 0x78, 0x9C, 0x33, 0xC8, 0x60, 0x00, 0x82, 0x3F, 0xAC,
    0x40, 0xE2, 0x82, 0x1C, 0x90, 0x10, 0x70, 0x67, 0x60, 0xF8, 0x0F, 0x04, 0xFD, 0xFF, 0x3B, 0x3A,
    0x3A, 0x3C, 0xDE, 0x83, 0x24, 0xD1, 0x08, 0x90, 0x04, 0x0B, 0x48, 0x09, 0x07, 0x36, 0x59, 0xB8,
    0x12, 0x0F, 0xB0, 0x29, 0x00, 0x8A, 0x90, 0x20, 0xB9, 0x78, 0x9C, 0x63, 0x60, 0x08, 0x88, 0x60,
    0x60, 0x60, 0xF8, 0x24, 0x0B, 0x24, 0xDE, 0x30, 0x32, 0x30, 0x28, 0x68, 0x30, 0x30, 0xFC, 0x07,
    0x82, 0xFE, 0xFF, 0x1D, 0x1D, 0x1D, 0x1E, 0xEF, 0x81, 0xA2, 0x0C, 0x68, 0x04, 0x48, 0x82, 0x05,
    0xA4, 0x84, 0x03, 0x9B, 0x2C, 0x5C, 0x89, 0x07, 0xD8, 0x14, 0x00, 0x8D, 0x51, 0x20, 0xC7, 0x78,
    0x9C, 0x63, 0x50, 0xB0, 0x60, 0x60, 0x60, 0x78, 0xF4, 0x87, 0x85, 0xC1, 0xA0, 0x2F, 0xC1, 0x9F,
    0x01, 0x0C, 0xFE, 0x03, 0x41, 0xFF, 0xFF, 0x8E, 0x8E, 0x0E, 0x8F, 0xF7, 0x20, 0x2E, 0x1A, 0x01,
    0x92, 0x60, 0x01, 0x29, 0xE1, 0xC0, 0x26, 0x0B, 0x57, 0xE2, 0x01, 0x36, 0x05, 0x00, 0xCE, 0x4C,
    0x21, 0x82, 0x78, 0x9C, 0x0B, 0x60, 0x61, 0x70, 0x65, 0x38, 0xC0, 0xC5, 0xB0, 0x86, 0x01, 0x0C,
    0xFE, 0x03, 0x41, 0xFF, 0xFF, 0x8E, 0x8E, 0x0E, 0x8F, 0xF7, 0x20, 0x2E, 0x1A, 0x01, 0x92, 0x60,
    0x01, 0x29, 0xE1, 0xC0, 0x26, 0x0B, 0x57, 0xE2, 0x01, 0x36, 0x05, 0x00, 0x3F, 0xC2, 0x1F, 0xEA,
    0x78, 0x9C, 0x2B, 0x90, 0x60, 0x08, 0xD8, 0xCF, 0xC0, 0xF0, 0x9D, 0x95, 0x21, 0x81, 0x8D, 0xE1,
    0x03, 0x1F, 0xF1, 0x08, 0x00, 0xF0, 0x46, 0x11, 0xDC, 0x78, 0x9C, 0x63, 0x68, 0x62, 0x63, 0xF8,
    0xC3, 0x9C, 0xE0, 0xCF, 0x50, 0xC0, 0xC2, 0xF0, 0x81, 0x8F, 0x04, 0x04, 0x00, 0xEF, 0x72, 0x11,
    0x8D, 0x78, 0x9C, 0x63, 0x48, 0x60, 0x65, 0x60, 0xB8, 0x55, 0xC7, 0xB0, 0x40, 0xF6, 0x11, 0x3B,
    0x03, 0x08, 0x7C, 0xE0, 0x23, 0x1B, 0x03, 0x00, 0xB7, 0x94, 0x12, 0x46, 0x78, 0x9C, 0x73, 0x65,
    0x70, 0x60, 0x5D, 0xC3, 0xB0, 0x80, 0x87, 0x01, 0x04, 0xFE, 0x91, 0x8F, 0x01, 0x4E, 0x01, 0x10,
    0xC5, 0x78, 0x9C, 0x63, 0xF8, 0xFF, 0xFF, 0xBD, 0x15, 0x03, 0x03, 0xC3, 0xFF, 0x8E, 0x15, 0xFF,
    0x39, 0x18, 0x18, 0xDE, 0x33, 0x30, 0x2C, 0xEC, 0x07, 0x53, 0x0C, 0x7F, 0x19, 0xC1, 0xD4, 0x37,
    0x76, 0x30, 0xF5, 0x89, 0x1B, 0x4C, 0x7D, 0xE0, 0xFD, 0xF1, 0xFF, 0x3F, 0x1F, 0x90, 0x6A, 0xF9,
    0xDF, 0xC1, 0x0E, 0xA4, 0x90, 0xE5, 0xBE, 0x43, 0x54, 0xFE, 0x03, 0xEB, 0x3B, 0xD8, 0x0F, 0x32,
    0x73, 0x07, 0xC8, 0xCC, 0xFF, 0xFF, 0xEF, 0x5B, 0x32, 0x30, 0x00, 0x00, 0xCC, 0x55, 0x25, 0xA0,
    0x78, 0x9C, 0x1D, 0xC4, 0xB1, 0x0D, 0x40, 0x40, 0x14, 0x80, 0xE1, 0xFF, 0xA2, 0x10, 0x21, 0xCE,
    0x18, 0x4A, 0x1B, 0x58, 0x41, 0xA7, 0xB4, 0x82, 0x09, 0x88, 0x09, 0x89, 0x5E, 0x72, 0x9D, 0xF2,
    0x12, 0x0A, 0x11, 0x91, 0xC7, 0xBB, 0xAF, 0xF8, 0x00, 0x0C, 0xAC, 0xC3, 0x94, 0xC3, 0x76, 0x4B,
    0x0C, 0x65, 0xD1, 0x82, 0x44, 0xE0, 0xAC, 0x64, 0xE1, 0x31, 0x2C, 0xE6, 0xDF, 0x5F, 0xA9, 0xBE,
    0x74, 0x7A, 0xE5, 0x75, 0xEE, 0x44, 0x77, 0xB5, 0xDE, 0xCC, 0x3A, 0xCF, 0xAE, 0x1F, 0xA2, 0xF7,
    0x61, 0xDE, 0xF0, 0x69, 0x3F, 0x24, 0x4A, 0x2C, 0x7E, 0x78, 0x9C, 0x63, 0x28, 0x90, 0x60, 0x00,
    0x82, 0x80, 0xFD, 0x20, 0x92, 0xE1, 0x3B, 0x1B, 0x88, 0x4C, 0x60, 0x07, 0x12, 0x05, 0x7F, 0xCE,
    0xB3, 0x31, 0x08, 0xFC, 0xED, 0xB9, 0x79, 0x9E, 0xF1, 0x40, 0x3E, 0x50, 0x86, 0xEB, 0x0B, 0x17,
    0x03, 0xC3, 0x06, 0xFB, 0x5F, 0xCC, 0x40, 0xC5, 0xFD, 0x7F, 0x81, 0x0A, 0x04, 0xCE, 0xBF, 0x07,
    0x29, 0xBE, 0x8F, 0x4C, 0x42, 0xC4, 0x21, 0x6A, 0x20, 0xEA, 0x0F, 0xD4, 0x83, 0xF4, 0x0A, 0xFC,
    0x9D, 0x03, 0x34, 0x07, 0x62, 0x26, 0x00, 0xF4, 0x08, 0x23, 0x36, 0x78, 0x9C, 0x63, 0x60, 0x60,
    0x68, 0x62, 0x67, 0x00, 0x82, 0x3F, 0x2C, 0x40, 0x22, 0x21, 0x1E, 0xC4, 0x2C, 0x60, 0x05, 0x11,
    0x7F, 0xCE, 0xB3, 0x31, 0x08, 0xFC, 0xED, 0xB9, 0x79, 0x9E, 0xF1, 0x40, 0x3E, 0x03, 0xC3, 0x77,
    0xAE, 0x2F, 0x5C, 0x0C, 0x0C, 0x1B, 0xEC, 0x7F, 0x31, 0x33, 0x30, 0x04, 0xF4, 0xFF, 0x05, 0x2A,
    0x10, 0x38, 0xFF, 0x1E, 0xA4, 0xF8, 0x3E, 0x32, 0x09, 0x11, 0x87, 0xA8, 0x81, 0xA8, 0x3F, 0x50,
    0x0F, 0xD2, 0x2B, 0xF0, 0x77, 0x0E, 0xD0, 0x1C, 0x88, 0x99, 0x00, 0xD8, 0x83, 0x22, 0xF8, 0x78,
    0x9C, 0x63, 0x60, 0x48, 0x60, 0x63, 0x00, 0x82, 0x5B, 0x7D, 0x40, 0x62, 0x81, 0xEC, 0x25, 0x4E,
    0x06, 0x28, 0x28, 0xF8, 0x73, 0x9E, 0x8D, 0x41, 0xE0, 0x6F, 0xCF, 0xCD, 0xF3, 0x8C, 0x07, 0xF2,
    0x19, 0x18, 0xBE, 0x73, 0x7D, 0xE1, 0x62, 0x60, 0xD8, 0x60, 0xFF, 0x8B, 0x99, 0x81, 0x21, 0xA0,
    0xFF, 0x2F, 0x50, 0x81, 0xC0, 0xF9, 0xF7, 0x20, 0x75, 0xF7, 0x91, 0x49, 0x88, 0x38, 0x44, 0x0D,
    0x44, 0xFD, 0x81, 0x7A, 0x90, 0x5E, 0x81, 0xBF, 0x73, 0x80, 0xE6, 0x40, 0xCC, 0x04, 0x00, 0x1F,
    0x40, 0x23, 0xA1, 0x78, 0x9C, 0x63, 0x30, 0x30, 0x67, 0x08, 0x67, 0x60, 0xF8, 0xFC, 0x7F, 0x76,
    0x3E, 0x03, 0xC3, 0x49, 0xC7, 0x3F, 0x5C, 0x0C, 0x50, 0x50, 0xF0, 0xE7, 0x3C, 0x1B, 0x83, 0xC0,
    0xDF, 0x9E, 0x9B, 0xE7, 0x19, 0x0F, 0x00, 0xA5, 0xBE, 0x73, 0x7D, 0x01, 0x4A, 0x6D, 0xB0, 0xFF,
    0xC5, 0xCC, 0xC0, 0x10, 0xD0, 0xFF, 0x17, 0xA8, 0x40, 0xE0, 0xFC, 0x7B, 0x90, 0xBA, 0xFB, 0xC8,
    0x24, 0x44, 0x1C, 0xA2, 0x06, 0xA2, 0xFE, 0x40, 0x3D, 0x48, 0xAF, 0xC0, 0xDF, 0x39, 0x40, 0x73,
    0x20, 0x66, 0x02, 0x00, 0x1B, 0x84, 0x26, 0x05, 0x78, 0x9C, 0x63, 0x38, 0xC0, 0xB5, 0x80, 0x87,
    0x81, 0x21, 0x80, 0xC5, 0x81, 0x95, 0x01, 0x0A, 0x0A, 0xFE, 0x9C, 0x67, 0x63, 0x10, 0xF8, 0xDB,
    0x73, 0xF3, 0x3C, 0xE3, 0x81, 0x7C, 0x06, 0x86, 0xEF, 0x5C, 0x5F, 0xB8, 0x18, 0x18, 0x36, 0xD8,
    0xFF, 0x62, 0x06, 0x2A, 0xEB, 0xFF, 0x0B, 0x54, 0x20, 0x70, 0xFE, 0x3D, 0x48, 0xDD, 0x7D, 0x64,
    0x12, 0x22, 0x0E, 0x51, 0x03, 0x51, 0x7F, 0xA0, 0x1E, 0xA4, 0x57, 0xE0, 0xEF, 0x1C, 0xA0, 0x39,
    0x10, 0x33, 0x01, 0x95, 0xA1, 0x22, 0x4A, 0x78, 0x9C, 0x63, 0x60, 0x00, 0x81, 0x06, 0x19, 0x06,
    0x81, 0x5E, 0x86, 0x09, 0xE7, 0x19, 0x2E, 0xF6, 0x33, 0x30, 0xFC, 0xD4, 0xF9, 0xC3, 0xC1, 0xC0,
    0x30, 0xE1, 0x3F, 0x90, 0xC9, 0x20, 0xF0, 0x9F, 0x1F, 0x48, 0x1E, 0xFC, 0x7F, 0x1E, 0xC8, 0xFC,
    0xC3, 0xF1, 0x93, 0x87, 0xE1, 0x40, 0x3F, 0x48, 0x59, 0x00, 0x50, 0x81, 0x07, 0x03, 0x00, 0xF2,
    0xDA, 0x11, 0x54, 0x78, 0x9C, 0x63, 0x28, 0xF8, 0x73, 0x9E, 0x6D, 0x17, 0x83, 0xC0, 0xDF, 0x9E,
    0x9B, 0xFF, 0xE5, 0x19, 0x0E, 0xE4, 0x33, 0x30, 0xFC, 0xE4, 0x67, 0xF8, 0xC2, 0xC5, 0xC0, 0xF0,
    0x4B, 0x9F, 0xE1, 0x17, 0x33, 0x83, 0x43, 0x7F, 0x3F, 0xC3, 0x5F, 0x06, 0x86, 0x07, 0x6A, 0xFB,
    0x19, 0xDE, 0x33, 0x30, 0x9C, 0x64, 0xB8, 0x0F, 0xA4, 0x1C, 0xF4, 0xC1, 0xD4, 0x03, 0x76, 0x20,
    0xF5, 0x0F, 0x28, 0x26, 0x70, 0x9E, 0xE1, 0x97, 0x8B, 0x3E, 0x43, 0x40, 0x3F, 0xC3, 0x97, 0xDB,
    0xEC, 0x0C, 0x1B, 0xEC, 0x19, 0x0E, 0xFC, 0x67, 0x60, 0xF8, 0xCE, 0xC5, 0x10, 0xF0, 0x7F, 0xEE,
    0xCD, 0xF3, 0x8C, 0x0C, 0x17, 0x2A, 0xFE, 0x9E, 0x67, 0x63, 0x60, 0x28, 0x66, 0x00, 0x03, 0x00,
    0x84, 0x11, 0x29, 0x29, 0x78, 0x9C, 0x63, 0x68, 0x65, 0x65, 0x00, 0x82, 0x8B, 0xF6, 0x20, 0x52,
    0xE1, 0x1E, 0x88, 0x64, 0x68, 0x62, 0x66, 0x60, 0x78, 0x0F, 0xA4, 0x3F, 0xF0, 0x51, 0x40, 0xF2,
    0xFE, 0x61, 0x62, 0x60, 0xF8, 0xCC, 0xF5, 0x8D, 0x9B, 0x41, 0xE0, 0x0F, 0xF3, 0x82, 0xF7, 0x9D,
    0xAF, 0xEA, 0x19, 0x18, 0xB6, 0xFE, 0x5B, 0xC7, 0xCC, 0x00, 0x00, 0x87, 0x46, 0x22, 0x3C, 0x78,
    0x9C, 0x63, 0x60, 0x60, 0x68, 0x63, 0x61, 0x60, 0x60, 0x70, 0x38, 0x0F, 0x24, 0x18, 0x1E, 0xCA,
    0x82, 0xC8, 0x62, 0x46, 0x06, 0x86, 0xF7, 0x40, 0xFA, 0x03, 0x1F, 0x05, 0x24, 0xEF, 0x1F, 0x26,
    0x06, 0x86, 0xCF, 0x5C, 0xDF, 0xB8, 0x19, 0x04, 0xFE, 0x30, 0x2F, 0x78, 0xDF, 0xF9, 0xAA, 0x9E,
    0x81, 0x61, 0xEB, 0xBF, 0x75, 0xCC, 0x0C, 0x00, 0x7D, 0xB0, 0x22, 0x2A, 0x78, 0x9C, 0x63, 0x60,
    0x68, 0x66, 0x62, 0x60, 0x60, 0x70, 0x38, 0xAF, 0x07, 0x24, 0xBF, 0xB2, 0xBD, 0x60, 0x66, 0x80,
    0x80, 0xF7, 0x40, 0xFC, 0x81, 0x8F, 0x02, 0x92, 0xF7, 0x0F, 0xD0, 0xDC, 0xCF, 0x5C, 0xDF, 0xB8,
    0x19, 0x04, 0xFE, 0x30, 0x2F, 0x78, 0xDF, 0xF9, 0xAA, 0x9E, 0x81, 0x61, 0xEB, 0xBF, 0x75, 0xCC,
    0x0C, 0x00, 0xC0, 0x26, 0x22, 0xC7, 0x78, 0x9C, 0x63, 0x38, 0xC5, 0xB0, 0x80, 0x87, 0x81, 0x21,
    0x84, 0xC1, 0x81, 0x95, 0x01, 0x02, 0xDE, 0x03, 0xF1, 0x07, 0x3E, 0x0A, 0x48, 0xDE, 0x3F, 0x4C,
    0x0C, 0x0C, 0x9F, 0xB9, 0xBE, 0x71, 0x33, 0x08, 0xFC, 0x61, 0x5E, 0xF0, 0xBE, 0xF3, 0x55, 0x3D,
    0x03, 0xC3, 0xD6, 0x7F, 0xEB, 0x98, 0x19, 0x00, 0x1B, 0x7B, 0x21, 0x2E, 0x78, 0x9C, 0x63, 0x60,
    0x60, 0x50, 0xA8, 0x60, 0x00, 0x81, 0x03, 0xFE, 0x60, 0xEA, 0x1B, 0x2B, 0x98, 0x0A, 0x03, 0xE2,
    0x0B, 0xF9, 0x40, 0xE2, 0x07, 0xB7, 0xC3, 0x7D, 0x06, 0x06, 0x81, 0xFF, 0x4C, 0x0C, 0x7F, 0xD8,
    0x18, 0x1A, 0xE6, 0x33, 0x30, 0x7C, 0xE6, 0x63, 0xF8, 0x28, 0xCF, 0xC0, 0xB0, 0x20, 0x9F, 0xE1,
    0x07, 0x07, 0x50, 0xF3, 0x7B, 0x81, 0xF7, 0x8C, 0x40, 0x65, 0x3F, 0xDB, 0xEA, 0x41, 0xDA, 0x3E,
    0xFE, 0xE3, 0x05, 0x51, 0x05, 0xFF, 0x21, 0xA6, 0xBC, 0x67, 0x20, 0x8A, 0x02, 0x00, 0x42, 0x4E,
    0x1A, 0xC3, 0x78, 0x9C, 0x7B, 0xCF, 0x00, 0x04, 0xEF, 0xE1, 0xC4, 0xFF, 0x8E, 0x0A, 0x16, 0x86,
    0xFF, 0xFF, 0xFF, 0xBF, 0x67, 0x7D, 0xCF, 0x20, 0xF0, 0xCC, 0x1E, 0x28, 0x16, 0xB0, 0x1E, 0x24,
    0x71, 0x1F, 0x48, 0x28, 0x9C, 0x07, 0x12, 0x0B, 0xEA, 0xFF, 0x77, 0xCC, 0xF8, 0xCB, 0x03, 0x54,
    0x52, 0x83, 0xA4, 0x0D, 0x4C, 0x00, 0x00, 0x2C, 0x5A, 0x1B, 0xFC, 0x78, 0x9C, 0x33, 0xF8, 0x7D,
    0x9E, 0x95, 0xE1, 0xF3, 0xFC, 0x9F, 0xF9, 0x0C, 0xBF, 0x59, 0x1C, 0xCE, 0x33, 0xFC, 0x67, 0x60,
    0xB8, 0xCF, 0xF0, 0x9E, 0xC1, 0x60, 0x3D, 0x90, 0x58, 0x10, 0x0F, 0x24, 0x1E, 0xF0, 0xC3, 0x88,
    0x86, 0xFD, 0x40, 0x82, 0xE1, 0x17, 0x0F, 0x90, 0x98, 0xB0, 0x1E, 0x48, 0x30, 0xFC, 0x07, 0x12,
    0x02, 0xEF, 0xDF, 0x17, 0xCC, 0xBD, 0xD9, 0xFF, 0x3E, 0xE0, 0xCF, 0x7D, 0x76, 0x00, 0xBE, 0x5E,
    0x21, 0x10, 0x78, 0x9C, 0x13, 0xF8, 0xCB, 0xCA, 0xC0, 0xC0, 0x70, 0x50, 0x1F, 0x48, 0x08, 0x74,
    0x31, 0x40, 0x80, 0xC2, 0xAD, 0xF7, 0xD6, 0x0C, 0x5F, 0xF7, 0xEF, 0xF8, 0xCF, 0xFC, 0x97, 0x85,
    0xE1, 0x0B, 0x37, 0x50, 0xE4, 0x03, 0xAF, 0xC2, 0xCD, 0x7F, 0xFF, 0xF9, 0x3E, 0x9F, 0xEF, 0xFC,
    0xC1, 0xF7, 0x87, 0x95, 0xE1, 0x03, 0xDF, 0x7F, 0xA0, 0x18, 0xDF, 0x5F, 0x26, 0x86, 0x1F, 0x7C,
    0xDF, 0xD6, 0xDD, 0xFC, 0xCF, 0x1F, 0xF0, 0x67, 0xDD, 0x42, 0x5D, 0x00, 0xA1, 0xC9, 0x1D, 0xD5,
    0x78, 0x9C, 0x63, 0x60, 0x28, 0x58, 0xCF, 0xC0, 0xC0, 0xF0, 0x85, 0x0B, 0x48, 0x74, 0x32, 0x40,
    0x80, 0xC1, 0xAD, 0xF7, 0xD6, 0x0C, 0xDF, 0xF6, 0xEF, 0xF8, 0xCF, 0xFC, 0x96, 0x85, 0xE1, 0x0B,
    0x37, 0x50, 0xE4, 0x23, 0xAF, 0xC2, 0xAD, 0xFF, 0xFF, 0xF9, 0xBE, 0xF4, 0x99, 0x7E, 0xE6, 0xFB,
    0xC3, 0xCC, 0xF0, 0x81, 0xEF, 0x3D, 0x03, 0x90, 0xF8, 0xCB, 0xCC, 0xF0, 0x93, 0xEF, 0xDB, 0xBC,
    0x9B, 0xFF, 0xF8, 0x03, 0xFE, 0xAC, 0x5B, 0xA8, 0x0B, 0x00, 0x90, 0xB7, 0x1D, 0x29, 0x78, 0x9C,
    0x63, 0x70, 0xB8, 0xCF, 0xC4, 0xC0, 0xF0, 0x65, 0xBA, 0x1E, 0x83, 0x40, 0x04, 0x43, 0x39, 0x03,
    0x18, 0x28, 0xDC, 0x7A, 0x6F, 0xCD, 0xF0, 0x75, 0xFF, 0x8E, 0xFF, 0xCC, 0x7F, 0x59, 0x18, 0xBE,
    0x70, 0x03, 0x45, 0x3E, 0xF0, 0x2A, 0xDC, 0xFC, 0xF7, 0x9F, 0xEF, 0xF3, 0xF9, 0xCE, 0x1F, 0x7C,
    0x7F, 0x58, 0x19, 0x3E, 0xF0, 0xFD, 0x07, 0x8A, 0xF1, 0xFD, 0x65, 0x62, 0xF8, 0xC1, 0xF7, 0x6D,
    0xDD, 0xCD, 0xFF, 0xFC, 0x01, 0x7F, 0xD6, 0x2D, 0xD4, 0x05, 0x00, 0xEB, 0x86, 0x1E, 0xF2, 0x78,
    0x9C, 0x63, 0x60, 0x60, 0x10, 0x60, 0x50, 0xF8, 0x33, 0xF7, 0x27, 0xFB, 0x81, 0xDE, 0x57, 0xEB,
    0x19, 0x10, 0x40, 0xE1, 0xD6, 0x7B, 0x6B, 0x86, 0xAF, 0xFB, 0x77, 0xFC, 0x67, 0xFE, 0xCB, 0xC2,
    0xF0, 0x85, 0x1B, 0x28, 0xF2, 0x81, 0x57, 0xE1, 0xE6, 0xBF, 0xFF, 0x7C, 0x9F, 0xCF, 0x77, 0xFE,
    0xE0, 0xFB, 0xC3, 0xCA, 0xF0, 0x81, 0xEF, 0x3F, 0x50, 0x8C, 0xEF, 0x2F, 0x13, 0xC3, 0x0F, 0xBE,
    0x6F, 0xEB, 0x6E, 0xFE, 0xE7, 0x0F, 0xF8, 0xB3, 0x6E, 0xA1, 0x2E, 0x00, 0x7E, 0x63, 0x20, 0xE8,
    0x78, 0x9C, 0x3B, 0xC0, 0xC5, 0xB0, 0x86, 0x21, 0x80, 0x85, 0xC1, 0x95, 0x01, 0x01, 0x14, 0x6E,
    0xBD, 0xB7, 0x66, 0xF8, 0xBA, 0x7E, 0xC7, 0x7F, 0xE6, 0xBF, 0xCC, 0x0C, 0x5F, 0xB9, 0x81, 0x22,
    0x1F, 0x78, 0x15, 0x6E, 0xFE, 0xFF, 0xCF, 0xF7, 0xE5, 0x7C, 0xE7, 0x0F, 0xBE, 0x3F, 0xAC, 0x0C,
    0x1F, 0xF8, 0xFE, 0x03, 0xC5, 0xF8, 0xFE, 0x32, 0x31, 0xFC, 0xE4, 0xFB, 0xB6, 0xEE, 0xE6, 0x1F,
    0xFE, 0x84, 0xBF, 0x7D, 0x1B, 0x74, 0x01, 0x7D, 0xD0, 0x1D, 0x38, 0x78, 0x9C, 0x63, 0x70, 0x30,
    0x67, 0x60, 0x60, 0xF8, 0xF6, 0x9F, 0x95, 0x81, 0x21, 0x2F, 0x81, 0x97, 0x81, 0x41, 0x5E, 0x80,
    0x9F, 0x81, 0xE1, 0xF6, 0x0D, 0x6E, 0x06, 0x86, 0x8D, 0xFB, 0x19, 0x19, 0xC0, 0x40, 0xE1, 0xD6,
    0x7B, 0x6B, 0x86, 0xAF, 0xEB, 0x77, 0xFC, 0x67, 0x7E, 0xCB, 0xC4, 0xF0, 0x15, 0x28, 0xC3, 0xF0,
    0x81, 0x57, 0xE1, 0xE6, 0xFF, 0xFF, 0x7C, 0x5F, 0xCE, 0x77, 0xFE, 0xE0, 0xFB, 0xC3, 0xCA, 0xF0,
    0x81, 0xEF, 0x3D, 0x03, 0xC3, 0x47, 0xBE, 0xBF, 0x4C, 0x0C, 0xBF, 0xF9, 0xBE, 0xCD, 0x7B, 0xF9,
    0x8F, 0x3F, 0xE0, 0xCF, 0xBC, 0x8D, 0xBA, 0x00, 0xDA, 0xF7, 0x21, 0xC6, 0x78, 0x9C, 0x13, 0xB8,
    0xF1, 0xDE, 0xBA, 0xE0, 0xEF, 0x3C, 0xC6, 0x47, 0xE7, 0x57, 0xFE, 0xFF, 0xDB, 0xFB, 0x4B, 0xEE,
    0x27, 0x3B, 0xC3, 0xD7, 0xFD, 0x0C, 0x01, 0xF3, 0x1D, 0x19, 0x18, 0x3E, 0xD8, 0x33, 0x30, 0xDC,
    0x67, 0x48, 0xEE, 0xF8, 0xD1, 0xDF, 0xD1, 0xF1, 0xFF, 0xE0, 0x7F, 0x08, 0xF8, 0xAD, 0xC5, 0xF0,
    0x81, 0x9F, 0x81, 0x81, 0xE1, 0x3F, 0x44, 0x9E, 0xE1, 0x1F, 0x23, 0xC3, 0xD7, 0xF3, 0x0C, 0x0C,
    0x4A, 0x3F, 0xE6, 0xDD, 0xBC, 0xFF, 0x7B, 0xDE, 0x8E, 0xF5, 0x05, 0x7F, 0xCF, 0xB3, 0x27, 0xFC,
    0xB9, 0x2F, 0x01, 0x00, 0x24, 0xF6, 0x2E, 0x62, 0x78, 0x9C, 0x63, 0xB8, 0xFE, 0x5E, 0x8B, 0x61,
    0xC3, 0xFD, 0x19, 0xFF, 0x98, 0xBE, 0x71, 0x33, 0x3C, 0xE2, 0xFE, 0xC3, 0xCC, 0x50, 0xC0, 0xF3,
    0x9F, 0x01, 0x08, 0xDE, 0x83, 0x08, 0x30, 0x0B, 0x28, 0xE6, 0xC0, 0x01, 0x94, 0xBD, 0xC8, 0x0D,
    0x54, 0xF7, 0x8E, 0x89, 0xE1, 0xFA, 0x7B, 0x29, 0x06, 0x86, 0x84, 0x7A, 0x46, 0xA0, 0xD4, 0x67,
    0x6E, 0x06, 0x06, 0x87, 0xDF, 0x40, 0xA2, 0x61, 0x1D, 0x23, 0x03, 0x00, 0xEA, 0x35, 0x17, 0xDC,
    0x78, 0x9C, 0x13, 0xF8, 0xCB, 0xC4, 0xC0, 0xC0, 0xF0, 0x90, 0x07, 0x48, 0x28, 0x78, 0x33, 0x40,
    0xC1, 0xB5, 0xF7, 0x92, 0x0C, 0x13, 0xEE, 0xAF, 0xB8, 0xCF, 0xF0, 0x95, 0x9B, 0xE1, 0x1B, 0xC7,
    0x6F, 0x66, 0x86, 0x0F, 0x3C, 0xFF, 0x3A, 0x3A, 0x7E, 0xF0, 0xFF, 0x07, 0x02, 0xFE, 0xFF, 0x20,
    0x15, 0x7F, 0x98, 0x81, 0xC4, 0x37, 0x1E, 0x86, 0x05, 0xAC, 0x1B, 0xDE, 0xCF, 0xFC, 0xCB, 0xCA,
    0x70, 0xED, 0xBF, 0x35, 0x03, 0x00, 0x7E, 0x72, 0x1B, 0x43, 0x78, 0x9C, 0x63, 0x60, 0x38, 0x60,
    0xCF, 0xC0, 0xC0, 0xF0, 0x83, 0x85, 0x81, 0x41, 0xC0, 0x9B, 0x01, 0x0A, 0xAE, 0xBD, 0x97, 0x64,
    0x98, 0x70, 0x7F, 0xC5, 0x7D, 0x86, 0xAF, 0xDC, 0x0C, 0xDF, 0x38, 0x7E, 0x33, 0x33, 0x7C, 0xE0,
    0xF9, 0xD7, 0xD1, 0xF1, 0x83, 0xFF, 0x3F, 0x10, 0xF0, 0xFF, 0x07, 0xA9, 0xF8, 0xC3, 0x0C, 0x24,
    0xBE, 0xF1, 0x30, 0x2C, 0x60, 0xDD, 0xF0, 0x7E, 0xE6, 0x5F, 0x56, 0x86, 0x6B, 0xFF, 0xAD, 0x19,
    0x00, 0x77, 0x9D, 0x1B, 0x32, 0x78, 0x9C, 0x63, 0x48, 0x58, 0xCF, 0xC0, 0xC0, 0xF0, 0xF5, 0x2A,
    0x27, 0x83, 0x80, 0x87, 0x80, 0x06, 0x03, 0x04, 0x5C, 0x7B, 0x2F, 0xC9, 0x30, 0xE1, 0xFE, 0x8A,
    0xFB, 0x0C, 0x5F, 0xB9, 0x19, 0xBE, 0x71, 0xFC, 0x66, 0x66, 0xF8, 0xC0, 0xF3, 0xAF, 0xA3, 0xE3,
    0x07, 0xFF, 0x7F, 0x20, 0xE0, 0xFF, 0x0F, 0x52, 0xF1, 0x87, 0x19, 0x48, 0x7C, 0xE3, 0x61, 0x58,
    0xC0, 0xBA, 0xE1, 0xFD, 0xCC, 0xBF, 0xAC, 0x0C, 0xD7, 0xFE, 0x5B, 0x33, 0x00, 0x00, 0xC4, 0x13,
    0x1C, 0x4E, 0x78, 0x9C, 0x63, 0x58, 0xC3, 0x70, 0x8A, 0x81, 0xC1, 0x95, 0x21, 0x84, 0x01, 0x09,
    0x5C, 0x7B, 0x2F, 0xC9, 0x30, 0xE1, 0xFE, 0x8A, 0xFB, 0x0C, 0x5F, 0x79, 0x18, 0xBE, 0x71, 0xFC,
    0x66, 0x65, 0xF8, 0xC0, 0xF3, 0xAF, 0xB3, 0xE3, 0x07, 0xFF, 0x7F, 0x20, 0xE0, 0xFF, 0xCF, 0x08,
    0x54, 0xF1, 0x87, 0x15, 0x48, 0x7C, 0x93, 0x65, 0x68, 0x60, 0x5B, 0xF0, 0xBE, 0xF3, 0x2F, 0x2B,
    0xC3, 0xB1, 0xFF, 0xD6, 0x0C, 0x00, 0x67, 0xD4, 0x1A, 0xB4, 0x78, 0x9C, 0x5B, 0x50, 0xCF, 0xC0,
    0xF0, 0x8B, 0x99, 0xA1, 0x81, 0x9D, 0x01, 0x08, 0x3E, 0xF0, 0xE1, 0x47, 0x00, 0x27, 0xA5, 0x0D,
    0x8E, 0x78, 0x9C, 0x63, 0xF8, 0xCE, 0x65, 0x30, 0x9F, 0xA1, 0x81, 0x9D, 0x01, 0x08, 0x3E, 0xF0,
    0x11, 0x40, 0x00, 0x26, 0x19, 0x0D, 0x42, 0x78, 0x9C, 0x63, 0x78, 0xAC, 0xC7, 0x60, 0x50, 0xFF,
    0x82, 0x29, 0x81, 0x25, 0x80, 0x95, 0x01, 0x04, 0x3E, 0xF0, 0x11, 0x8D, 0x01, 0xB5, 0x78, 0x0E,
    0x4E, 0x78, 0x9C, 0x5B, 0xC3, 0xB0, 0x80, 0xC7, 0x95, 0xC1, 0x81, 0x95, 0x01, 0x06, 0xFE, 0x11,
    0x8F, 0x01, 0x68, 0x2E, 0x0C, 0xCD, 0x78, 0x9C, 0x63, 0x60, 0x00, 0x82, 0x80, 0x5E, 0x46, 0x06,
    0xA6, 0x84, 0x7F, 0xFD, 0x57, 0x78, 0x18, 0x12, 0xFE, 0xEF, 0x07, 0xF2, 0xFF, 0xDF, 0x67, 0x60,
    0xF8, 0xC4, 0xF1, 0x8B, 0x83, 0x41, 0x80, 0xE1, 0x81, 0x3C, 0xC3, 0xF5, 0xF7, 0x33, 0xF3, 0x37,
    0xBC, 0x9F, 0xF5, 0x67, 0xFD, 0x37, 0x19, 0x86, 0x82, 0xF3, 0x7F, 0x98, 0x19, 0x18, 0xEE, 0xFF,
    0x67, 0x80, 0x10, 0x0A, 0x20, 0x6E, 0x42, 0x3F, 0x50, 0xE2, 0x91, 0xFE, 0x82, 0xF7, 0x33, 0xFF,
    0xB1, 0x31, 0x1C, 0xFD, 0xEF, 0xCD, 0x00, 0x00, 0x5A, 0xF3, 0x22, 0xFE, 0x78, 0x9C, 0x63, 0x60,
    0x60, 0x10, 0x60, 0x48, 0x78, 0x27, 0xFE, 0x95, 0xE9, 0xD3, 0x9C, 0xFF, 0xE7, 0x19, 0x9A, 0x18,
    0x0B, 0xD9, 0x18, 0xC0, 0xE0, 0xFD, 0xA2, 0x7F, 0x39, 0x0C, 0xFF, 0xCF, 0xAD, 0xF8, 0xCF, 0xF2,
    0x9F, 0x9D, 0xE1, 0x2B, 0xF7, 0x7F, 0x06, 0x86, 0x0F, 0xBC, 0x20, 0x82, 0xEF, 0x3D, 0x5E, 0x02,
    0x00, 0xBE, 0x2F, 0x1E, 0xC3, 0x78, 0x9C, 0x63, 0xF8, 0xCD, 0xC6, 0xC0, 0xC0, 0x70, 0x40, 0x1F,
    0x48, 0x30, 0x74, 0x31, 0x40, 0xC1, 0xD1, 0xFF, 0x31, 0x0C, 0x13, 0xDE, 0xCF, 0xFC, 0xC7, 0xF9,
    0x45, 0x96, 0xE1, 0xA2, 0xFF, 0x6F, 0x16, 0x06, 0x87, 0xFD, 0xFF, 0x80, 0xC2, 0xEF, 0xDF, 0x03,
    0x89, 0x7F, 0x60, 0x16, 0x58, 0xEC, 0x8B, 0x0C, 0xC3, 0x41, 0x7F, 0xB0, 0x3A, 0xB0, 0x0E, 0x00,
    0x62, 0x86, 0x1B, 0x0D, 0x78, 0x9C, 0x63, 0x60, 0x68, 0x98, 0xCF, 0xC0, 0xC0, 0xF0, 0x85, 0x13,
    0x48, 0x74, 0x32, 0x40, 0xC1, 0xD1, 0xFF, 0x31, 0x0C, 0x13, 0xDE, 0xCF, 0xFC, 0xC7, 0xF9, 0x45,
    0x96, 0xE1, 0xA2, 0xFF, 0x6F, 0x16, 0x06, 0x87, 0xFD, 0xFF, 0x80, 0xC2, 0xEF, 0xDF, 0x03, 0x89,
    0x7F, 0x60, 0x16, 0x58, 0xEC, 0x8B, 0x0C, 0xC3, 0x41, 0x7F, 0xB0, 0x3A, 0xB0, 0x0E, 0x00, 0x6C,
    0x2A, 0x1B, 0x38, 0x78, 0x9C, 0x63, 0x30, 0xB8, 0xCF, 0xC8, 0xC0, 0xF0, 0x79, 0xB9, 0x2C, 0x03,
    0x43, 0x06, 0x43, 0x3A, 0x03, 0x04, 0x1C, 0xFD, 0x1F, 0xC3, 0x30, 0xE1, 0xFD, 0xCC, 0x7F, 0x9C,
    0x5F, 0x64, 0x19, 0x2E, 0xFA, 0xFF, 0x66, 0x61, 0x70, 0xD8, 0xFF, 0x0F, 0x28, 0xFC, 0xFE, 0x3D,
    0x90, 0xF8, 0x07, 0x66, 0x81, 0xC5, 0xBE, 0xC8, 0x30, 0x1C, 0xF4, 0x07, 0xAB, 0x03, 0xEB, 0x00,
    0x00, 0xAC, 0x33, 0x1C, 0x29, 0x78, 0x9C, 0x63, 0x60, 0x60, 0x10, 0x60, 0x10, 0xF8, 0x3D, 0xF7,
    0x27, 0xDB, 0x84, 0xBE, 0x57, 0xEB, 0x19, 0x90, 0xC0, 0xD1, 0xFF, 0x31, 0x0C, 0x13, 0xDE, 0xCF,
    0xFC, 0xC7, 0xF9, 0x45, 0x96, 0xE1, 0xA2, 0xFF, 0x6F, 0x16, 0x06, 0x87, 0xFD, 0xFF, 0x80, 0xC2,
    0xEF, 0xDF, 0x03, 0x89, 0x7F, 0x60, 0x16, 0x58, 0xEC, 0x8B, 0x0C, 0xC3, 0x41, 0x7F, 0xB0, 0x3A,
    0xB0, 0x0E, 0x00, 0x36, 0x44, 0x1E, 0x01, 0x78, 0x9C, 0x63, 0x58, 0xC3, 0x70, 0x8A, 0x81, 0xC1,
    0x95, 0x21, 0x84, 0x01, 0x09, 0x1C, 0xFD, 0x1F, 0xC3, 0x30, 0xE1, 0xFD, 0xCC, 0x7F, 0x9C, 0x5F,
    0x64, 0x19, 0x2E, 0xFA, 0xFF, 0x66, 0x63, 0x70, 0xD8, 0xFF, 0x8F, 0x91, 0x81, 0xE1, 0xFD, 0x7F,
    0xA0, 0xDC, 0x3F, 0x30, 0xEB, 0x37, 0x2B, 0x50, 0x0C, 0x28, 0x7B, 0xD0, 0x1F, 0xAC, 0x0E, 0xAC,
    0x03, 0x00, 0x4B, 0xB6, 0x1A, 0xB8, 0x78, 0x9C, 0x63, 0x60, 0x00, 0x83, 0xDB, 0x20, 0xE2, 0x14,
    0x03, 0x12, 0xF8, 0x0F, 0x02, 0x1D, 0x20, 0x80, 0x2C, 0x0A, 0x53, 0x07, 0x00, 0x1D, 0x06, 0x0A,
    0xEE, 0x78, 0x9C, 0x01, 0x46, 0x00, 0xB9, 0xFF, 0x00, 0x00, 0x00, 0x20, 0x07, 0x00, 0x00, 0x00,
    0xB0, 0x08, 0x00, 0xC5, 0xFF, 0xFF, 0x01, 0x90, 0xEF, 0x99, 0xFF, 0x09, 0xF4, 0x1D, 0x30, 0xEF,
    0x4F, 0xFB, 0x04, 0xB0, 0x48, 0xBF, 0xFE, 0x00, 0xF3, 0x01, 0xEF, 0xEF, 0x00, 0x8B, 0x00, 0xFE,
    0xFE, 0x30, 0x1F, 0x00, 0xEF, 0xFB, 0xB4, 0x08, 0x40, 0xBF, 0xF4, 0xFF, 0x01, 0xC1, 0x4F, 0x90,
    0xFF, 0x99, 0xFE, 0x09, 0x30, 0xDF, 0xFF, 0x5C, 0x00, 0xB0, 0x08, 0x00, 0x00, 0x00, 0x22, 0x16,
    0x1F, 0x99, 0x78, 0x9C, 0x73, 0xB8, 0xCF, 0xC8, 0xC0, 0xC0, 0xF0, 0x85, 0x1B, 0x48, 0x18, 0x58,
    0x32, 0x40, 0xC0, 0x7B, 0x06, 0x86, 0x0F, 0x7C, 0x44, 0x10, 0x7F, 0x98, 0x18, 0xBE, 0xF3, 0x7D,
    0xAB, 0x5D, 0xF6, 0x9F, 0x2F, 0xE0, 0xCF, 0xBE, 0xCF, 0x7C, 0x00, 0x1B, 0x64, 0x1A, 0x25, 0x78,
    0x9C, 0x63, 0x60, 0x78, 0xE8, 0xCF, 0xC0, 0xC0, 0xF0, 0x9A, 0x99, 0x81, 0xC1, 0x40, 0x93, 0x01,
    0x02, 0xDE, 0x33, 0x30, 0x7C, 0xE0, 0xC3, 0x4F, 0xFC, 0x07, 0x11, 0x7F, 0x98, 0x19, 0x7E, 0xF0,
    0x7D, 0x9B, 0x77, 0xF2, 0x3F, 0x5F, 0xC0, 0x9F, 0x7D, 0x9F, 0xF9, 0x00, 0x18, 0x76, 0x1A, 0x6A,
    0x78, 0x9C, 0x63, 0x58, 0x30, 0x9F, 0x81, 0x81, 0xE1, 0xF6, 0x65, 0x2E, 0x06, 0x03, 0x71, 0x01,
    0x73, 0x06, 0x30, 0x78, 0xCF, 0xC0, 0xF0, 0x81, 0x8F, 0x08, 0xE2, 0x0F, 0x13, 0xC3, 0x77, 0xBE,
    0x6F, 0xB5, 0xCB, 0xFE, 0xF3, 0x05, 0xFC, 0xD9, 0xF7, 0x99, 0x0F, 0x00, 0x5D, 0xA8, 0x1B, 0x22,
    0x78, 0x9C, 0x5B, 0xC0, 0xC3, 0x70, 0x8A, 0xC1, 0x81, 0x95, 0x21, 0x84, 0x01, 0x01, 0xDE, 0x33,
    0x30, 0x7C, 0xE0, 0xC3, 0x4F, 0xFC, 0x07, 0x11, 0x7F, 0x99, 0x19, 0x7E, 0xF0, 0x7D, 0x9B, 0x77,
    0xF2, 0x1F, 0x5F, 0xC0, 0x9F, 0x75, 0x9F, 0xF8, 0x00, 0x00, 0x9C, 0x19, 0xF1, 0x78, 0x9C, 0x63,
    0x60, 0x70, 0x38, 0xCF, 0xC8, 0xC0, 0xF0, 0x90, 0x9B, 0x81, 0x81, 0xA1, 0x8D, 0x01, 0x02, 0x7E,
    0xB2, 0x33, 0x4C, 0xC8, 0xFF, 0xCC, 0xC3, 0xF0, 0x40, 0xFE, 0x82, 0x3E, 0xC3, 0x67, 0xEE, 0x82,
    0x7A, 0x86, 0x1F, 0xAC, 0x02, 0xF7, 0x19, 0xFE, 0x32, 0x30, 0xFC, 0x56, 0x5A, 0xCF, 0xC0, 0xF0,
    0xB5, 0xC2, 0x9F, 0x81, 0xE1, 0xC3, 0x59, 0x3E, 0x06, 0x86, 0x09, 0xFF, 0x39, 0x18, 0x18, 0x1C,
    0xFE, 0x33, 0x03, 0xF5, 0xFC, 0x07, 0x62, 0x83, 0x7A, 0x20, 0xB1, 0x41, 0x9E, 0x81, 0x61, 0xE1,
    0x5F, 0xA0, 0xF8, 0xC7, 0x3E, 0x20, 0x0F, 0x00, 0xD1, 0x9F, 0x1A, 0x23, 0x78, 0x9C, 0x7B, 0xCF,
    0x00, 0x04, 0xEF, 0xD1, 0x88, 0x23, 0xEF, 0xA5, 0x18, 0xFE, 0xAF, 0xBF, 0x71, 0x9F, 0xE1, 0x3F,
    0x0B, 0xC3, 0x6F, 0xF6, 0xFF, 0x0C, 0x0C, 0x9F, 0x79, 0x80, 0xC4, 0x07, 0x7E, 0x20, 0xF1, 0x00,
    0x44, 0x7C, 0xE0, 0x83, 0x88, 0x31, 0x33, 0xFC, 0x66, 0x03, 0xAB, 0x7B, 0x7F, 0xF4, 0xBD, 0x24,
    0x86, 0x29, 0x20, 0x02, 0x00, 0x6E, 0x85, 0x21, 0xA8, 0x78, 0x9C, 0x63, 0x58, 0xC3, 0xB0, 0x80,
    0x87, 0x81, 0xC1, 0x95, 0xC1, 0x81, 0x95, 0x01, 0x19, 0xFC, 0xE0, 0x60, 0x60, 0x78, 0xC7, 0xF0,
    0x89, 0x8F, 0xC1, 0xA1, 0x9F, 0xE1, 0x80, 0x3F, 0xC3, 0x02, 0x7D, 0x86, 0x82, 0xFD, 0x0C, 0x1F,
    0x78, 0x18, 0x04, 0xFE, 0x33, 0x7E, 0x65, 0x63, 0x60, 0xF8, 0xC3, 0xFE, 0x8B, 0x91, 0x81, 0xE1,
    0x1B, 0xDF, 0x7A, 0xA0, 0xD2, 0x8F, 0xEB, 0xFD, 0x81, 0xE4, 0x86, 0xFF, 0x7C, 0x40, 0x32, 0xE1,
    0x3F, 0x07, 0x48, 0xF7, 0x7F, 0x66, 0x10, 0x79, 0x16, 0x44, 0x24, 0xE4, 0x03, 0x89, 0x05, 0x7F,
    0x80, 0x76, 0x30, 0x7C, 0x58, 0x0F, 0xD4, 0xC3, 0x00, 0x00, 0xAB, 0xFF, 0x1A, 0x5E, 0x78, 0x9C,
    0x63, 0x60, 0xE8, 0xE8, 0xE8, 0xE0, 0x60, 0x60, 0x60, 0xF8, 0xFF, 0xFF, 0x3F, 0x3F, 0x03, 0x02,
    0xFC, 0xE4, 0x00, 0x53, 0xFF, 0x79, 0x41, 0x64, 0xC2, 0x7F, 0x7B, 0x10, 0x75, 0x21, 0xBE, 0x1F,
    0x44, 0x7D, 0xE6, 0xBE, 0x0F, 0x56, 0xC1, 0xF2, 0x8B, 0x09, 0x48, 0xBD, 0x67, 0xF8, 0xCA, 0x0E,
    0x54, 0xD1, 0xCF, 0xF0, 0x11, 0xA8, 0xF4, 0x82, 0x3E, 0xC3, 0x06, 0x7D, 0xA0, 0x8A, 0xF9, 0x33,
    0x7F, 0xD6, 0x33, 0x30, 0xFC, 0x02, 0x9A, 0x79, 0x9E, 0x41, 0xE0, 0x3D, 0x50, 0xD5, 0x5F, 0xA6,
    0x04, 0x90, 0xDE, 0x1F, 0xEC, 0x40, 0x15, 0x40, 0x79, 0x9E, 0xCF, 0x3C, 0x40, 0xEA, 0x81, 0x3C,
    0x00, 0xE9, 0x78, 0x23, 0xF3, 0x78, 0x9C, 0xFB, 0xF0, 0xFF, 0xFF, 0x7F, 0x86, 0x86, 0x8E, 0x8E,
    0x0E, 0x06, 0x04, 0x50, 0xB8, 0xF5, 0xDE, 0x9A, 0xE1, 0xEB, 0xFE, 0x1D, 0xFF, 0x99, 0xFF, 0xB2,
    0x30, 0x7C, 0xE1, 0x06, 0x8A, 0x7C, 0xE0, 0x55, 0xB8, 0xF9, 0xFF, 0x3F, 0xDF, 0x97, 0xF3, 0x9D,
    0x3F, 0xF8, 0xFE, 0xB0, 0x32, 0x7C, 0xE0, 0xFB, 0x0F, 0x14, 0xE3, 0xFB, 0xCB, 0xC4, 0xF0, 0x93,
    0xEF, 0xDB, 0xBA, 0x9B, 0x7F, 0xF8, 0x13, 0xFE, 0xF6, 0x6D, 0xD0, 0x05, 0x00, 0x9C, 0x3F, 0x21,
    0x3E, 0x78, 0x9C, 0x63, 0x60, 0xF8, 0xC7, 0xF0, 0x9F, 0x01, 0x08, 0x7E, 0xEE, 0x5E, 0x0F, 0xA2,
    0x26, 0xFC, 0xE3, 0x02, 0x51, 0x0C, 0xBF, 0x98, 0x41, 0xA4, 0xC0, 0x7F, 0x0E, 0x10, 0x95, 0xF0,
    0x9F, 0x0F, 0x44, 0x5D, 0x88, 0xB7, 0x07, 0x51, 0x9F, 0xB9, 0xE7, 0x83, 0x55, 0xB0, 0xBC, 0x02,
    0xA9, 0x78, 0xCF, 0xF0, 0x95, 0x05, 0xA8, 0xA2, 0x9F, 0xE1, 0x23, 0x50, 0xE3, 0x05, 0x7D, 0x86,
    0x0D, 0xFC, 0x40, 0x15, 0xF3, 0x67, 0xFE, 0x8C, 0x07, 0xAA, 0xF8, 0xFF, 0xFF, 0xFF, 0x7E, 0x90,
    0x0A, 0x06, 0x86, 0xBF, 0x8C, 0x05, 0xFD, 0x40, 0xEA, 0x07, 0x1B, 0x50, 0x05, 0xC8, 0x84, 0xCF,
    0x3C, 0x40, 0xEA, 0x81, 0x3C, 0x00, 0x32, 0x65, 0x24, 0x3B, 0x78, 0x9C, 0x3B, 0xE0, 0xEF, 0x70,
    0x9E, 0xC1, 0xE1, 0xFF, 0x7F, 0x7F, 0x06, 0x86, 0xC4, 0x74, 0x46, 0x06, 0x30, 0x50, 0x78, 0xF5,
    0xDE, 0x9A, 0xE1, 0xEB, 0xFE, 0x1D, 0xFF, 0x99, 0xFF, 0xB1, 0x30, 0x7C, 0xE5, 0x06, 0x8A, 0x7C,
    0xE4, 0x55, 0xB8, 0xF9, 0xFF, 0x3F, 0xDF, 0x97, 0x3E, 0xD3, 0xCF, 0x7C, 0x7F, 0x98, 0x19, 0x3E,
    0xF0, 0xBD, 0x67, 0x00, 0x12, 0x7F, 0x99, 0x19, 0x7E, 0xF1, 0x7D, 0x9B, 0x77, 0xF3, 0x2F, 0x7F,
    0xC0, 0xDF, 0x79, 0x0B, 0x75, 0x01, 0x59, 0x1E, 0x1F, 0xF8, 0x78, 0x9C, 0x63, 0x60, 0x60, 0xF8,
    0xC5, 0xC1, 0x00, 0x02, 0x02, 0xFF, 0xF9, 0xC0, 0x74, 0xC2, 0x7F, 0x7F, 0x30, 0x7D, 0xC1, 0x7E,
    0x3D, 0x98, 0xFE, 0xCC, 0xFD, 0x87, 0x11, 0x44, 0xFF, 0x62, 0xF9, 0xC6, 0x0E, 0x52, 0xF6, 0x9E,
    0xE1, 0x03, 0x2F, 0x48, 0x59, 0x3F, 0xC3, 0x02, 0x7B, 0x90, 0x32, 0x7D, 0x06, 0x87, 0xF9, 0x20,
    0x65, 0xF3, 0x67, 0xCE, 0xFC, 0x0F, 0x52, 0xF6, 0x1F, 0x08, 0xD8, 0x40, 0xCA, 0x18, 0x18, 0x3E,
    0xF1, 0x30, 0x14, 0xF4, 0x03, 0xE9, 0x03, 0xFA, 0x20, 0x65, 0x60, 0x3D, 0x9F, 0x79, 0xC0, 0x56,
    0x81, 0x4D, 0x66, 0xB8, 0xA4, 0x0B, 0xA1, 0xFF, 0x40, 0x28, 0x86, 0xFF, 0x9D, 0x10, 0xFA, 0xD9,
    0x7A, 0x06, 0x00, 0xFA, 0xE0, 0x24, 0xE8, 0x78, 0x9C, 0x01, 0x4B, 0x00, 0xB4, 0xFF, 0x20, 0xDA,
    0xEF, 0x3B, 0x00, 0xF5, 0xBF, 0xB8, 0xFF, 0x03, 0xFD, 0x04, 0x00, 0xF5, 0x0B, 0x00, 0x00, 0x00,
    0xF0, 0x0D, 0x20, 0xD9, 0xFF, 0xFF, 0x0E, 0xF4, 0xCF, 0x89, 0xF8, 0x0E, 0xFC, 0x05, 0x00, 0xF0,
    0x0E, 0xEF, 0x00, 0x00, 0xF2, 0x0E, 0xFD, 0x02, 0x00, 0xFC, 0x0E, 0xF6, 0x9E, 0xE9, 0xFE, 0x0F,
    0x50, 0xFD, 0x9E, 0xF2, 0x2F, 0x00, 0x00, 0x30, 0xCE, 0x01, 0x00, 0x00, 0xD0, 0x0F, 0x00, 0x00,
    0x00, 0xE0, 0x9F, 0x0A, 0x00, 0x00, 0x50, 0xFD, 0x1C, 0x3C, 0x1A, 0x20, 0x45, 0x78, 0x9C, 0x63,
    0x60, 0x60, 0xF8, 0xC3, 0xC6, 0xC0, 0xC0, 0x50, 0x50, 0x0F, 0x24, 0x18, 0x3E, 0x71, 0x30, 0xC0,
    0x40, 0xC3, 0xDF, 0xF3, 0xEC, 0x0C, 0x0A, 0xFF, 0x7A, 0x6E, 0x9E, 0x67, 0xB8, 0x10, 0xCF, 0xC0,
    0xF0, 0x93, 0xF3, 0x1B, 0x27, 0x03, 0xC3, 0x07, 0xFE, 0xDF, 0x4C, 0x0C, 0x0C, 0x13, 0x6C, 0xFF,
    0x81, 0x95, 0xBC, 0xC7, 0x20, 0x21, 0xE2, 0xBF, 0x99, 0x81, 0x6A, 0x74, 0x21, 0xEA, 0x2F, 0xF8,
    0x83, 0xF4, 0x2A, 0xFC, 0xEB, 0x06, 0x9A, 0xC3, 0xD0, 0xF8, 0xF7, 0x1C, 0x1B, 0x03, 0x00, 0x41,
    0x70, 0x1E, 0xD0, 0x78, 0x9C, 0x63, 0x60, 0xF8, 0x28, 0xC7, 0xC0, 0xC0, 0xF0, 0x86, 0x89, 0x81,
    0xC1, 0x41, 0x9B, 0x01, 0x0A, 0xAE, 0xBF, 0xD7, 0x62, 0xD8, 0x70, 0x7F, 0xC5, 0x7F, 0xA6, 0x6F,
    0xDC, 0x0C, 0x5F, 0xB8, 0xFF, 0x30, 0x31, 0x6C, 0xE0, 0xF9, 0x0F, 0x12, 0x7F, 0x0F, 0x22, 0xC0,
    0x2C, 0xA0, 0x58, 0x01, 0x07, 0x50, 0xF6, 0x33, 0x37, 0x50, 0xDD, 0x7B, 0x26, 0xA0, 0x0E, 0x29,
    0x06, 0x00, 0xF3, 0x87, 0x16, 0xB5, 0x78, 0x9C, 0x63, 0x60, 0xF8, 0xC6, 0xC9, 0xC0, 0xC0, 0xE0,
    0xD0, 0x5F, 0x0F, 0x24, 0x3F, 0x71, 0x7C, 0x61, 0x61, 0x80, 0x82, 0x86, 0xBF, 0xE7, 0xD9, 0x19,
    0x14, 0xFE, 0xF5, 0xDC, 0x3C, 0xCF, 0x70, 0x21, 0x9E, 0x81, 0xE1, 0x27, 0x27, 0x48, 0xDD, 0x07,
    0xFE, 0xDF, 0x4C, 0x0C, 0x0C, 0x13, 0x6C, 0xFF, 0x81, 0x95, 0xBC, 0xC7, 0x20, 0x21, 0xE2, 0xBF,
    0x99, 0x81, 0x6A, 0x74, 0x21, 0xEA, 0x2F, 0xF8, 0x83, 0xF4, 0x2A, 0xFC, 0xEB, 0x06, 0x9A, 0xC3,
    0xD0, 0xF8, 0xF7, 0x1C, 0x1B, 0x03, 0x00, 0xC9, 0x93, 0x20, 0x24, 0x78, 0x9C, 0x63, 0x58, 0x90,
    0xCF, 0xC0, 0xC0, 0x70, 0xEB, 0x2B, 0x2B, 0x83, 0x81, 0x84, 0x81, 0x04, 0x03, 0x04, 0x5C, 0x7F,
    0xAF, 0xC5, 0xB0, 0xE1, 0xFE, 0x8A, 0xFF, 0x4C, 0xDF, 0xB8, 0x19, 0xBE, 0x70, 0xFF, 0x61, 0x62,
    0xD8, 0xC0, 0xF3, 0x1F, 0x24, 0xFE, 0x1E, 0x44, 0x80, 0x59, 0x40, 0xB1, 0x02, 0x0E, 0xA0, 0xEC,
    0x67, 0x6E, 0xA0, 0xBA, 0xF7, 0x4C, 0x40, 0x1D, 0x52, 0x0C, 0x00, 0x3B, 0x7E, 0x17, 0xC0, 0x78,
    0x9C, 0x63, 0x60, 0x38, 0xC0, 0xC5, 0x00, 0x04, 0x01, 0x2C, 0x0C, 0x30, 0x50, 0xF0, 0xE7, 0x3E,
    0x3B, 0x83, 0xC2, 0xDF, 0x9E, 0x93, 0xF7, 0x19, 0x2F, 0xE4, 0x33, 0x30, 0x7C, 0xE7, 0xFE, 0xC6,
    0xC9, 0xC0, 0x70, 0x41, 0xFF, 0x37, 0x33, 0x50, 0xCA, 0xF7, 0x1F, 0x58, 0xC9, 0x7B, 0x0C, 0x12,
    0x22, 0x0E, 0x51, 0x03, 0x51, 0x7F, 0x21, 0x1E, 0xA4, 0x57, 0xE1, 0x5F, 0x37, 0xD0, 0x1C, 0x86,
    0x86, 0xBF, 0xE7, 0xD9, 0x19, 0x00, 0x83, 0x0A, 0x1D, 0x15, 0x78, 0x9C, 0x63, 0x38, 0xC0, 0xC5,
    0xC0, 0xC0, 0x10, 0xC0, 0xC2, 0x80, 0x0C, 0xAE, 0xBF, 0xD7, 0x62, 0xD8, 0x70, 0x7E, 0xC7, 0x7F,
    0xA6, 0x6F, 0x5C, 0x0C, 0x3F, 0xB8, 0xFF, 0x30, 0x31, 0x5C, 0xE4, 0xF9, 0x0F, 0x12, 0x7F, 0x0F,
    0x22, 0xC0, 0x2C, 0xA0, 0xD8, 0x04, 0x0E, 0xA0, 0xEC, 0x77, 0x6E, 0xA0, 0xBA, 0xF7, 0x4C, 0x40,
    0x1D, 0x52, 0x0C, 0x00, 0xA4, 0xF0, 0x15, 0xB2, 0x78, 0x9C, 0x63, 0x78, 0xC4, 0xF1, 0x85, 0x8D,
    0x81, 0xC1, 0xA1, 0xBF, 0x9F, 0x01, 0x08, 0xBE, 0x71, 0x31, 0xC0, 0x40, 0xC3, 0xDF, 0xF3, 0xEC,
    0x0C, 0x0A, 0xFF, 0x7A, 0x6E, 0x9E, 0x67, 0xB8, 0x10, 0xCF, 0xC0, 0xF0, 0x93, 0xF3, 0x1B, 0x27,
    0x03, 0xC3, 0x07, 0xFE, 0xDF, 0x4C, 0x0C, 0x0C, 0x13, 0x6C, 0xFF, 0x81, 0x95, 0xBC, 0xC7, 0x20,
    0x21, 0xE2, 0xBF, 0x99, 0x81, 0x6A, 0x74, 0x21, 0xEA, 0x2F, 0xF8, 0x83, 0xF4, 0x2A, 0xFC, 0xEB,
    0x06, 0x9A, 0xC3, 0xD0, 0xF8, 0xF7, 0x1C, 0x1B, 0x03, 0x00, 0xD5, 0xB6, 0x20, 0x27, 0x78, 0x9C,
    0x33, 0x88, 0x9F, 0xA0, 0xC7, 0xC0, 0xF0, 0xE5, 0x35, 0x13, 0x03, 0x83, 0x83, 0x26, 0x03, 0x14,
    0x5C, 0x7F, 0xAF, 0xC5, 0xB0, 0xE1, 0xFE, 0x8A, 0xF7, 0x4C, 0xDF, 0xB8, 0x19, 0xBE, 0x72, 0xFD,
    0x61, 0x62, 0xB8, 0xC0, 0xF7, 0x1F, 0x24, 0xFE, 0x1E, 0x44, 0x80, 0x59, 0x40, 0xB1, 0x04, 0x76,
    0xA0, 0xEC, 0x67, 0x1E, 0xA0, 0xBA, 0xFF, 0xCC, 0x60, 0x1D, 0x00, 0x48, 0x6F, 0x18, 0x07, 0x78,
    0x9C, 0x33, 0x60, 0x17, 0x08, 0x67, 0x60, 0x60, 0xD8, 0x73, 0x40, 0x16, 0x48, 0x3E, 0x7C, 0xC7,
    0x04, 0x24, 0x15, 0x34, 0x80, 0xC4, 0xFF, 0xFF, 0xEF, 0xAD, 0x80, 0x64, 0xC7, 0x8A, 0xFF, 0x1C,
    0x0C, 0xEF, 0x19, 0x18, 0x36, 0xD6, 0x83, 0x48, 0x86, 0xBF, 0x8C, 0x20, 0xF2, 0x1B, 0x3B, 0x88,
    0xFC, 0xC4, 0x0D, 0x22, 0x3F, 0xF0, 0xA2, 0x93, 0x10, 0xF1, 0xEF, 0x60, 0x35, 0xFF, 0x40, 0xEA,
    0x0F, 0xF6, 0x03, 0xCD, 0xD9, 0x09, 0x34, 0xE7, 0xFF, 0xFF, 0xFB, 0x96, 0x0C, 0x0C, 0x00, 0xF3,
    0x95, 0x26, 0xB9, 0x78, 0x9C, 0x63, 0x60, 0x60, 0x78, 0xC0, 0xFF, 0x81, 0x97, 0x01, 0x44, 0x7D,
    0xE2, 0x06, 0x53, 0xBF, 0x58, 0xC1, 0x54, 0x09, 0x83, 0xC0, 0xCB, 0xF3, 0x4F, 0xF8, 0x19, 0x18,
    0x0E, 0x9C, 0x5F, 0xF1, 0x1F, 0x48, 0x7D, 0xE3, 0x66, 0xF8, 0x02, 0xA4, 0xFE, 0x30, 0x33, 0x7C,
    0x00, 0x52, 0xFF, 0x19, 0xC0, 0xD4, 0x7B, 0x08, 0xF5, 0x0F, 0x42, 0xFD, 0x61, 0x02, 0x53, 0x50,
    0x95, 0x50, 0x7D, 0x0C, 0x2F, 0xCF, 0x1F, 0x01, 0x52, 0x00, 0xA3, 0x17, 0x20, 0xE6, 0x78, 0x9C,
    0x63, 0xF8, 0xFF, 0xFF, 0xBD, 0x15, 0x03, 0x03, 0xC3, 0xFF, 0x8E, 0x15, 0xFF, 0x39, 0x18, 0x18,
    0xDE, 0x33, 0x30, 0x2C, 0xEC, 0x07, 0x53, 0x0C, 0x7F, 0x19, 0xC1, 0xD4, 0x37, 0x76, 0x30, 0xF5,
    0x89, 0x1B, 0x4C, 0x7D, 0xE0, 0xFD, 0xF1, 0xFF, 0x3F, 0x1F, 0x90, 0x6A, 0xF9, 0xDF, 0xC1, 0x0E,
    0xA4, 0x90, 0xE5, 0xBE, 0x43, 0x54, 0xFE, 0x03, 0xEB, 0x3B, 0xD8, 0x0F, 0x32, 0x73, 0x07, 0xC8,
    0xCC, 0xFF, 0xFF, 0xEF, 0x5B, 0x32, 0x30, 0x00, 0x00, 0xCC, 0x55, 0x25, 0xA0, 0x78, 0x9C, 0x63,
    0x60, 0x60, 0x78, 0xC0, 0xCF, 0xC0, 0xC0, 0xF0, 0xFD, 0xFF, 0x7F, 0x20, 0xD5, 0xFC, 0xA3, 0x9F,
    0x83, 0x01, 0x2C, 0x22, 0xF0, 0xF2, 0xFC, 0x13, 0x7E, 0x86, 0x03, 0xE7, 0x57, 0x00, 0x85, 0xBF,
    0x71, 0x33, 0x7C, 0xE1, 0x67, 0xF8, 0xC3, 0xCC, 0xF0, 0x81, 0x9F, 0xE1, 0x3F, 0x03, 0x88, 0x7C,
    0x0F, 0x26, 0xFF, 0x81, 0xC9, 0x3F, 0x4C, 0x20, 0x12, 0xA2, 0x06, 0xA2, 0x9E, 0xE1, 0xE5, 0xF9,
    0x23, 0xFC, 0x0C, 0x00, 0x9A, 0xE0, 0x20, 0xB1, 0x78, 0x9C, 0xFB, 0xF0, 0xFF, 0xFF, 0x7F, 0x86,
    0x86, 0x8E, 0x8E, 0x0E, 0x06, 0x30, 0x00, 0xF2, 0xFE, 0xF7, 0xFF, 0x07, 0x72, 0x3D, 0xDE, 0x83,
    0xB8, 0x68, 0x04, 0x48, 0x82, 0x05, 0xA4, 0x84, 0x03, 0x9B, 0x2C, 0x5C, 0x89, 0x07, 0xD8, 0x14,
    0x00, 0x9A, 0xDA, 0x23, 0xE0, 0x78, 0x9C, 0xFB, 0xF0, 0xFF, 0xFF, 0x7F, 0x86, 0x82, 0x8E, 0x8E,
    0x0E, 0x06, 0x24, 0x70, 0xED, 0xBD, 0x24, 0xC3, 0x84, 0xFB, 0x2B, 0xEE, 0x33, 0x7C, 0xE5, 0x66,
    0xF8, 0xC6, 0xF1, 0x9B, 0x99, 0xE1, 0x03, 0xCF, 0xBF, 0x8E, 0x8E, 0x1F, 0xFC, 0x40, 0xB5, 0xFF,
    0xF9, 0xFF, 0x83, 0x54, 0xFC, 0x61, 0x06, 0x12, 0xDF, 0x64, 0x18, 0x26, 0xB0, 0x6E, 0x78, 0x3F,
    0xF3, 0x2F, 0x2B, 0xC3, 0xB5, 0xFF, 0xD6, 0x0C, 0x00, 0x81, 0x68, 0x1E, 0xD1, 0x78, 0x9C, 0x3B,
    0xE0, 0xEF, 0x70, 0x9E, 0xC1, 0xE1, 0xFF, 0x7F, 0x7F, 0x06, 0x86, 0xC4, 0x74, 0x46, 0x86, 0xFF,
    0x40, 0xD0, 0xFF, 0xBF, 0xA3, 0xA3, 0xC3, 0xE3, 0x3D, 0x03, 0x10, 0xA0, 0x11, 0x20, 0x09, 0x16,
    0x90, 0x12, 0x0E, 0x6C, 0xB2, 0x70, 0x25, 0x1E, 0x60, 0x53, 0x00, 0x5E, 0x8F, 0x23, 0x4F, 0x78,
    0x9C, 0x63, 0xF8, 0xA7, 0xF4, 0x9E, 0x81, 0xE1, 0xDB, 0xFF, 0x7A, 0x06, 0x06, 0x83, 0x72, 0x66,
    0x06, 0x08, 0xB8, 0xF6, 0x5E, 0x92, 0x61, 0xC2, 0xFD, 0x15, 0xF7, 0x19, 0xBE, 0xF2, 0x30, 0x7C,
    0xE3, 0xF8, 0xCD, 0xCA, 0xF0, 0x81, 0xE7, 0x5F, 0x67, 0xC7, 0x0F, 0xFE, 0xFF, 0x40, 0xC0, 0xFF,
    0x9F, 0x11, 0xA8, 0xE2, 0x0F, 0x2B, 0x90, 0xF8, 0xA6, 0xC7, 0x10, 0xC0, 0xB1, 0xE0, 0x7F, 0xE7,
    0x6F, 0x36, 0x86, 0x63, 0xFF, 0xAD, 0x19, 0x00, 0x3B, 0xB2, 0x1D, 0xC4, 0x78, 0x9C, 0x63, 0x60,
    0x08, 0x61, 0x00, 0x82, 0x53, 0x0C, 0x10, 0xF0, 0x1F, 0x08, 0xFA, 0xFF, 0x77, 0x74, 0x74, 0x78,
    0xBC, 0x07, 0x71, 0xD1, 0x08, 0x90, 0x04, 0x0B, 0x48, 0x09, 0x07, 0x36, 0x59, 0xB8, 0x12, 0x0F,
    0xB0, 0x29, 0x00, 0xEE, 0xFA, 0x1E, 0xF9, 0x78, 0x9C, 0x63, 0x60, 0x58, 0xC3, 0x00, 0x04, 0xAE,
    0x0C, 0xC8, 0xE0, 0xDA, 0x7B, 0x49, 0x86, 0x09, 0xF7, 0x57, 0xDC, 0x67, 0xF8, 0xCA, 0xCD, 0xF0,
    0x8D, 0xE3, 0x37, 0x33, 0xC3, 0x07, 0x9E, 0x7F, 0x1D, 0x1D, 0x3F, 0xF8, 0xFF, 0x03, 0x01, 0xFF,
    0x7F, 0x90, 0x8A, 0x3F, 0xCC, 0x40, 0xE2, 0x1B, 0x0F, 0xC3, 0x02, 0xD6, 0x0D, 0xEF, 0x67, 0xFE,
    0x65, 0x65, 0xB8, 0xF6, 0xDF, 0x9A, 0x01, 0x00, 0x19, 0x24, 0x19, 0xCD, 0x78, 0x9C, 0xFB, 0xFF,
    0xFF, 0xFF, 0xFF, 0xFE, 0xFF, 0x1D, 0x1D, 0x1D, 0x1E, 0xEF, 0x19, 0x80, 0x00, 0x8D, 0x00, 0x49,
    0xB0, 0x00, 0x55, 0xFC, 0xE7, 0xC0, 0x26, 0x0B, 0x57, 0xE2, 0x01, 0x52, 0xD2, 0xCF, 0xC0, 0x20,
    0x70, 0x87, 0x99, 0x81, 0x61, 0x81, 0x3E, 0x50, 0xF4, 0xC2, 0x7A, 0x4E, 0x06, 0x06, 0x87, 0xBF,
    0xDC, 0x00, 0x0E, 0x5A, 0x22, 0x69, 0x78, 0x9C, 0x63, 0xB8, 0xF6, 0x5E, 0x92, 0x61, 0xC2, 0xFD,
    0x15, 0xF7, 0x19, 0xBE, 0x72, 0x33, 0x7C, 0xE3, 0xF8, 0xCD, 0xCC, 0xF0, 0x81, 0xE7, 0x5F, 0x47,
    0xC7, 0x0F, 0xFE, 0xFF, 0x40, 0xC0, 0xFF, 0x9F, 0x01, 0x08, 0xFE, 0x30, 0x03, 0x89, 0x6F, 0x3C,
    0x0C, 0x0B, 0x58, 0x37, 0xBC, 0x9F, 0xF9, 0x97, 0x95, 0xE1, 0xDA, 0x7F, 0x7B, 0xA0, 0xC0, 0x77,
    0x56, 0x20, 0xF1, 0x0F, 0x24, 0xFF, 0x4F, 0x12, 0x24, 0x2F, 0xCB, 0x00, 0x00, 0xF1, 0x9B, 0x1D,
    0x04, 0x78, 0x9C, 0x33, 0x10, 0x67, 0x08, 0x67, 0x60, 0x38, 0xBD, 0x51, 0x8F, 0x81, 0xE1, 0xE2,
    0x3B, 0x26, 0x06, 0x06, 0x01, 0x0B, 0x06, 0x86, 0xFF, 0x40, 0xD0, 0xFF, 0xBF, 0xA3, 0xA3, 0xC3,
    0xE3, 0x3D, 0x03, 0x10, 0xA0, 0x11, 0x20, 0x09, 0x16, 0x90, 0x12, 0x0E, 0x6C, 0xB2, 0x70, 0x25,
    0x1E, 0x60, 0x53, 0x00, 0x05, 0xB4, 0x22, 0x2C, 0x78, 0x9C, 0x13, 0x98, 0x9B, 0xE0, 0xCF, 0xC0,
    0x70, 0xF1, 0x37, 0x0B, 0x03, 0x83, 0x82, 0x27, 0x03, 0x14, 0x5C, 0x7B, 0x2F, 0xC9, 0x30, 0xE1,
    0xFE, 0x8A, 0xFB, 0x0C, 0x5F, 0xB9, 0x19, 0xBE, 0x71, 0xFC, 0x66, 0x66, 0xF8, 0xC0, 0xF3, 0xAF,
    0xA3, 0xE3, 0x07, 0xFF, 0x7F, 0x20, 0xE0, 0xFF, 0x0F, 0x52, 0xF1, 0x87, 0x19, 0x48, 0x7C, 0xE3,
    0x61, 0x58, 0xC0, 0xBA, 0xE1, 0xFD, 0xCC, 0xBF, 0xAC, 0x0C, 0xD7, 0xFE, 0x5B, 0x33, 0x00, 0x00,
    0xCF, 0x72, 0x1C, 0x71, 0x78, 0x9C, 0x63, 0x60, 0xF8, 0xC9, 0xCA, 0xC0, 0xC0, 0x90, 0xD0, 0x6F,
    0x0F, 0x24, 0xBF, 0xB0, 0xBE, 0x64, 0x64, 0x80, 0x82, 0x89, 0x7F, 0xCF, 0xB1, 0x31, 0x18, 0xFC,
    0xEF, 0x7E, 0xB9, 0x9E, 0xE1, 0x81, 0x3F, 0x03, 0xC3, 0x6F, 0xB6, 0x6F, 0x1C, 0x0C, 0x0C, 0x9F,
    0x79, 0x7E, 0x33, 0x01, 0x15, 0xB3, 0xFD, 0x03, 0x2B, 0x79, 0x0F, 0x25, 0x05, 0x3A, 0x3A, 0x38,
    0xDE, 0x03, 0xD5, 0xFE, 0xE7, 0x07, 0x89, 0x3F, 0xE0, 0xFF, 0xC5, 0x0C, 0x22, 0xBF, 0x72, 0x81,
    0xC8, 0x03, 0xF5, 0x0C, 0x0C, 0x9F, 0xF8, 0x05, 0xFE, 0xCE, 0x59, 0xF1, 0x9F, 0x9D, 0xA1, 0xE0,
    0xCF, 0x7D, 0x2B, 0x06, 0x00, 0x50, 0x7B, 0x24, 0x67, 0x78, 0x9C, 0x63, 0x68, 0xE8, 0x67, 0x60,
    0x60, 0x78, 0x71, 0x85, 0x83, 0x41, 0x40, 0x5D, 0x40, 0x9C, 0x01, 0x0C, 0x04, 0x5E, 0x9E, 0xDF,
    0xC2, 0x7F, 0xE1, 0xFC, 0x8E, 0xFF, 0xFC, 0xDF, 0xB8, 0x19, 0xBE, 0xF0, 0xFF, 0x61, 0x66, 0xF8,
    0xC0, 0xFF, 0x9F, 0x01, 0x48, 0xBC, 0x07, 0x11, 0xFF, 0x40, 0xC4, 0x1F, 0x26, 0x20, 0xF1, 0x8D,
    0x0B, 0x28, 0x7B, 0xE0, 0xFC, 0x8A, 0xFF, 0xFC, 0x0C, 0x2F, 0xCF, 0x3F, 0xE1, 0x07, 0xEA, 0xFC,
    0xC0, 0xB7, 0x80, 0x89, 0xE1, 0x3B, 0xE7, 0xA3, 0xF5, 0x3B, 0xDE, 0x33, 0x0A, 0xDC, 0x78, 0x2F,
    0xC9, 0x00, 0x00, 0x45, 0x52, 0x24, 0xC6, 0x78, 0x9C, 0x63, 0x68, 0x63, 0x68, 0x60, 0x63, 0x60,
    0xF8, 0xC5, 0xF6, 0x8D, 0x8B, 0x81, 0xE1, 0xD1, 0xFF, 0xF7, 0x4C, 0x0C, 0x0C, 0x0C, 0xA5, 0x62,
    0x40, 0x62, 0xE2, 0xDF, 0x73, 0x6C, 0x0C, 0x06, 0xFF, 0xBB, 0x5F, 0xAE, 0x67, 0x78, 0xE0, 0xCF,
    0xC0, 0xF0, 0x9B, 0xED, 0x1B, 0x07, 0x03, 0xC3, 0x67, 0x9E, 0xDF, 0x40, 0x05, 0x01, 0xAC, 0xFF,
    0x18, 0x40, 0xE0, 0x3D, 0x8C, 0xEC, 0xE8, 0xE0, 0x00, 0x92, 0xFF, 0xFF, 0xF3, 0x83, 0xC4, 0x1F,
    0xF0, 0xFF, 0x62, 0x06, 0x91, 0x5F, 0xB9, 0x40, 0xE4, 0x81, 0x7A, 0x06, 0x86, 0x4F, 0xFC, 0x02,
    0x7F, 0xE7, 0xAC, 0xF8, 0xCF, 0xCE, 0x50, 0xF0, 0xE7, 0xBE, 0x15, 0x03, 0x00, 0x2F, 0x25, 0x26,
    0x70, 0x78, 0x9C, 0x3B, 0xE0, 0xEF, 0x70, 0x9E, 0xC1, 0xE1, 0xFF, 0x7F, 0x7F, 0x06, 0x86, 0xC4,
    0x74, 0x46, 0x06, 0x30, 0x10, 0x78, 0x79, 0xBE, 0x85, 0xFF, 0xC2, 0xF9, 0x1D, 0xFF, 0xF9, 0xBF,
    0x71, 0x33, 0x7C, 0xE1, 0xFF, 0xC3, 0xCC, 0xF0, 0x81, 0xFF, 0x3F, 0x03, 0x90, 0x78, 0x0F, 0x22,
    0xFE, 0x81, 0x88, 0x3F, 0x4C, 0x40, 0xE2, 0x1B, 0x17, 0x50, 0xF6, 0xC0, 0xF9, 0x15, 0xFF, 0xF9,
    0x19, 0x5E, 0x9E, 0x7F, 0xC2, 0x0F, 0xD4, 0xF9, 0x81, 0xAF, 0x99, 0x81, 0xE1, 0x07, 0xE7, 0x97,
    0xB9, 0x27, 0xDE, 0x33, 0x2A, 0xBC, 0x7C, 0x2F, 0xC9, 0x00, 0x00, 0x02, 0x80, 0x26, 0xEC, 0x78,
    0x9C, 0x63, 0x60, 0x58, 0xC0, 0xC3, 0x00, 0x04, 0x0E, 0xAC, 0x0C, 0x30, 0x30, 0xF1, 0xEF, 0x39,
    0x36, 0x06, 0x83, 0xFF, 0xDD, 0x2F, 0xD7, 0x33, 0x3C, 0xF0, 0x67, 0x60, 0xF8, 0xCD, 0xF6, 0x8D,
    0x83, 0x81, 0xE1, 0x33, 0xCF, 0x6F, 0x26, 0x06, 0x86, 0x04, 0xB6, 0x7F, 0x60, 0x25, 0xEF, 0x61,
    0x64, 0x4B, 0x07, 0x07, 0x90, 0xFC, 0xF9, 0x9F, 0x1F, 0x24, 0xFE, 0x80, 0xFF, 0x17, 0x33, 0x88,
    0xFC, 0xCA, 0x05, 0x22, 0x0F, 0xD4, 0x33, 0x30, 0x7C, 0xE2, 0x17, 0xF8, 0x3B, 0x67, 0xC5, 0x7F,
    0x76, 0x86, 0x82, 0x3F, 0xF7, 0xAD, 0x18, 0x00, 0xFD, 0x77, 0x20, 0xFF, 0x78, 0x9C, 0x63, 0x60,
    0x58, 0xC3, 0x00, 0x04, 0xAE, 0x0C, 0x48, 0x40, 0xE0, 0xE5, 0xF9, 0x2D, 0xFC, 0x17, 0xCE, 0xEF,
    0xF8, 0xCF, 0xFF, 0x8D, 0x9B, 0xE1, 0x0B, 0xFF, 0x1F, 0x66, 0x86, 0x0F, 0xFC, 0xFF, 0x19, 0x80,
    0xC4, 0x7B, 0x10, 0xF1, 0x0F, 0x44, 0xFC, 0x61, 0x02, 0x12, 0xDF, 0xB8, 0x80, 0xB2, 0x07, 0xCE,
    0xAF, 0xF8, 0xCF, 0xCF, 0xF0, 0xF2, 0xFC, 0x13, 0x7E, 0xA0, 0xCE, 0x0F, 0x7C, 0x0B, 0x98, 0x18,
    0xBE, 0x73, 0x3E, 0x5A, 0xBF, 0xE3, 0x3D, 0xA3, 0xC0, 0x8D, 0xF7, 0x92, 0x0C, 0x00, 0x7D, 0x9A,
    0x22, 0x86, 0x78, 0x9C, 0x63, 0x98, 0xF8, 0xF7, 0x1C, 0x1B, 0x83, 0xC1, 0xFF, 0xEE, 0x97, 0xEB,
    0x19, 0x1E, 0xF8, 0x33, 0x30, 0xFC, 0x66, 0xFB, 0xC6, 0xC1, 0xC0, 0xF0, 0x99, 0xE7, 0x37, 0x13,
    0x03, 0x43, 0x02, 0xDB, 0x3F, 0x06, 0x10, 0x78, 0x0F, 0x23, 0x3B, 0x3A, 0x38, 0xDE, 0x33, 0x08,
    0xFC, 0xFF, 0xCF, 0x0F, 0x12, 0x7F, 0xC0, 0xFF, 0x8B, 0x19, 0x44, 0x7E, 0xE5, 0x02, 0x91, 0x07,
    0xEA, 0x19, 0x18, 0x3E, 0xF1, 0x0B, 0xFC, 0x9D, 0xB3, 0xE2, 0x3F, 0x3B, 0x43, 0xC1, 0x9F, 0xFB,
    0x56, 0x0C, 0x30, 0xF0, 0x80, 0x1F, 0x44, 0x7E, 0xE0, 0x03, 0x91, 0x9F, 0x39, 0x41, 0xE4, 0x11,
    0x46, 0x98, 0x1C, 0x00, 0x6C, 0x96, 0x23, 0xD6, 0x78, 0x9C, 0x63, 0x60, 0x10, 0x60, 0x00, 0x82,
    0xCF, 0x4C, 0x40, 0xE2, 0x37, 0x88, 0xF5, 0x1E, 0x4E, 0xC0, 0x80, 0xC0, 0xCB, 0xF3, 0x5B, 0xF8,
    0x2F, 0x9C, 0xDF, 0xF1, 0x9F, 0xFF, 0x1B, 0x37, 0xC3, 0x17, 0xFE, 0x3F, 0xCC, 0x0C, 0x1F, 0xF8,
    0xFF, 0x33, 0x00, 0x89, 0xF7, 0x20, 0xE2, 0x1F, 0x88, 0xF8, 0xC3, 0x04, 0x24, 0xBE, 0x71, 0x01,
    0x65, 0x0F, 0x9C, 0x5F, 0xF1, 0x9F, 0x9F, 0xE1, 0xE5, 0xF9, 0x27, 0xFC, 0x40, 0x9D, 0x1F, 0xF8,
    0x16, 0x30, 0x31, 0x7C, 0xE7, 0x7C, 0xB4, 0x7E, 0xC7, 0x7B, 0x46, 0x81, 0x1B, 0xEF, 0x25, 0x19,
    0x00, 0x99, 0xE6, 0x25, 0x73, 0x78, 0x9C, 0x63, 0x60, 0x28, 0x66, 0x64, 0x60, 0x60, 0x70, 0x38,
    0x2F, 0x03, 0x24, 0xBF, 0xB0, 0x9E, 0x62, 0x80, 0x82, 0xF7, 0x40, 0xFC, 0x80, 0x9F, 0x18, 0xF2,
    0x3F, 0x08, 0xF0, 0xFF, 0x9F, 0x39, 0x73, 0xE6, 0x4F, 0xA2, 0xD4, 0x03, 0x00, 0x47, 0x35, 0x24,
    0x85, 0x78, 0x9C, 0x63, 0x28, 0x64, 0x61, 0x60, 0x10, 0x38, 0x9B, 0xCF, 0xC0, 0x70, 0x91, 0xEB,
    0x0B, 0x3B, 0x03, 0x18, 0xBC, 0xC7, 0x46, 0x2C, 0xFA, 0x97, 0xC3, 0xF0, 0xFF, 0xDC, 0x8A, 0xFF,
    0x2C, 0xFF, 0xD9, 0x19, 0xBE, 0x72, 0xFF, 0x67, 0x60, 0xF8, 0xC0, 0x0B, 0x22, 0xF8, 0xDE, 0xE3,
    0x25, 0x00, 0x1B, 0xFE, 0x1F, 0x54, 0x78, 0x9C, 0x63, 0x78, 0xCF, 0xC0, 0xC0, 0xF0, 0x80, 0x9F,
    0x81, 0x01, 0x4A, 0x2B, 0xFC, 0x57, 0x52, 0x52, 0xFA, 0xA4, 0xCF, 0xF0, 0xF5, 0x3F, 0x18, 0xB0,
    0x06, 0xFE, 0x0F, 0x0D, 0x0D, 0xFD, 0x1A, 0xCF, 0x08, 0x93, 0x67, 0xF8, 0xDF, 0xD1, 0xD1, 0xF1,
    0x03, 0x44, 0x83, 0x00, 0x42, 0x1F, 0xA9, 0x34, 0x00, 0xA5, 0x27, 0x28, 0x93, 0x78, 0x9C, 0x63,
    0x78, 0xCF, 0x00, 0x04, 0x3F, 0xFE, 0xFF, 0xE7, 0x63, 0x60, 0x68, 0xF9, 0xDF, 0xC1, 0x0E, 0xE4,
    0x80, 0x45, 0x18, 0xDE, 0x2F, 0xFC, 0x97, 0xC3, 0xC0, 0xF0, 0xFF, 0xDC, 0x8A, 0xFF, 0xAC, 0x0C,
    0xFF, 0x39, 0x18, 0xBE, 0x72, 0x33, 0xFC, 0x67, 0x60, 0xF8, 0xC0, 0x0B, 0x26, 0xF9, 0xA0, 0xE4,
    0x7B, 0x7C, 0x24, 0x00, 0x9D, 0x08, 0x1F, 0x06, 0x78, 0x9C, 0x63, 0x60, 0x60, 0x60, 0x5C, 0x70,
    0x7F, 0x66, 0xFE, 0xB7, 0x95, 0xFF, 0x38, 0x19, 0x40, 0xE0, 0x03, 0x1F, 0xD9, 0x18, 0x00, 0x31,
    0x40, 0x14, 0x11, 0x78, 0x9C, 0x63, 0x60, 0x60, 0x60, 0x6C, 0xD8, 0x2F, 0x9C, 0xF7, 0xE5, 0xE4,
    0x7F, 0xB9, 0x64, 0x86, 0x12, 0x26, 0x06, 0x10, 0xF8, 0xC0, 0x47, 0x34, 0x06, 0x00, 0x29, 0x8D,
    0x10, 0x5F, 0x78, 0x9C, 0xFB, 0xFF, 0xFF, 0x3F, 0x7F, 0x47, 0x47, 0x07, 0x07, 0x03, 0x08, 0xFC,
    0x23, 0x1F, 0x03, 0x00, 0x12, 0xD9, 0x13, 0x8F, 0x78, 0x9C, 0xFB, 0xFF, 0xFF, 0x3F, 0x7F, 0x47,
    0x47, 0x07, 0x07, 0x03, 0x0C, 0xFC, 0x23, 0x1E, 0x03, 0x00, 0x08, 0x56, 0x0F, 0x97, 0x78, 0x9C,
    0xFB, 0xA7, 0xF4, 0xFE, 0xDB, 0xFF, 0x7A, 0x83, 0x72, 0x66, 0x86, 0x7F, 0x0C, 0xC4, 0x23, 0x00,
    0x5E, 0x4E, 0x14, 0x10, 0x78, 0x9C, 0xFB, 0xC7, 0xF0, 0xFF, 0xE7, 0xEE, 0xF5, 0x13, 0xFE, 0x71,
    0x31, 0x00, 0xC1, 0x3F, 0x02, 0x08, 0x00, 0xB0, 0x7C, 0x10, 0xE3, 0x78, 0x9C, 0x63, 0x78, 0xCF,
    0x80, 0x1B, 0xFE, 0x7F, 0x24, 0xF3, 0x97, 0xE9, 0x5F, 0xD5, 0xD3, 0xF9, 0x00, 0x58, 0x77, 0x13,
    0x0B, 0x78, 0x9C, 0x63, 0x58, 0xC3, 0xE0, 0xCA, 0x00, 0x02, 0xEF, 0xB1, 0xC0, 0xFF, 0x97, 0x74,
    0xFE, 0x30, 0xFC, 0xEF, 0x7C, 0xB6, 0x1E, 0x00, 0xFB, 0xDE, 0x10, 0x5E, 0x78, 0x9C, 0x73, 0x5D,
    0xC3, 0xF0, 0x1E, 0x15, 0x00, 0x00, 0x80, 0x60, 0x0E, 0xF3, 0x78, 0x9C, 0x7B, 0xFF, 0x1E, 0x0E,
    0x00, 0x3D, 0xA9, 0x0A, 0x46, 0x78, 0x9C, 0x7B, 0xCF, 0x00, 0x02, 0xEF, 0xDF, 0x53, 0x4A, 0x19,
    0x03, 0xA9, 0xFB, 0xEF, 0x19, 0xFE, 0x30, 0x32, 0x28, 0x9C, 0x7F, 0xCF, 0xF0, 0x83, 0x93, 0x61,
    0x41, 0xFE, 0x7B, 0x86, 0x8B, 0xE7, 0x67, 0xFC, 0xE5, 0x01, 0x2A, 0xB9, 0xF1, 0xBF, 0x86, 0x01,
    0x00, 0x22, 0x1F, 0x21, 0xFA, 0x78, 0x9C, 0x5B, 0xC3, 0x70, 0x80, 0xCB, 0x95, 0x21, 0x80, 0x85,
    0x01, 0x0A, 0xDE, 0x33, 0x7C, 0xE0, 0x23, 0x16, 0x33, 0x30, 0x7C, 0xE0, 0x65, 0x60, 0xF8, 0xC8,
    0xCB, 0xD0, 0xF8, 0x87, 0x83, 0xE1, 0xD3, 0x7A, 0x06, 0x00, 0xF6, 0x9C, 0x1C, 0x60, 0x78, 0x9C,
    0x63, 0x60, 0x60, 0x28, 0x60, 0x61, 0x00, 0x82, 0xDB, 0xF1, 0x40, 0x62, 0x83, 0xCC, 0x67, 0x56,
    0x06, 0x18, 0x78, 0xC0, 0x4F, 0x26, 0x69, 0x0C, 0x26, 0xFF, 0x31, 0x30, 0x7C, 0xE0, 0x63, 0xF8,
    0xC5, 0xCA, 0xF0, 0x9D, 0x93, 0xE1, 0xD3, 0xFA, 0x1D, 0xEF, 0x19, 0x19, 0x14, 0x5E, 0xBD, 0x97,
    0x64, 0x60, 0x00, 0x00, 0x29, 0xDF, 0x17, 0x41, 0x78, 0x9C, 0x63, 0x78, 0x24, 0xCB, 0xA0, 0x30,
    0xEF, 0x16, 0xE3, 0x04, 0x8E, 0x09, 0xEC, 0x0C, 0x20, 0xF0, 0x81, 0x8F, 0x04, 0xCC, 0xCB, 0xC0,
    0xF0, 0x99, 0x87, 0xA1, 0xE5, 0x2F, 0x1B, 0xC3, 0xF7, 0x3A, 0x06, 0x06, 0x00, 0xDE, 0x34, 0x13,
    0xAA, 0x78, 0x9C, 0x7B, 0xCF, 0xC0, 0x20, 0xF0, 0x97, 0xFD, 0x3D, 0x03, 0xC3, 0x81, 0xF9, 0x0C,
    0x40, 0xF2, 0x17, 0x17, 0x90, 0x9C, 0x70, 0x9E, 0x01, 0x48, 0x7E, 0x97, 0x05, 0x92, 0x09, 0xEF,
    0x19, 0x81, 0xE4, 0x17, 0x7F, 0x06, 0x06, 0x86, 0xFF, 0xFF, 0xD7, 0x83, 0xC8, 0xF8, 0xBF, 0xEC,
    0x40, 0x92, 0xF5, 0xB3, 0x3D, 0x90, 0x64, 0x00, 0x49, 0x83, 0x74, 0x71, 0x83, 0xC8, 0x0B, 0xF5,
    0x20, 0x52, 0xE1, 0x3F, 0x33, 0x90, 0x64, 0xF8, 0x2A, 0xC7, 0xC0, 0x70, 0x1F, 0x48, 0x33, 0x08,
    0x9C, 0x07, 0x91, 0x09, 0xF5, 0x60, 0x92, 0x1B, 0x48, 0x00, 0x00, 0x3D, 0x38, 0x23, 0xE8, 0x78,
    0x9C, 0x7B, 0xCF, 0x00, 0x04, 0xEF, 0xD1, 0x09, 0x85, 0x7F, 0xCC, 0xEF, 0x19, 0x1E, 0xF9, 0x33,
    0xBC, 0x57, 0xF8, 0xC7, 0xCA, 0xF0, 0xFE, 0x62, 0x3C, 0x50, 0xEC, 0x0F, 0x37, 0x03, 0xC3, 0xFF,
    0xFF, 0x72, 0x40, 0xA2, 0xFC, 0x3C, 0x90, 0x60, 0xF8, 0xCD, 0x01, 0x54, 0xF7, 0x10, 0xA8, 0x84,
    0xC1, 0xE0, 0x3D, 0x23, 0x50, 0xDB, 0x77, 0x1E, 0x86, 0x06, 0x76, 0xA0, 0xE6, 0x0F, 0xBC, 0x40,
    0xE2, 0x33, 0x17, 0x90, 0xF8, 0xC1, 0x0C, 0x24, 0x1C, 0x80, 0x18, 0x00, 0x63, 0xF9, 0x1E, 0x53,
    0x78, 0x9C, 0x7B, 0xCF, 0xC0, 0xF0, 0x93, 0xFB, 0x3D, 0x43, 0xC0, 0x7D, 0x86, 0xF7, 0x0C, 0x9F,
    0xF5, 0x18, 0xDE, 0x0B, 0xFC, 0x63, 0x61, 0x78, 0x7F, 0x20, 0x9F, 0x81, 0xE1, 0xFF, 0x7F, 0x7E,
    0x20, 0xF1, 0x3B, 0x9E, 0x81, 0xE1, 0xBD, 0xC1, 0x7F, 0xA0, 0x18, 0xC3, 0x17, 0x7B, 0x20, 0x11,
    0xF0, 0x9E, 0xE9, 0x3D, 0x03, 0xC3, 0x57, 0x3D, 0x00, 0x94, 0x54, 0x17, 0x2D, 0x78, 0x9C, 0x63,
    0x68, 0x62, 0x63, 0x60, 0x60, 0xF8, 0xC3, 0xCC, 0xC0, 0x50, 0xE0, 0x0F, 0x64, 0x14, 0xB0, 0x00,
    0x89, 0x0F, 0x7C, 0x94, 0x12, 0xFD, 0x1D, 0x1D, 0x1D, 0x1F, 0xFE, 0x03, 0x01, 0x00, 0x5A, 0x5F,
    0x17, 0xA4, 0x78, 0x9C, 0x63, 0x68, 0x62, 0x67, 0xF8, 0xC3, 0x5C, 0x10, 0xCF, 0x50, 0xC0, 0xCA,
    0x00, 0x04, 0x1F, 0xF8, 0x48, 0x40, 0x00, 0xFE, 0x8F, 0x11, 0xAF, 0x78, 0x9C, 0x7B, 0xCF, 0x00,
    0x04, 0xEF, 0x29, 0x20, 0xFE, 0x77, 0x74, 0x74, 0x70, 0xFC, 0x07, 0x02, 0x7E, 0x06, 0x08, 0xB8,
    0x0F, 0xC4, 0x0A, 0xE7, 0x81, 0x44, 0x42, 0x3D, 0x90, 0x28, 0xE0, 0x66, 0x60, 0x00, 0x00, 0x42,
    0xDD, 0x15, 0xF6, 0x78, 0x9C, 0xFB, 0xC0, 0xF7, 0x01, 0x0F, 0x64, 0x60, 0xF8, 0xC0, 0xFB, 0x91,
    0xE7, 0x2B, 0xFB, 0x56, 0x06, 0x00, 0x95, 0x69, 0x12, 0x8E, 0x78, 0x9C, 0x7B, 0xCF, 0xF0, 0x81,
    0x97, 0xE1, 0x3D, 0xC3, 0x47, 0x1E, 0x20, 0xF1, 0x8D, 0x03, 0x48, 0xDC, 0x60, 0x00, 0x12, 0x0C,
    0xC4, 0x13, 0xFF, 0x67, 0xCE, 0x9C, 0xC9, 0xF9, 0x1F, 0x08, 0xF8, 0x01, 0x43, 0xCE, 0x16, 0xD2,
    0x78, 0x9C, 0x7B, 0xFF, 0x80, 0xFF, 0xFD, 0x07, 0xBE, 0xF7, 0x9F, 0x38, 0xDE, 0x2F, 0x62, 0x78,
    0xCF, 0x40, 0x00, 0x01, 0x00, 0xDD, 0x33, 0x11, 0x8B, 0x78, 0x9C, 0x7B, 0xCF, 0x00, 0x04, 0xEF,
    0x71, 0x13, 0x21, 0x20, 0xE2, 0x14, 0x1E, 0x25, 0xFF, 0x3B, 0x3A, 0x3A, 0x38, 0xFE, 0x03, 0x01,
    0x3F, 0x00, 0x73, 0x8F, 0x13, 0xEC, 0x78, 0x9C, 0x7B, 0xCF, 0xC0, 0xF0, 0x1E, 0x0D, 0x39, 0xB0,
    0xBE, 0x5F, 0xC0, 0x83, 0x2E, 0x08, 0x46, 0x00, 0x66, 0xB9, 0x0E, 0xF3, 0x78, 0x9C, 0x63, 0x78,
    0xCF, 0x00, 0x02, 0x38, 0x49, 0x03, 0x66, 0x20, 0xF9, 0xFF, 0x2F, 0x1B, 0x03, 0xC3, 0xD3, 0xFF,
    0x62, 0x40, 0x66, 0x2A, 0x7E, 0xF5, 0xFF, 0x3B, 0x3A, 0x3A, 0x38, 0x18, 0xFE, 0x03, 0x01, 0x3F,
    0x00, 0x31, 0x23, 0x15, 0x84, 0x78, 0x9C, 0x63, 0x78, 0xCF, 0xC0, 0x80, 0x86, 0xFE, 0x57, 0x4F,
    0xFA, 0x2F, 0x3E, 0x0D, 0x53, 0xFC, 0x3D, 0x03, 0x00, 0x6D, 0x5E, 0x0F, 0xDC, 0x78, 0x9C, 0x63,
    0x60, 0x60, 0x68, 0x63, 0x62, 0x60, 0x60, 0x70, 0x58, 0x0F, 0x24, 0x18, 0x2E, 0xF0, 0x80, 0xC8,
    0x62, 0x46, 0x06, 0x86, 0xFF, 0xCC, 0x0C, 0x0C, 0x0F, 0xF8, 0xFF, 0xF3, 0x80, 0xC9, 0x7A, 0x30,
    0xF9, 0x9F, 0x11, 0x48, 0xBE, 0xFF, 0xCE, 0x0D, 0x22, 0x2F, 0xC4, 0x83, 0x48, 0x83, 0xF7, 0x20,
    0x92, 0xE1, 0x27, 0x27, 0x88, 0x7C, 0x60, 0x0F, 0x22, 0x03, 0xCE, 0x83, 0x48, 0x86, 0xDF, 0xCF,
    0x41, 0xE4, 0xA7, 0xFF, 0x20, 0xB2, 0x00, 0x4C, 0x32, 0xFC, 0x05, 0x93, 0x9F, 0xF9, 0x01, 0x28,
    0xE7, 0x29, 0xFA, 0x78, 0x9C, 0x63, 0x60, 0xB8, 0x10, 0xCF, 0xC0, 0xC0, 0xF0, 0x8B, 0x85, 0x81,
    0x41, 0xC1, 0x92, 0x01, 0x02, 0xDE, 0x2F, 0xFA, 0x97, 0xC3, 0xF0, 0xFF, 0xDC, 0x8A, 0xFF, 0x2C,
    0xFF, 0xD9, 0x19, 0xBE, 0x72, 0xFF, 0x67, 0x60, 0xF8, 0xC0, 0x0B, 0x22, 0xF8, 0xDE, 0xE3, 0x25,
    0x00, 0x97, 0x37, 0x1A, 0x87, 0x78, 0x9C, 0xFB, 0xCF, 0xCC, 0xC0, 0xC0, 0xF0, 0xFE, 0x3F, 0x2F,
    0x98, 0x5C, 0x0F, 0x26, 0xFF, 0xB3, 0x02, 0xC9, 0xF7, 0xDF, 0xE4, 0x40, 0xE4, 0x82, 0xFD, 0x20,
    0x52, 0xE0, 0x1F, 0x1B, 0x90, 0x64, 0xF8, 0xA2, 0x0F, 0x22, 0x27, 0x9C, 0x07, 0x91, 0x0C, 0x7F,
    0x39, 0x40, 0xE4, 0x67, 0x7B, 0x10, 0x59, 0xF0, 0x1E, 0x44, 0x32, 0xFC, 0x01, 0x93, 0x9F, 0xC0,
    0x64, 0x02, 0x88, 0x00, 0x83, 0x0F, 0x20, 0xB3, 0x19, 0x3E, 0xF2, 0x80, 0xC8, 0x6F, 0xEC, 0x20,
    0x72, 0x3B, 0x10, 0x03, 0x00, 0x5A, 0x3D, 0x2D, 0xA1, 0x78, 0x9C, 0x7B, 0xBF, 0xE8, 0x5F, 0x0E,
    0xC3, 0xFF, 0x73, 0x2B, 0xFE, 0xB3, 0xFC, 0x67, 0x67, 0xF8, 0xCA, 0xFD, 0x9F, 0x81, 0xE1, 0x03,
    0x2F, 0x88, 0xE0, 0x7B, 0x8F, 0x97, 0x60, 0x00, 0x83, 0x07, 0xFC, 0x0C, 0x50, 0xCE, 0x27, 0x4E,
    0x20, 0x71, 0x98, 0x91, 0x81, 0x01, 0x00, 0x6B, 0x34, 0x1B, 0xAD, 0x78, 0x9C, 0x63, 0x28, 0x62,
    0x6C, 0x62, 0x66, 0x60, 0xD8, 0x20, 0xB3, 0x97, 0x81, 0x81, 0x41, 0xE0, 0x2D, 0x2F, 0x90, 0x64,
    0x68, 0x62, 0x64, 0x60, 0xF8, 0x0F, 0x14, 0x7C, 0xC0, 0xFF, 0x9F, 0x07, 0x4C, 0xD6, 0x83, 0xC9,
    0xFF, 0x8C, 0x40, 0xF2, 0xFD, 0x77, 0x6E, 0x10, 0x79, 0x21, 0x1E, 0x44, 0x1A, 0xBC, 0x07, 0x91,
    0x0C, 0x3F, 0x39, 0x41, 0xE4, 0x03, 0x7B, 0x10, 0x19, 0x70, 0x1E, 0x44, 0x32, 0xFC, 0x7E, 0x0E,
    0x22, 0x3F, 0xFD, 0x07, 0x91, 0x05, 0x60, 0x92, 0xE1, 0x2F, 0x98, 0xFC, 0xCC, 0x0F, 0x00, 0xB2,
    0x4A, 0x2B, 0x41, 0x78, 0x9C, 0x33, 0xA8, 0x4F, 0x88, 0x67, 0x60, 0x78, 0xFC, 0x9B, 0x85, 0x81,
    0x41, 0xC1, 0x82, 0x01, 0x02, 0xDE, 0x2F, 0xFA, 0x97, 0xC3, 0xF0, 0xFF, 0xDC, 0x8A, 0xFF, 0x2C,
    0xFF, 0xD9, 0x19, 0xBE, 0x72, 0xFF, 0x67, 0x60, 0xF8, 0xC0, 0x0B, 0x22, 0xF8, 0xDE, 0xE3, 0x25,
    0x00, 0xE7, 0x41, 0x1B, 0xA9, 0x78, 0x9C, 0xFB, 0xC0, 0xCB, 0x00, 0x04, 0x9F, 0xB8, 0x41, 0xE4,
    0x0F, 0x16, 0x10, 0xE9, 0xC8, 0x00, 0x06, 0xFF, 0x26, 0xFE, 0xAB, 0x05, 0x92, 0xF7, 0x56, 0xFC,
    0x63, 0x63, 0xF8, 0xC7, 0xC9, 0xF0, 0x99, 0x97, 0xE1, 0x1F, 0x03, 0xC3, 0x03, 0x7E, 0x86, 0xFF,
    0x60, 0xF2, 0x1F, 0x61, 0x12, 0x00, 0x7A, 0x54, 0x1B, 0x3A, 0x78, 0x9C, 0xFB, 0xCF, 0xCC, 0xC0,
    0xF0, 0x80, 0xFF, 0x3F, 0x0F, 0x98, 0xCC, 0x07, 0x93, 0xFF, 0x19, 0x81, 0xE4, 0xFB, 0x6F, 0x5C,
    0x20, 0xF2, 0x80, 0x3F, 0x88, 0x34, 0xB8, 0x0F, 0x22, 0x19, 0x7E, 0x70, 0x80, 0xC8, 0x07, 0xFA,
    0x20, 0xD2, 0xE1, 0x3C, 0x88, 0x64, 0xF8, 0xF5, 0x0C, 0x44, 0x7E, 0xFC, 0x07, 0x22, 0x0B, 0xFE,
    0x83, 0x48, 0x86, 0x3F, 0x60, 0xF2, 0x33, 0x3F, 0x90, 0x00, 0xEA, 0x02, 0x91, 0x1F, 0xF9, 0x80,
    0x44, 0xD3, 0x5F, 0x0E, 0x20, 0xF9, 0xB5, 0x8F, 0x01, 0x00, 0xCA, 0x21, 0x2B, 0xC2, 0x78, 0x9C,
    0xDB, 0xBF, 0xE8, 0x5F, 0x0C, 0xC3, 0xFB, 0x75, 0x2B, 0xFE, 0x33, 0xFF, 0x67, 0x66, 0xF8, 0xC6,
    0xF5, 0x9F, 0x81, 0xE1, 0x23, 0x2F, 0x90, 0xF8, 0xC0, 0xFB, 0x1E, 0x48, 0xF0, 0xE1, 0x24, 0x18,
    0x40, 0x4A, 0x80, 0xC4, 0x27, 0x1E, 0x06, 0x86, 0x96, 0xBF, 0x6C, 0x0C, 0x0C, 0x3F, 0x6A, 0x19,
    0x00, 0xD2, 0xA5, 0x1C, 0x83, 0x78, 0x9C, 0x63, 0xF8, 0xF0, 0xFF, 0xFF, 0x7F, 0x06, 0x86, 0x86,
    0x8E, 0x8E, 0x0E, 0x06, 0x28, 0x28, 0xF8, 0x73, 0x9E, 0x8D, 0x41, 0xE0, 0x6F, 0xCF, 0xCD, 0xF3,
    0x8C, 0x07, 0xF2, 0x19, 0x18, 0xBE, 0x73, 0x7D, 0xE1, 0x62, 0x60, 0xD8, 0x60, 0xFF, 0x8B, 0x99,
    0x81, 0x21, 0xA0, 0xFF, 0x2F, 0x50, 0x81, 0xC0, 0xF9, 0xF7, 0x20, 0x75, 0xF7, 0x91, 0x49, 0x88,
    0x38, 0x44, 0x0D, 0x44, 0xFD, 0x81, 0x7A, 0x90, 0x5E, 0x81, 0xBF, 0x73, 0x80, 0xE6, 0x40, 0xCC,
    0x04, 0x00, 0x2D, 0x6E, 0x26, 0x40, 0x78, 0x9C, 0xFB, 0xF0, 0xFF, 0xFF, 0x7F, 0x86, 0x86, 0x8E,
    0x8E, 0x0E, 0x06, 0x24, 0x70, 0xF4, 0x7F, 0x0C, 0xC3, 0x84, 0xF7, 0x33, 0xFF, 0x71, 0x7E, 0x91,
    0x65, 0xB8, 0xE8, 0xFF, 0x9B, 0x85, 0xC1, 0x61, 0xFF, 0x3F, 0xA0, 0xF0, 0xFB, 0xF7, 0x40, 0xE2,
    0x1F, 0x98, 0x05, 0x16, 0xFB, 0x22, 0xC3, 0x70, 0xD0, 0x1F, 0xAC, 0x0E, 0xAC, 0x03, 0x00, 0x65,
    0xF4, 0x1E, 0x98, 0x78, 0x9C, 0x63, 0x28, 0x60, 0x2F, 0x60, 0x67, 0x60, 0xB8, 0x60, 0xFF, 0x99,
    0x97, 0x81, 0xC1, 0xE1, 0xFF, 0x7F, 0x56, 0x06, 0x06, 0x86, 0x24, 0x75, 0x20, 0x51, 0xF0, 0xE7,
    0x3C, 0x1B, 0x83, 0xC0, 0xDF, 0x9E, 0x9B, 0xE7, 0x19, 0x0F, 0xE4, 0x33, 0x30, 0x7C, 0xE7, 0xFA,
    0xC2, 0xC5, 0xC0, 0xB0, 0xC1, 0xFE, 0x17, 0x33, 0x03, 0x43, 0x40, 0xFF, 0x5F, 0xA0, 0x02, 0x81,
    0xF3, 0xEF, 0x81, 0x24, 0xC3, 0x7D, 0x64, 0x12, 0x22, 0x0E, 0x51, 0x03, 0x51, 0x7F, 0xA0, 0x1E,
    0xA4, 0x57, 0xE0, 0xEF, 0x1C, 0xA0, 0x39, 0x10, 0x33, 0x01, 0x14, 0xAC, 0x26, 0x04, 0x78, 0x9C,
    0x63, 0xF8, 0xA7, 0xF4, 0x9E, 0x81, 0xE1, 0xDB, 0xFF, 0x7A, 0x06, 0x06, 0x83, 0x72, 0x66, 0x06,
    0x08, 0x38, 0xFA, 0x3F, 0x86, 0x61, 0xC2, 0xFB, 0x99, 0xFF, 0x38, 0xBF, 0xC8, 0x32, 0x5C, 0xF4,
    0xFF, 0xCD, 0xC6, 0xE0, 0xB0, 0xFF, 0x1F, 0x23, 0x03, 0xC3, 0xFB, 0xFF, 0x40, 0xB9, 0x7F, 0x60,
    0xD6, 0x6F, 0x56, 0xA0, 0x18, 0x50, 0xF6, 0xA0, 0x3F, 0x58, 0x1D, 0x58, 0x07, 0x00, 0x20, 0x48,
    0x1D, 0xD6, 0x78, 0x9C, 0x63, 0x60, 0xF8, 0xC4, 0xF3, 0x9B, 0x85, 0x81, 0xE1, 0x75, 0x53, 0x3E,
    0x03, 0x83, 0x43, 0xFC, 0x57, 0x76, 0x06, 0x28, 0x28, 0xF8, 0x73, 0x9E, 0x8D, 0x41, 0xE0, 0x6F,
    0xCF, 0xCD, 0xF3, 0x8C, 0x07, 0x80, 0x52, 0xDF, 0xB9, 0xBE, 0x70, 0x31, 0x30, 0x6C, 0xB0, 0xFF,
    0xC5, 0xCC, 0xC0, 0x10, 0xD0, 0xFF, 0x17, 0xA8, 0x40, 0xE0, 0xFC, 0x7B, 0x90, 0xBA, 0xFB, 0xC8,
    0x24, 0x44, 0x1C, 0xA2, 0x06, 0xA2, 0xFE, 0x40, 0x3D, 0x48, 0xAF, 0xC0, 0xDF, 0x39, 0x40, 0x73,
    0x20, 0x66, 0x02, 0x00, 0xFF, 0x2B, 0x25, 0xAF, 0x78, 0x9C, 0x63, 0x30, 0xD8, 0x7F, 0xC0, 0x9E,
    0xE1, 0x80, 0xDC, 0x4F, 0x16, 0x86, 0xAF, 0x29, 0xF9, 0x0C, 0x10, 0x70, 0xF4, 0x7F, 0x0C, 0xC3,
    0x84, 0xF7, 0x33, 0xFF, 0x71, 0x7E, 0x91, 0x65, 0xB8, 0xE8, 0xFF, 0x9B, 0x85, 0xC1, 0x61, 0xFF,
    0x3F, 0xA0, 0xF0, 0xFB, 0xF7, 0x40, 0xE2, 0x1F, 0x98, 0x05, 0x16, 0xFB, 0x22, 0xC3, 0x70, 0xD0,
    0x1F, 0xAC, 0x0E, 0xAC, 0x03, 0x00, 0x30, 0x98, 0x1E, 0x24, 0x78, 0x9C, 0x63, 0x98, 0xF8, 0xF7,
    0xFD, 0x7F, 0x20, 0xE8, 0x77, 0xF8, 0xDF, 0xDD, 0xF1, 0xBF, 0xA3, 0xA3, 0xC3, 0xE3, 0xA1, 0x1E,
    0x03, 0xC3, 0x7B, 0x06, 0x20, 0xF8, 0xC1, 0x0A, 0x65, 0xFC, 0x65, 0x84, 0x32, 0xDE, 0x33, 0x20,
    0x31, 0x40, 0x8A, 0x21, 0x0C, 0x20, 0x40, 0x95, 0x82, 0xE8, 0x82, 0x31, 0x7E, 0xB0, 0x41, 0x19,
    0x1F, 0x61, 0x26, 0xC3, 0xED, 0x62, 0x98, 0x04, 0xB5, 0x1D, 0x00, 0x82, 0x19, 0x32, 0x3D, 0x78,
    0x9C, 0x63, 0x38, 0xFA, 0x3F, 0x86, 0xE1, 0xE8, 0x7B, 0x2D, 0x86, 0x09, 0xEF, 0x67, 0xFE, 0xAB,
    0xBC, 0xBF, 0xE2, 0x3D, 0xE3, 0x17, 0x19, 0x86, 0x83, 0xFF, 0x65, 0x19, 0xBE, 0x71, 0xFE, 0x66,
    0x61, 0x70, 0xF8, 0xCF, 0xCA, 0xF0, 0x81, 0xF7, 0x1F, 0x03, 0x03, 0xC3, 0xFF, 0xCE, 0x8E, 0x1F,
    0xFC, 0xEF, 0x41, 0x0C, 0x20, 0xE0, 0x07, 0x8B, 0x30, 0x02, 0x89, 0xDF, 0xCC, 0x0C, 0x06, 0x40,
    0x35, 0x0C, 0x0C, 0x50, 0x5D, 0x0E, 0x8C, 0x20, 0x73, 0x3A, 0xDF, 0x77, 0xFE, 0x61, 0x67, 0x00,
    0x9B, 0xFC, 0x3F, 0x87, 0x01, 0x00, 0xD5, 0x34, 0x2C, 0x08, 0x78, 0x9C, 0x63, 0x60, 0x48, 0xB0,
    0x60, 0x00, 0x82, 0x2F, 0xDC, 0x40, 0x42, 0xE0, 0x1C, 0x88, 0x69, 0x20, 0x0E, 0x24, 0xFE, 0xFF,
    0xFF, 0x5F, 0x03, 0x24, 0x3B, 0x66, 0xFC, 0x95, 0x65, 0x78, 0xCF, 0xC0, 0x30, 0x61, 0x3E, 0x88,
    0x04, 0x62, 0x10, 0xF9, 0x0F, 0x44, 0x0A, 0x80, 0xD9, 0x13, 0xFA, 0xC1, 0x6A, 0x78, 0x40, 0xEA,
    0xE7, 0x83, 0xE4, 0x03, 0xF6, 0x83, 0x48, 0x86, 0xBF, 0xCC, 0x20, 0xF2, 0x0B, 0x0F, 0x88, 0xDC,
    0xE0, 0x0F, 0x22, 0x0D, 0xEE, 0x83, 0xF5, 0xFE, 0x62, 0x03, 0x00, 0xDC, 0x89, 0x25, 0xCF, 0x78,
    0x9C, 0x63, 0x98, 0x30, 0x9F, 0x81, 0xE1, 0x1B, 0x3B, 0x03, 0x43, 0x04, 0x03, 0x18, 0xBC, 0x3F,
    0x5C, 0xCF, 0xF0, 0x7F, 0xBF, 0x07, 0xC3, 0x7F, 0x36, 0x06, 0x86, 0xFF, 0x0C, 0x10, 0xFC, 0x1E,
    0x07, 0x06, 0x00, 0xEA, 0x87, 0x0F, 0x59, 0x78, 0x9C, 0xFB, 0xFF, 0xFF, 0x7F, 0x0D, 0x03, 0xC3,
    0xFF, 0x8E, 0x19, 0x7F, 0x65, 0x19, 0xDE, 0x33, 0x30, 0x4C, 0x98, 0x0F, 0x22, 0x81, 0x18, 0x44,
    0xFE, 0x03, 0x91, 0x02, 0xF7, 0xC1, 0xE2, 0xF5, 0x60, 0x35, 0xDC, 0x0C, 0xFF, 0xFF, 0xFF, 0xAF,
    0x07, 0xC9, 0x2F, 0x98, 0x0F, 0x22, 0x05, 0xFE, 0x33, 0x81, 0x64, 0xBF, 0x73, 0x83, 0xC8, 0x0B,
    0xFE, 0x20, 0xD2, 0xE1, 0x3C, 0x58, 0xEF, 0x2F, 0x36, 0x06, 0x08, 0x78, 0xC0, 0x0F, 0x22, 0x3F,
    0xF0, 0x81, 0xC8, 0x4F, 0x9C, 0x20, 0xF2, 0x30, 0x23, 0x90, 0x00, 0x00, 0x13, 0x9E, 0x26, 0xE1,
    0x78, 0x9C, 0xFB, 0x60, 0xF7, 0x87, 0xFD, 0xC3, 0xFF, 0x6E, 0x96, 0x0F, 0xF9, 0x0C, 0x0C, 0x1F,
    0xF8, 0xA1, 0x98, 0x0F, 0x3B, 0x06, 0x81, 0x0F, 0xBC, 0x0C, 0x0C, 0x1F, 0x79, 0x18, 0x18, 0xBE,
    0x70, 0x30, 0x30, 0x1C, 0x61, 0x84, 0x88, 0x01, 0x00, 0x05, 0x22, 0x11, 0xBC, 0x78, 0x9C, 0x73,
    0x60, 0x17, 0xB0, 0x60, 0x60, 0x60, 0xD8, 0x7B, 0x91, 0x07, 0x48, 0x3E, 0xBC, 0xC7, 0x08, 0x24,
    0x0D, 0x24, 0x80, 0xC4, 0xFF, 0xFF, 0xFF, 0x6B, 0x80, 0x64, 0xC7, 0x8C, 0xBF, 0xB2, 0x0C, 0xEF,
    0x19, 0x18, 0x26, 0xCC, 0x07, 0x91, 0x40, 0x0C, 0x22, 0xFF, 0x81, 0x48, 0x01, 0x30, 0x7B, 0x41,
    0x3F, 0xC3, 0xFF, 0x99, 0x33, 0xFF, 0xF1, 0x80, 0xD4, 0xCF, 0x07, 0xC9, 0x07, 0xEC, 0x07, 0x91,
    0x0C, 0x7F, 0x58, 0x40, 0xE4, 0x17, 0x1E, 0x10, 0xB9, 0x21, 0x1E, 0x44, 0x1A, 0xDC, 0x07, 0xEB,
    0xFD, 0xC5, 0x06, 0x00, 0x7B, 0x18, 0x27, 0x77, 0x78, 0x9C, 0xBB, 0xC8, 0xF5, 0x98, 0x53, 0xE0,
    0x4C, 0x3F, 0x03, 0x43, 0x23, 0x2B, 0x03, 0x08, 0x7C, 0xB0, 0xFB, 0xC3, 0xFE, 0xE1, 0x7F, 0x37,
    0xCB, 0x87, 0x7C, 0x20, 0x9B, 0x1F, 0x8A, 0xF9, 0xB0, 0x63, 0x00, 0x50, 0x85, 0x11, 0xB9, 0x78,
    0x9C, 0x63, 0x60, 0x60, 0x68, 0x63, 0x65, 0x60, 0x60, 0x08, 0xB8, 0xCF, 0x08, 0x24, 0x1F, 0xCA,
    0x02, 0x09, 0x86, 0x12, 0x10, 0xF3, 0xD8, 0xBF, 0x75, 0x2C, 0x0C, 0x07, 0xEE, 0x77, 0xBE, 0xEA,
    0x67, 0xF8, 0xC1, 0xC1, 0xC0, 0xF0, 0x9B, 0xF5, 0x2F, 0x50, 0xF4, 0x13, 0xF7, 0x5F, 0x26, 0x06,
    0x86, 0x04, 0xD6, 0xEF, 0xB6, 0x20, 0x75, 0x0B, 0xFE, 0xF7, 0x30, 0x03, 0xA9, 0x2D, 0xFF, 0xEF,
    0xB3, 0x01, 0xA9, 0xC4, 0xDF, 0xFB, 0x41, 0x82, 0x0A, 0x7F, 0x38, 0xC2, 0x80, 0xD4, 0x27, 0x9E,
    0xBF, 0x40, 0xF2, 0x03, 0xEF, 0x77, 0x6E, 0x06, 0xA0, 0xFE, 0x09, 0xEF, 0xBB, 0x6E, 0x9E, 0x67,
    0x60, 0x58, 0xF2, 0xEF, 0x3C, 0x3B, 0x03, 0x00, 0x0D, 0xDF, 0x23, 0x57, 0x78, 0x9C, 0x63, 0x60,
    0xD8, 0x30, 0x9F, 0x81, 0x81, 0xE1, 0x3B, 0x07, 0x03, 0x83, 0x40, 0x36, 0x03, 0x04, 0x28, 0xDC,
    0x7A, 0x2F, 0xC9, 0xF0, 0x79, 0xFE, 0x89, 0xFB, 0x8C, 0x7F, 0x98, 0x19, 0x7E, 0x71, 0xFC, 0x65,
    0x62, 0xF8, 0xCC, 0xF3, 0x75, 0xBE, 0x28, 0x03, 0x83, 0xC1, 0xAB, 0xFF, 0x31, 0x40, 0xF9, 0xA4,
    0xBF, 0x6C, 0x26, 0x0C, 0x0C, 0x9F, 0x78, 0x81, 0x12, 0x9F, 0x78, 0xBE, 0xAC, 0x9F, 0xF1, 0x9F,
    0xC5, 0xE0, 0xD5, 0x7B, 0x2B, 0x06, 0x00, 0x5E, 0x45, 0x1A, 0x39, 0x78, 0x9C, 0x63, 0x60, 0x68,
    0x61, 0x62, 0x60, 0x60, 0x48, 0x38, 0x6F, 0x07, 0x24, 0x7F, 0xB0, 0xFE, 0x60, 0x61, 0x80, 0x82,
    0x63, 0xFF, 0xD6, 0xB1, 0x30, 0x1C, 0xB8, 0xDF, 0xF9, 0xAA, 0x9F, 0xE1, 0x07, 0x07, 0x03, 0xC3,
    0x6F, 0xD6, 0xBF, 0x8C, 0x0C, 0x0C, 0x9F, 0xB8, 0xFF, 0x02, 0x55, 0x27, 0xB0, 0x7E, 0xB7, 0x05,
    0x29, 0x59, 0xF0, 0xBF, 0x87, 0x19, 0x48, 0x6D, 0xF9, 0x7F, 0x9F, 0x0D, 0x48, 0x25, 0xFE, 0xDE,
    0x0F, 0x12, 0x54, 0xF8, 0xC3, 0x11, 0x06, 0xA4, 0x3E, 0xF1, 0xFC, 0x05, 0x92, 0x1F, 0x78, 0xBF,
    0x73, 0x03, 0x8D, 0xE5, 0x98, 0xF0, 0xBE, 0xEB, 0xE6, 0x79, 0x06, 0x86, 0x25, 0xFF, 0xCE, 0xB3,
    0x33, 0x00, 0x00, 0x5D, 0xAE, 0x24, 0x15, 0x78, 0x9C, 0x63, 0x48, 0x38, 0xCF, 0xC8, 0xC0, 0xF0,
    0xED, 0x88, 0x2C, 0x83, 0x80, 0x05, 0x43, 0x06, 0x03, 0x18, 0x28, 0xDC, 0x7A, 0xAF, 0xC5, 0xF0,
    0x79, 0xFE, 0x8E, 0xFF, 0xCC, 0x7F, 0x98, 0x19, 0xBE, 0x73, 0xFF, 0x65, 0x62, 0x08, 0x60, 0xF9,
    0x3A, 0x5F, 0x94, 0x81, 0xC1, 0xE0, 0xD5, 0xFF, 0x18, 0xA0, 0x7C, 0xD2, 0x5F, 0xB6, 0x72, 0x06,
    0x86, 0x4F, 0xBC, 0x40, 0xD9, 0x4F, 0x3C, 0x9F, 0xD7, 0xCF, 0xF8, 0xCF, 0xA2, 0xF0, 0xEA, 0xBD,
    0x15, 0x03, 0x00, 0x90, 0x77, 0x1A, 0xD1, 0x78, 0x9C, 0x63, 0x38, 0xF6, 0x6F, 0x1D, 0x0B, 0xC3,
    0x81, 0xFB, 0x9D, 0xAF, 0xFA, 0x19, 0x7E, 0x70, 0x30, 0x30, 0xFC, 0x66, 0xFD, 0xCB, 0xC8, 0xC0,
    0xF0, 0x89, 0xFB, 0x2F, 0x13, 0x03, 0x43, 0x02, 0xEB, 0x77, 0x5B, 0x06, 0x20, 0x58, 0xF0, 0xBF,
    0x87, 0x19, 0x48, 0x6D, 0xF9, 0x7F, 0x9F, 0x0D, 0x48, 0x25, 0xFE, 0xDE, 0x0F, 0x12, 0x54, 0xF8,
    0xC3, 0x11, 0x06, 0xA4, 0x3E, 0xF1, 0xFC, 0x05, 0x92, 0x1F, 0x78, 0xBF, 0x73, 0x33, 0x00, 0xF5,
    0x4F, 0x78, 0xDF, 0x75, 0xF3, 0x3C, 0x03, 0xC3, 0x92, 0xFF, 0xE7, 0xD9, 0x81, 0xA2, 0x3F, 0x24,
    0x41, 0x0A, 0x0D, 0xCE, 0x83, 0xC8, 0x63, 0x60, 0x4D, 0xAF, 0x81, 0x22, 0x00, 0x03, 0x72, 0x24,
    0xC3, 0x78, 0x9C, 0x53, 0xB8, 0xF5, 0x5E, 0x8B, 0xE1, 0xF3, 0xFC, 0x1D, 0xFF, 0x99, 0xFF, 0x30,
    0x33, 0x7C, 0xE7, 0xFE, 0xCB, 0xC4, 0x10, 0xC0, 0xF2, 0x75, 0xBE, 0x28, 0x03, 0x83, 0xC1, 0xAB,
    0xFF, 0x31, 0x0C, 0x0C, 0x0C, 0x49, 0x7F, 0xD9, 0xCA, 0x19, 0x18, 0x3E, 0xF1, 0x02, 0x65, 0x3F,
    0xF1, 0x7C, 0x5E, 0x3F, 0xE3, 0x3F, 0x8B, 0xC2, 0xAB, 0xF7, 0x56, 0x0C, 0x0C, 0x01, 0xFD, 0x8C,
    0x0C, 0x20, 0x71, 0x06, 0x06, 0x87, 0xDF, 0x40, 0xA2, 0x60, 0x1D, 0x13, 0x03, 0x00, 0x89, 0x6C,
    0x1B, 0x61, 0x78, 0x9C, 0x63, 0x28, 0x65, 0x28, 0x64, 0x65, 0x60, 0xB8, 0x68, 0xBD, 0x8F, 0x01,
    0x08, 0xFE, 0x70, 0x32, 0xC0, 0xC0, 0xB1, 0x7F, 0xEB, 0x58, 0x18, 0x0E, 0xDC, 0xEF, 0x7C, 0xD5,
    0xCF, 0xF0, 0x83, 0x83, 0x81, 0xE1, 0x37, 0xEB, 0x5F, 0x46, 0x06, 0x86, 0x4F, 0xDC, 0x7F, 0x99,
    0x18, 0x18, 0x12, 0x58, 0xBF, 0xDB, 0x82, 0x94, 0x2C, 0xF8, 0xDF, 0xC3, 0x0C, 0xA4, 0xB6, 0xFC,
    0xBF, 0xCF, 0x06, 0xA4, 0x12, 0x7F, 0xEF, 0x07, 0x09, 0x2A, 0xFC, 0xE1, 0x08, 0x03, 0x52, 0x9F,
    0x78, 0xFE, 0x02, 0xC9, 0x0F, 0xBC, 0xDF, 0xB9, 0x19, 0x80, 0xFA, 0x27, 0xBC, 0xEF, 0xBA, 0x79,
    0x9E, 0x81, 0x61, 0xC9, 0xBF, 0xF3, 0xEC, 0x0C, 0x00, 0x50, 0xFC, 0x23, 0xE3, 0x78, 0x9C, 0x13,
    0xE8, 0x33, 0x58, 0xCF, 0xC0, 0xF0, 0xE8, 0x37, 0x07, 0x03, 0x83, 0x42, 0x26, 0x03, 0x04, 0x28,
    0xDC, 0x7A, 0x2F, 0xC9, 0xF0, 0x79, 0xFE, 0x89, 0xFB, 0x8C, 0x7F, 0x98, 0x19, 0x7E, 0x71, 0xFC,
    0x65, 0x62, 0xF8, 0xCC, 0xF3, 0x75, 0xBE, 0x28, 0x03, 0x83, 0xC1, 0xAB, 0xFF, 0x31, 0x40, 0xF9,
    0xA4, 0xBF, 0x6C, 0x26, 0x0C, 0x0C, 0x9F, 0x78, 0x81, 0x12, 0x9F, 0x78, 0xBE, 0xAC, 0x9F, 0xF1,
    0x9F, 0xC5, 0xE0, 0xD5, 0x7B, 0x2B, 0x06, 0x00, 0xAD, 0x7D, 0x1B, 0x5B, 0x78, 0x9C, 0xFB, 0xF1,
    0x1F, 0x08, 0xFA, 0x5B, 0x3A, 0x7E, 0xF4, 0x77, 0x78, 0x30, 0x30, 0x7C, 0xE0, 0x63, 0x60, 0xA0,
    0x1E, 0x79, 0x41, 0x1C, 0x44, 0x06, 0xDC, 0x07, 0x91, 0x06, 0xEF, 0xC1, 0xE2, 0x36, 0x0C, 0x0C,
    0x00, 0x3B, 0xE0, 0x1A, 0x2E, 0x78, 0x9C, 0x63, 0xF8, 0xC0, 0xC7, 0xC0, 0x00, 0xC5, 0x1F, 0xFE,
    0xFF, 0xE7, 0x6F, 0xF8, 0xD1, 0xCF, 0xCE, 0x80, 0x24, 0x86, 0x81, 0x0F, 0xEC, 0xE7, 0x64, 0x50,
    0xF8, 0x0B, 0x64, 0x7C, 0x91, 0x64, 0x60, 0x50, 0x38, 0xCF, 0xC0, 0xB0, 0x79, 0x3F, 0x03, 0xC3,
    0x73, 0x29, 0x00, 0x4F, 0xB4, 0x16, 0x1A, 0x78, 0x9C, 0x63, 0x48, 0x60, 0x4D, 0x60, 0x63, 0x60,
    0x70, 0xF0, 0xFF, 0xC6, 0xCC, 0xC0, 0xC0, 0xF0, 0x3D, 0x1E, 0x48, 0x30, 0x24, 0xB0, 0x32, 0x30,
    0xFC, 0xF8, 0x0F, 0x04, 0xFD, 0x2D, 0x1D, 0x3F, 0xFA, 0x3B, 0x3C, 0x18, 0x18, 0x3E, 0xF0, 0x81,
    0xC4, 0xA9, 0x43, 0x02, 0x00, 0xA0, 0xC4, 0x19, 0xDB, 0x78, 0x9C, 0x63, 0x60, 0x60, 0xF8, 0xC0,
    0xCB, 0xC0, 0xC0, 0xF0, 0x91, 0x07, 0x48, 0x7C, 0xE5, 0x60, 0x68, 0x60, 0x7F, 0xC5, 0xC8, 0xF0,
    0x81, 0x4F, 0x01, 0x28, 0xCC, 0x07, 0xC4, 0xFF, 0xFF, 0xDB, 0x33, 0x34, 0xFC, 0xE8, 0x97, 0x80,
    0x70, 0x09, 0x10, 0x07, 0xF6, 0x6B, 0x30, 0x30, 0x28, 0xFC, 0xB1, 0x67, 0x00, 0x00, 0xB5, 0xA1,
    0x15, 0xC6, 0x78, 0x9C, 0xFB, 0xF1, 0x1F, 0x08, 0xFA, 0x5B, 0x3A, 0x7E, 0xF4, 0x77, 0x78, 0x30,
    0x30, 0x7C, 0xE0, 0x63, 0x60, 0x40, 0x21, 0x1B, 0x7E, 0xF4, 0x03, 0x85, 0x3F, 0x02, 0x95, 0x30,
    0x60, 0x91, 0xC5, 0x4B, 0x02, 0x00, 0xC8, 0xA6, 0x19, 0x9E, 0x78, 0x9C, 0x63, 0xA8, 0x60, 0x60,
    0x60, 0x78, 0x0F, 0xC1, 0x7F, 0xFF, 0xFF, 0x67, 0x6A, 0xFB, 0xDF, 0xC1, 0x08, 0x62, 0x77, 0xFC,
    0xEF, 0x60, 0xF9, 0xFF, 0xFF, 0x3F, 0x07, 0x4C, 0x0E, 0x8E, 0xFF, 0x74, 0x33, 0x32, 0x1C, 0x7A,
    0xCF, 0x04, 0x00, 0x46, 0x69, 0x14, 0x60, 0x78, 0x9C, 0x63, 0x08, 0x10, 0x17, 0x90, 0x62, 0x60,
    0xF8, 0xF1, 0xFF, 0x24, 0x3F, 0x03, 0x43, 0x7F, 0xE1, 0x3B, 0x16, 0x06, 0x08, 0xF8, 0xCF, 0xCC,
    0xC0, 0xF0, 0x81, 0x8F, 0x02, 0x92, 0xF7, 0x0F, 0x1B, 0x03, 0xC3, 0x67, 0xAE, 0x6F, 0x7A, 0x0C,
    0x02, 0x7F, 0x98, 0x17, 0xFC, 0xEF, 0x7A, 0x59, 0xCF, 0xC0, 0xB0, 0xF5, 0xDF, 0x3A, 0x66, 0x06,
    0x00, 0xA4, 0x73, 0x25, 0x79, 0x78, 0x9C, 0x63, 0x60, 0x60, 0x10, 0x60, 0x70, 0x78, 0x27, 0xFE,
    0x8D, 0xE1, 0xC3, 0xEC, 0xFF, 0xEB, 0x19, 0x1A, 0x19, 0x8A, 0xD8, 0x18, 0xC0, 0xE0, 0x3D, 0x03,
    0xC3, 0x07, 0x3E, 0xFC, 0xC4, 0x7F, 0x10, 0xF1, 0x87, 0x99, 0xE1, 0x07, 0xDF, 0xB7, 0x79, 0x27,
    0xFF, 0xF3, 0x05, 0xFC, 0xD9, 0xF7, 0x99, 0x0F, 0x00, 0x30, 0x2B, 0x1E, 0x70, 0x78, 0x9C, 0x63,
    0xF8, 0xFF, 0xFF, 0x3F, 0x3F, 0x03, 0x43, 0x47, 0x47, 0x07, 0x07, 0x03, 0x04, 0xBC, 0x07, 0xE2,
    0x0F, 0x7C, 0x14, 0x90, 0xBC, 0x7F, 0x98, 0x18, 0x18, 0x3E, 0x73, 0x7D, 0xE3, 0x66, 0x10, 0xF8,
    0xC3, 0xBC, 0xE0, 0x7D, 0xE7, 0xAB, 0x7A, 0x06, 0x86, 0xAD, 0xFF, 0xD6, 0x31, 0x33, 0x00, 0x00,
    0x2A, 0x18, 0x23, 0xCB, 0x78, 0x9C, 0xFB, 0xF0, 0xFF, 0xFF, 0x7F, 0x86, 0x86, 0x8E, 0x8E, 0x0E,
    0x06, 0x04, 0x78, 0xCF, 0xC0, 0xF0, 0x81, 0x0F, 0x3F, 0xF1, 0x1F, 0x44, 0xFC, 0x65, 0x66, 0xF8,
    0xC1, 0xF7, 0x6D, 0xDE, 0xC9, 0x7F, 0x7C, 0x01, 0x7F, 0xD6, 0x7D, 0xE2, 0x03, 0x00, 0x1C, 0x83,
    0x1D, 0xE7, 0x78, 0x9C, 0x63, 0xF8, 0xC3, 0xF2, 0x85, 0x87, 0x81, 0xE1, 0xCB, 0xFF, 0xFF, 0x2C,
    0x0C, 0x0C, 0x02, 0x65, 0x62, 0x0C, 0x0C, 0xEF, 0x19, 0x18, 0x18, 0x3E, 0xF0, 0x51, 0x40, 0xF2,
    0xFE, 0x61, 0x62, 0x60, 0xF8, 0xCC, 0xF5, 0x8D, 0x9B, 0x41, 0xE0, 0x0F, 0xF3, 0x82, 0xF7, 0x9D,
    0xAF, 0xEA, 0x19, 0x18, 0xB6, 0xFE, 0x5B, 0xC7, 0xCC, 0x00, 0x00, 0x7A, 0x05, 0x24, 0xB1, 0x78,
    0x9C, 0x3B, 0x20, 0x2F, 0x70, 0x9E, 0x21, 0xE1, 0xFE, 0x8D, 0x7A, 0x06, 0x86, 0xEB, 0xF7, 0xD9,
    0x19, 0xC0, 0xE0, 0x3D, 0x03, 0xC3, 0x07, 0x3E, 0xFC, 0xC4, 0x7F, 0x10, 0xF1, 0x87, 0x99, 0xE1,
    0x07, 0xDF, 0xB7, 0x79, 0x27, 0xFF, 0xF3, 0x05, 0xFC, 0xD9, 0xF7, 0x99, 0x0F, 0x00, 0x0C, 0x21,
    0x1E, 0x04, 0x78, 0x9C, 0x63, 0x10, 0xF8, 0x23, 0xCD, 0xC0, 0xC0, 0xB0, 0xA1, 0x67, 0x0F, 0x90,
    0xFC, 0xC0, 0xF8, 0x11, 0x48, 0x1E, 0xE8, 0x39, 0x03, 0x24, 0x15, 0xFE, 0xC8, 0x30, 0x30, 0xBC,
    0x07, 0x09, 0xF2, 0x51, 0x40, 0xF2, 0xFE, 0x61, 0x62, 0x60, 0xF8, 0xCC, 0xF5, 0x8D, 0x9B, 0x41,
    0xE0, 0x0F, 0xF3, 0x82, 0xF7, 0x9D, 0xAF, 0xEA, 0x19, 0x18, 0xB6, 0xFE, 0x5B, 0xC7, 0xCC, 0x00,
    0x00, 0xB4, 0xC7, 0x27, 0x70, 0x78, 0x9C, 0x63, 0x70, 0x70, 0x67, 0x60, 0x60, 0xF8, 0xF1, 0x9F,
    0x83, 0x81, 0xC1, 0xDF, 0x81, 0x8F, 0x81, 0xE1, 0xEC, 0x49, 0x5E, 0x06, 0x86, 0x43, 0xE7, 0x99,
    0x18, 0xC0, 0xE0, 0x3D, 0x03, 0xC3, 0x07, 0x3E, 0xFC, 0xC4, 0x7F, 0x10, 0xF1, 0x87, 0x99, 0xE1,
    0x07, 0xDF, 0xB7, 0x79, 0x27, 0xFF, 0xF3, 0x05, 0xFC, 0xD9, 0xF7, 0x99, 0x0F, 0x00, 0x36, 0x88,
    0x1E, 0x4C, 0x78, 0x9C, 0x63, 0x60, 0xF8, 0x6D, 0x7A, 0x9E, 0x81, 0xC1, 0xA1, 0xFF, 0xA1, 0x2C,
    0x03, 0xC3, 0x05, 0x9E, 0x37, 0x8C, 0x0C, 0x10, 0xF0, 0x1E, 0x88, 0x3F, 0xF0, 0x51, 0x40, 0xF2,
    0xFE, 0x61, 0x62, 0x60, 0xF8, 0xCC, 0xF5, 0x8D, 0x9B, 0x41, 0xE0, 0x0F, 0xF3, 0x82, 0xF7, 0x9D,
    0xAF, 0xEA, 0x19, 0x18, 0xB6, 0xFE, 0x5B, 0xC7, 0xCC, 0x00, 0x00, 0x92, 0xFE, 0x24, 0xB4, 0x78,
    0x9C, 0x63, 0x58, 0x10, 0xFF, 0x59, 0x96, 0xE1, 0x8B, 0xE4, 0x3D, 0x46, 0x86, 0xB3, 0x07, 0xF4,
    0x18, 0xC0, 0xE0, 0x3D, 0x03, 0xC3, 0x07, 0x3E, 0xFC, 0xC4, 0x7F, 0x10, 0xF1, 0x87, 0x99, 0xE1,
    0x07, 0xDF, 0xB7, 0x79, 0x27, 0xFF, 0xF3, 0x05, 0xFC, 0xD9, 0xF7, 0x99, 0x0F, 0x00, 0xF2, 0xEB,
    0x1D, 0xA9, 0x78, 0x9C, 0x7B, 0xCF, 0xC0, 0xC0, 0xF0, 0x81, 0xEF, 0x3D, 0xF9, 0x24, 0xEF, 0x1F,
    0x26, 0x06, 0x86, 0xCF, 0x5C, 0xDF, 0xB8, 0x19, 0x04, 0xFE, 0x30, 0x2F, 0x78, 0xDF, 0xF9, 0xAB,
    0x9E, 0x81, 0x61, 0xEB, 0xBF, 0xFF, 0x6C, 0x40, 0xB9, 0x82, 0x7C, 0x20, 0xC1, 0xF0, 0x80, 0x1F,
    0x4C, 0xCE, 0x07, 0x89, 0x04, 0xBC, 0x63, 0x63, 0x00, 0x00, 0x6E, 0xD5, 0x24, 0x1A, 0x78, 0x9C,
    0x7B, 0xCF, 0xC0, 0xF0, 0x81, 0xEF, 0x3D, 0x5E, 0xE2, 0x3F, 0x88, 0xF8, 0xC3, 0xCC, 0xF0, 0x83,
    0xEF, 0xDB, 0xBC, 0x93, 0xFF, 0xF9, 0x02, 0xFE, 0xEC, 0xFB, 0xCC, 0xCF, 0xC0, 0x20, 0x70, 0x87,
    0x99, 0x81, 0x61, 0x81, 0x3E, 0x03, 0x03, 0xC3, 0x85, 0xF9, 0x1C, 0x0C, 0x0C, 0x0E, 0xFF, 0xB8,
    0x01, 0x73, 0xE5, 0x1C, 0x72, 0x78, 0x9C, 0x2D, 0x8E, 0xDD, 0x0D, 0xC1, 0x70, 0x1C, 0x45, 0x8F,
    0x16, 0xAD, 0xB4, 0xD4, 0x7B, 0x5F, 0xBA, 0x81, 0x11, 0x74, 0x03, 0x23, 0xD4, 0x04, 0x2A, 0x61,
    0x00, 0xB1, 0x00, 0x1B, 0xD4, 0x02, 0xC2, 0x06, 0xB5, 0x41, 0x6B, 0x00, 0x61, 0x03, 0x34, 0xBE,
    0x9A, 0xA6, 0xFE, 0x7E, 0xE8, 0x7D, 0xB9, 0xE7, 0xE5, 0xDE, 0x1C, 0x80, 0x49, 0x8D, 0x7F, 0xBC,
    0xB7, 0x5D, 0xD1, 0xDE, 0x5D, 0x57, 0x34, 0x65, 0xAE, 0x49, 0xDD, 0x2C, 0x28, 0x1A, 0x70, 0xE6,
    0xD2, 0x81, 0xB2, 0x85, 0xBF, 0x61, 0xD7, 0xC3, 0x53, 0x6D, 0xC6, 0x21, 0xB3, 0x80, 0x71, 0xD2,
    0x63, 0xDB, 0xC7, 0x8F, 0xD8, 0x06, 0x21, 0x27, 0x87, 0xEE, 0x91, 0x8B, 0x15, 0x93, 0xC9, 0xB0,
    0xE4, 0x66, 0x14, 0x3C, 0x0C, 0xC8, 0xEB, 0x2F, 0xED, 0xA1, 0xE7, 0x3A, 0xDC, 0xCD, 0x03, 0x99,
    0x59, 0xCA, 0xF5, 0xD5, 0x8D, 0x48, 0xED, 0x44, 0x28, 0x1D, 0x0D, 0x58, 0x06, 0x0B, 0xA1, 0x55,
    0xEC, 0xE0, 0xC7, 0x03, 0xA1, 0xA1, 0x92, 0x03, 0xE5, 0x7C, 0xED, 0x54, 0x53, 0x1C, 0x7E, 0x86,
    0x4A, 0x94, 0x9E, 0x2D, 0xF8, 0x00, 0x3F, 0x64, 0x32, 0xA8, 0x78, 0x9C, 0x3D, 0xCB, 0xC1, 0x0D,
    0x44, 0x40, 0x00, 0x40, 0xD1, 0xCF, 0x0A, 0x91, 0x11, 0xE3, 0xA0, 0x1F, 0xDB, 0x01, 0xD7, 0x3D,
    0xD1, 0x82, 0x0E, 0x74, 0x30, 0x1D, 0x88, 0x0E, 0xF4, 0xB1, 0x97, 0x9D, 0x06, 0x34, 0xB0, 0x97,
    0xDD, 0x91, 0x8C, 0x04, 0x87, 0xC1, 0xC5, 0xBB, 0xFC, 0xD3, 0x07, 0x6C, 0xC2, 0xA5, 0x29, 0xDF,
    0xDE, 0xD5, 0xF6, 0xD1, 0x04, 0xDC, 0x96, 0x08, 0x93, 0xA2, 0xE5, 0x2C, 0x58, 0x24, 0x46, 0x68,
    0xC9, 0x5E, 0x63, 0xC3, 0xAE, 0xC8, 0xD4, 0xC8, 0xEA, 0x3F, 0x55, 0x55, 0x7C, 0x99, 0xE0, 0x33,
    0xA4, 0x36, 0x57, 0xB0, 0x99, 0xF8, 0xFF, 0x2A, 0xCF, 0x71, 0x0D, 0x86, 0x5E, 0x82, 0xF9, 0x51,
    0x39, 0x01, 0x7A, 0x24, 0x73, 0x21, 0x74, 0x35, 0x38, 0x8F, 0x03, 0x59, 0x8B, 0x24, 0x1C, 0x78,
    0x9C, 0x63, 0x60, 0x60, 0x08, 0x63, 0x00, 0x81, 0x84, 0xFF, 0xAC, 0x20, 0xEA, 0x4B, 0xA8, 0x3D,
    0x88, 0x0A, 0x67, 0x48, 0x65, 0x60, 0xB8, 0x90, 0x0F, 0x64, 0xFD, 0xE0, 0x76, 0xB8, 0xCF, 0xC0,
    0x20, 0xF0, 0x9F, 0x89, 0xE1, 0x0F, 0x1B, 0x43, 0xC3, 0x7C, 0x06, 0x86, 0xCF, 0x7C, 0x0C, 0x1F,
    0xE5, 0x19, 0x18, 0x16, 0xE4, 0x33, 0xFC, 0xE0, 0x60, 0x60, 0x50, 0x78, 0x2F, 0xF0, 0x9E, 0x11,
    0xA8, 0xEC, 0x67, 0x5B, 0x3D, 0x48, 0xDF, 0xC7, 0x7F, 0xBC, 0x20, 0xAA, 0x00, 0x62, 0x18, 0xC3,
    0x7B, 0x06, 0xA2, 0x28, 0x00, 0xB6, 0xC1, 0x1B, 0xC9, 0x78, 0x9C, 0x63, 0x10, 0xF8, 0xCB, 0xC2,
    0xC0, 0x70, 0x31, 0xCA, 0x9F, 0x81, 0x21, 0x95, 0x21, 0x99, 0x01, 0x0C, 0x7E, 0xB2, 0x33, 0x4C,
    0xC8, 0xFF, 0xCC, 0xC3, 0xF0, 0x40, 0xFE, 0x82, 0x3E, 0xC3, 0x67, 0xEE, 0x82, 0x7A, 0x86, 0x1F,
    0xAC, 0x02, 0xF7, 0x19, 0xFE, 0x32, 0x30, 0xFC, 0x56, 0x5A, 0xCF, 0xC0, 0xF0, 0xB5, 0x02, 0xA8,
    0xF8, 0xC3, 0x59, 0x3E, 0x06, 0x86, 0x09, 0xFF, 0x39, 0x18, 0x18, 0x1C, 0xFE, 0x33, 0x03, 0xF5,
    0xFC, 0x07, 0x62, 0x83, 0x7A, 0x20, 0xB1, 0x41, 0x9E, 0x81, 0x61, 0xE1, 0x5F, 0xA0, 0xF8, 0xC7,
    0x3E, 0x20, 0x0F, 0x00, 0x19, 0xAD, 0x1A, 0xF4, 0x78, 0x9C, 0x63, 0x08, 0x60, 0x09, 0x60, 0x61,
    0x60, 0x38, 0xC0, 0x75, 0x80, 0x8B, 0x01, 0x02, 0x7E, 0x02, 0x19, 0x17, 0xE2, 0x3F, 0xEA, 0x33,
    0x30, 0x7C, 0xE5, 0x6D, 0x98, 0xCF, 0xC0, 0xF0, 0x9B, 0x55, 0xE0, 0x1F, 0xA3, 0xC2, 0x7D, 0x06,
    0x86, 0xEF, 0x9C, 0x13, 0xF2, 0x19, 0x18, 0x1E, 0xC8, 0x7F, 0xE4, 0x63, 0x60, 0x48, 0xE8, 0xFF,
    0xCE, 0x06, 0x54, 0xFB, 0xF7, 0x1D, 0x48, 0xC7, 0xD7, 0x7C, 0x10, 0xF9, 0x80, 0x9F, 0x10, 0x09,
    0x00, 0xD1, 0xB6, 0x19, 0x90, 0x78, 0x9C, 0x63, 0x60, 0x60, 0x68, 0x61, 0x65, 0x60, 0x60, 0x10,
    0x78, 0xC7, 0x04, 0x24, 0x17, 0xE8, 0x01, 0x09, 0x86, 0x46, 0x66, 0x06, 0x86, 0xFF, 0x20, 0xC0,
    0xDB, 0x01, 0x04, 0xFF, 0xB9, 0x80, 0x42, 0x0A, 0xEF, 0x19, 0x81, 0xE4, 0x85, 0x78, 0x90, 0xF4,
    0x4F, 0x90, 0x80, 0x03, 0x58, 0xE0, 0xA1, 0x3F, 0x48, 0xE0, 0x17, 0x27, 0x90, 0x48, 0xB8, 0x0F,
    0x62, 0x7E, 0xB2, 0x07, 0x91, 0x7F, 0x38, 0x80, 0x44, 0x03, 0x58, 0xE0, 0x33, 0x58, 0xE0, 0x6F,
    0x3F, 0xD0, 0x20, 0x0E, 0xB0, 0x99, 0xFC, 0x00, 0x55, 0x3B, 0x1F, 0xED, 0x78, 0x9C, 0x63, 0x60,
    0xD8, 0x90, 0xCF, 0xC0, 0xC0, 0xF0, 0x83, 0x95, 0x81, 0x41, 0xC0, 0x93, 0x01, 0x02, 0xFE, 0x03,
    0x01, 0x6F, 0x47, 0x47, 0xC7, 0x7F, 0x2E, 0x06, 0x86, 0x80, 0xFB, 0x40, 0x81, 0x4F, 0xF6, 0x40,
    0xD9, 0xBF, 0x6C, 0x0C, 0x0C, 0x1B, 0xD6, 0x83, 0xD4, 0xF2, 0x32, 0x30, 0x38, 0xFC, 0x67, 0x02,
    0x0A, 0xC7, 0x03, 0x79, 0x7F, 0xFB, 0x3B, 0x3A, 0x38, 0x40, 0x3A, 0xF8, 0x01, 0x14, 0x08, 0x18,
    0x38, 0x78, 0x9C, 0x63, 0x60, 0x70, 0x65, 0x00, 0x81, 0x35, 0x0C, 0x30, 0xF0, 0x1F, 0x04, 0x78,
    0x3B, 0x80, 0xE0, 0x3F, 0x17, 0x90, 0xEB, 0xF0, 0x9E, 0x11, 0x48, 0x3E, 0x8C, 0x07, 0x49, 0xFD,
    0x02, 0x09, 0x04, 0x40, 0x04, 0xFC, 0x41, 0x02, 0xBF, 0x39, 0x81, 0x44, 0xC1, 0x7D, 0x10, 0xF3,
    0x93, 0x3D, 0x88, 0xFC, 0xC3, 0x0E, 0x24, 0x1A, 0xCE, 0x83, 0x98, 0x9F, 0xF5, 0x41, 0xE4, 0xDF,
    0x7E, 0xA0, 0x41, 0x1C, 0x60, 0x33, 0xF9, 0x01, 0xA1, 0xAF, 0x1E, 0x35, 0x78, 0x9C, 0x63, 0x58,
    0xC0, 0xC3, 0xC0, 0xC0, 0xE0, 0xC0, 0xCA, 0x80, 0x04, 0xFE, 0x03, 0x01, 0x6F, 0x47, 0x47, 0xC7,
    0x7F, 0x2E, 0x06, 0x86, 0x82, 0xFB, 0x40, 0x81, 0xCF, 0xFA, 0x0C, 0x0C, 0x02, 0xFF, 0x80, 0x6A,
    0x0E, 0xCC, 0x07, 0xF2, 0x7E, 0x02, 0x75, 0x04, 0xBC, 0x67, 0x62, 0x60, 0xF8, 0xE4, 0x0F, 0xE4,
    0xFD, 0xED, 0xEF, 0xE8, 0xE0, 0x00, 0xE9, 0xE0, 0x07, 0x00, 0xB0, 0x23, 0x16, 0xB5, 0x78, 0x9C,
    0x63, 0x68, 0x62, 0x2A, 0x60, 0x63, 0x60, 0x98, 0x20, 0xF7, 0x92, 0x89, 0x81, 0x81, 0xE1, 0xB5,
    0x3D, 0x90, 0x60, 0x28, 0x60, 0x61, 0x60, 0xF8, 0x0F, 0x02, 0xBC, 0x1D, 0x40, 0xF0, 0x9F, 0x0B,
    0x28, 0xA4, 0xF0, 0x9E, 0x11, 0x48, 0x5E, 0x88, 0x07, 0x49, 0xFF, 0x04, 0x09, 0x38, 0x80, 0x05,
    0x1E, 0xFA, 0x83, 0x04, 0x7E, 0x71, 0x02, 0x89, 0x84, 0xFB, 0x20, 0xE6, 0x27, 0xB0, 0x01, 0x7F,
    0x38, 0x80, 0x44, 0x03, 0x58, 0xE0, 0x33, 0x58, 0xE0, 0x6F, 0x3F, 0xD0, 0x20, 0x0E, 0xB0, 0x99,
    0xFC, 0x00, 0xE5, 0x2C, 0x21, 0x43, 0x78, 0x9C, 0x53, 0x98, 0x1B, 0x90, 0xCF, 0xC0, 0x70, 0xF1,
    0x0F, 0x2B, 0x03, 0x83, 0x80, 0x07, 0x03, 0x04, 0xFC, 0x07, 0x02, 0xDE, 0x8E, 0x8E, 0x8E, 0xFF,
    0x5C, 0x0C, 0x0C, 0x01, 0xF7, 0x81, 0x02, 0x9F, 0xEC, 0x81, 0xB2, 0x7F, 0xD9, 0x18, 0x18, 0x36,
    0xAC, 0x07, 0xF2, 0x7E, 0xF0, 0x32, 0x30, 0x38, 0xFC, 0x67, 0x02, 0x0A, 0xC7, 0x03, 0x79, 0x7F,
    0xFB, 0x3B, 0x3A, 0x38, 0x40, 0x3A, 0xF8, 0x01, 0x68, 0x90, 0x19, 0x69, 0x78, 0x9C, 0x13, 0x28,
    0x63, 0x7D, 0xF4, 0x9F, 0xE7, 0xB7, 0x04, 0xC3, 0x7F, 0x06, 0x86, 0xF7, 0x44, 0x20, 0x00, 0x9D,
    0xB6, 0x0F, 0xBF,
};
const GFXglyph Roboto10Glyphs[] = {
    { 0, 0, 5, 0, 0, 8, 0 }, //  
    { 2, 15, 5, 2, 15, 17, 8 }, // !
    { 4, 5, 6, 1, 15, 19, 25 }, // "
    { 12, 15, 14, 1, 15, 88, 44 }, // #
    { 9, 19, 11, 1, 17, 91, 132 }, // $
    { 14, 15, 16, 1, 15, 93, 223 }, // %
    { 12, 15, 13, 1, 15, 101, 316 }, // &
    { 2, 5, 4, 1, 15, 11, 417 }, // '
    { 6, 22, 7, 1, 17, 70, 428 }, // (
    { 6, 22, 7, 0, 17, 72, 498 }, // )
    { 10, 9, 10, 0, 15, 51, 570 }, // *
    { 10, 11, 12, 1, 12, 29, 621 }, // +
    { 3, 6, 4, 0, 2, 20, 650 }, // ,
    { 5, 2, 7, 1, 7, 14, 670 }, // -
    { 2, 3, 5, 1, 3, 11, 684 }, // .
    { 8, 16, 9, 0, 15, 64, 695 }, // /
    { 9, 15, 12, 1, 15, 66, 759 }, // 0
    { 6, 15, 12, 2, 15, 23, 825 }, // 1
    { 10, 15, 12, 1, 15, 75, 848 }, // 2
    { 9, 15, 12, 1, 15, 80, 923 }, // 3
    { 11, 15, 12, 1, 15, 68, 1003 }, // 4
    { 10, 15, 12, 1, 15, 76, 1071 }, // 5
    { 9, 15, 12, 1, 15, 83, 1147 }, // 6
    { 10, 15, 12, 1, 15, 66, 1230 }, // 7
    { 9, 15, 12, 1, 15, 86, 1296 }, // 8
    { 9, 15, 12, 1, 15, 80, 1382 }, // 9
    { 2, 11, 4, 1, 11, 15, 1462 }, // :
    { 3, 14, 4, 0, 11, 27, 1477 }, // ;
    { 9, 10, 11, 1, 11, 53, 1504 }, // <
    { 8, 6, 11, 2, 10, 20, 1557 }, // =
    { 9, 10, 10, 1, 11, 47, 1577 }, // >
    { 8, 15, 10, 1, 15, 63, 1624 }, // ?
    { 17, 19, 19, 1, 15, 164, 1687 }, // @
    { 14, 15, 14, 0, 15, 93, 1851 }, // A
    { 10, 15, 13, 2, 15, 68, 1944 }, // B
    { 12, 15, 13, 1, 15, 70, 2012 }, // C
    { 11, 15, 14, 2, 15, 65, 2082 }, // D
    { 10, 15, 12, 2, 15, 39, 2147 }, // E
    { 9, 15, 12, 2, 15, 34, 2186 }, // F
    { 11, 15, 14, 1, 15, 85, 2220 }, // G
    { 11, 15, 15, 2, 15, 29, 2305 }, // H
    { 2, 15, 6, 2, 15, 12, 2334 }, // I
    { 9, 15, 12, 1, 15, 40, 2346 }, // J
    { 12, 15, 13, 2, 15, 79, 2386 }, // K
    { 9, 15, 12, 2, 15, 23, 2465 }, // L
    { 15, 15, 19, 2, 15, 94, 2488 }, // M
    { 11, 15, 15, 2, 15, 66, 2582 }, // N
    { 12, 15, 14, 1, 15, 70, 2648 }, // O
    { 11, 15, 14, 2, 15, 60, 2718 }, // P
    { 12, 18, 14, 1, 15, 87, 2778 }, // Q
    { 11, 15, 13, 2, 15, 71, 2865 }, // R
    { 11, 15, 13, 1, 15, 91, 2936 }, // S
    { 12, 15, 12, 0, 15, 27, 3027 }, // T
    { 11, 15, 13, 1, 15, 43, 3054 }, // U
    { 13, 15, 13, 0, 15, 96, 3097 }, // V
    { 19, 15, 18, 0, 15, 142, 3193 }, // W
    { 13, 15, 13, 0, 15, 100, 3335 }, // X
    { 13, 15, 12, -1, 15, 73, 3435 }, // Y
    { 11, 15, 13, 1, 15, 70, 3508 }, // Z
    { 4, 20, 6, 1, 17, 19, 3578 }, // [
    { 9, 16, 9, 0, 15, 65, 3597 }, // <backslash>
    { 4, 20, 6, 1, 17, 19, 3662 }, // ]
    { 9, 8, 9, 0, 15, 46, 3681 }, // ^
    { 9, 2, 11, 1, 0, 16, 3727 }, // _
    { 5, 3, 6, 0, 15, 17, 3743 }, // `
    { 10, 11, 11, 1, 11, 66, 3760 }, // a
    { 9, 15, 11, 1, 15, 58, 3826 }, // b
    { 9, 11, 11, 1, 11, 54, 3884 }, // c
    { 9, 15, 11, 1, 15, 59, 3938 }, // d
    { 9, 11, 11, 1, 11, 61, 3997 }, // e
    { 7, 16, 8, 0, 16, 40, 4058 }, // f
    { 9, 15, 11, 1, 11, 77, 4098 }, // g
    { 9, 15, 11, 1, 15, 40, 4175 }, // h
    { 2, 15, 5, 2, 15, 14, 4215 }, // i
    { 4, 19, 4, -1, 15, 25, 4229 }, // j
    { 10, 15, 10, 1, 15, 62, 4254 }, // k
    { 2, 15, 5, 2, 15, 12, 4316 }, // l
    { 15, 11, 17, 1, 11, 49, 4328 }, // m
    { 9, 11, 11, 1, 11, 35, 4377 }, // n
    { 10, 11, 12, 1, 11, 52, 4412 }, // o
    { 9, 15, 11, 1, 11, 57, 4464 }, // p
    { 9, 15, 12, 1, 11, 58, 4521 }, // q
    { 6, 11, 7, 1, 11, 24, 4579 }, // r
    { 9, 11, 11, 1, 11, 64, 4603 }, // s
    { 7, 14, 7, -1, 14, 36, 4667 }, // t
    { 9, 11, 11, 1, 11, 35, 4703 }, // u
    { 10, 11, 10, 0, 11, 63, 4738 }, // v
    { 16, 11, 16, 0, 11, 95, 4801 }, // w
    { 10, 11, 10, 0, 11, 66, 4896 }, // x
    { 10, 15, 10, 0, 11, 80, 4962 }, // y
    { 9, 11, 11, 1, 11, 60, 5042 }, // z
    { 6, 21, 7, 1, 17, 62, 5102 }, // {
    { 2, 17, 6, 2, 15, 12, 5164 }, // |
    { 7, 22, 7, -1, 18, 76, 5176 }, // }
    { 12, 4, 14, 1, 8, 33, 5252 }, // ~
    { 0, 0, 5, 0, 0, 8, 5285 }, //  
    { 2, 14, 5, 1, 11, 14, 5293 }, // ¡
    { 10, 16, 12, 1, 14, 67, 5307 }, // ¢
    { 11, 15, 13, 1, 15, 71, 5374 }, // £
    { 14, 14, 14, 0, 13, 97, 5445 }, // ¤
    { 12, 15, 10, -1, 15, 82, 5542 }, // ¥
    { 2, 18, 4, 1, 15, 16, 5624 }, // ¦
    { 10, 20, 12, 1, 15, 109, 5640 }, // §
    { 6, 2, 8, 1, 15, 14, 5749 }, // ¨
    { 14, 15, 16, 1, 15, 90, 5763 }, // ©
    { 7, 8, 10, 2, 15, 43, 5853 }, // ª
    { 8, 8, 10, 1, 10, 40, 5896 }, // «
    { 9, 5, 12, 1, 8, 27, 5936 }, // ¬
    { 5, 2, 7, 1, 7, 14, 5963 }, // ­
    { 14, 15, 16, 1, 15, 99, 5977 }, // ®
    { 7, 2, 9, 1, 15, 16, 6076 }, // ¯
    { 6, 6, 8, 1, 16, 27, 6092 }, // °
    { 10, 13, 11, 0, 13, 41, 6119 }, // ±
    { 6, 8, 8, 1, 15, 33, 6160 }, // ²
    { 7, 8, 8, 0, 15, 41, 6193 }, // ³
    { 5, 3, 7, 1, 15, 17, 6234 }, // ´
    { 9, 15, 12, 2, 11, 38, 6251 }, // µ
    { 8, 15, 11, 1, 15, 36, 6289 }, // ¶
    { 2, 3, 4, 1, 9, 11, 6325 }, // ·
    { 4, 6, 6, 1, 1, 20, 6336 }, // ¸
    { 4, 9, 7, 1, 16, 19, 6356 }, // ¹
    { 7, 8, 9, 1, 15, 34, 6375 }, // º
    { 9, 8, 10, 1, 10, 42, 6409 }, // »
    { 14, 15, 16, 1, 15, 89, 6451 }, // ¼
    { 14, 15, 16, 1, 15, 94, 6540 }, // ½
    { 16, 15, 17, 1, 15, 117, 6634 }, // ¾
    { 8, 15, 10, 1, 11, 60, 6751 }, // ¿
    { 14, 19, 14, 0, 19, 107, 6811 }, // À
    { 14, 19, 14, 0, 19, 106, 6918 }, // Á
    { 14, 19, 14, 0, 19, 110, 7024 }, // Â
    { 14, 19, 14, 0, 19, 115, 7134 }, // Ã
    { 14, 18, 14, 0, 18, 107, 7249 }, // Ä
    { 14, 20, 14, 0, 20, 115, 7356 }, // Å
    { 20, 15, 20, 0, 15, 98, 7471 }, // Æ
    { 12, 19, 13, 1, 15, 86, 7569 }, // Ç
    { 10, 19, 12, 2, 19, 50, 7655 }, // È
    { 10, 19, 12, 2, 19, 54, 7705 }, // É
    { 10, 19, 12, 2, 19, 51, 7759 }, // Ê
    { 10, 18, 12, 2, 18, 46, 7810 }, // Ë
    { 5, 19, 6, -1, 19, 25, 7856 }, // Ì
    { 6, 19, 6, 1, 19, 24, 7881 }, // Í
    { 7, 19, 6, -1, 19, 27, 7905 }, // Î
    { 7, 18, 7, 0, 18, 21, 7932 }, // Ï
    { 13, 15, 14, 0, 15, 79, 7953 }, // Ð
    { 11, 19, 15, 2, 19, 89, 8032 }, // Ñ
    { 12, 19, 14, 1, 19, 82, 8121 }, // Ò
    { 12, 19, 14, 1, 19, 84, 8203 }, // Ó
    { 12, 19, 14, 1, 19, 84, 8287 }, // Ô
    { 12, 19, 14, 1, 19, 85, 8371 }, // Õ
    { 12, 18, 14, 1, 18, 79, 8456 }, // Ö
    { 11, 10, 11, 0, 12, 60, 8535 }, // ×
    { 13, 16, 14, 1, 15, 113, 8595 }, // Ø
    { 11, 19, 13, 1, 19, 59, 8708 }, // Ù
    { 11, 19, 13, 1, 19, 61, 8767 }, // Ú
    { 11, 19, 13, 1, 19, 58, 8828 }, // Û
    { 11, 18, 13, 1, 18, 54, 8886 }, // Ü
    { 13, 19, 12, -1, 19, 86, 8940 }, // Ý
    { 10, 15, 13, 2, 15, 57, 9026 }, // Þ
    { 10, 15, 12, 1, 15, 71, 9083 }, // ß
    { 10, 15, 11, 1, 15, 78, 9154 }, // à
    { 10, 15, 11, 1, 15, 78, 9232 }, // á
    { 10, 15, 11, 1, 15, 81, 9310 }, // â
    { 10, 16, 11, 1, 16, 81, 9391 }, // ã
    { 10, 15, 11, 1, 15, 75, 9472 }, // ä
    { 10, 18, 11, 1, 18, 97, 9547 }, // å
    { 16, 11, 18, 1, 11, 92, 9644 }, // æ
    { 9, 15, 11, 1, 11, 72, 9736 }, // ç
    { 9, 15, 11, 1, 15, 74, 9808 }, // è
    { 9, 15, 11, 1, 15, 75, 9882 }, // é
    { 9, 15, 11, 1, 15, 77, 9957 }, // ê
    { 9, 15, 11, 1, 15, 72, 10034 }, // ë
    { 6, 15, 6, -1, 15, 23, 10106 }, // ì
    { 6, 15, 6, 1, 15, 22, 10129 }, // í
    { 8, 15, 6, -1, 15, 26, 10151 }, // î
    { 7, 15, 5, -1, 15, 21, 10177 }, // ï
    { 10, 17, 12, 1, 17, 86, 10198 }, // ð
    { 9, 16, 11, 1, 16, 57, 10284 }, // ñ
    { 10, 15, 12, 1, 15, 63, 10341 }, // ò
    { 10, 15, 12, 1, 15, 63, 10404 }, // ó
    { 10, 15, 12, 1, 15, 66, 10467 }, // ô
    { 10, 16, 12, 1, 16, 66, 10533 }, // õ
    { 10, 15, 12, 1, 15, 63, 10599 }, // ö
    { 10, 11, 12, 1, 13, 27, 10662 }, // ÷
    { 10, 14, 12, 1, 13, 81, 10689 }, // ø
    { 9, 15, 11, 1, 15, 45, 10770 }, // ù
    { 9, 15, 11, 1, 15, 49, 10815 }, // ú
    { 9, 15, 11, 1, 15, 48, 10864 }, // û
    { 9, 15, 11, 1, 15, 45, 10912 }, // ü
    { 10, 19, 10, 0, 15, 95, 10957 }, // ý
    { 9, 19, 12, 2, 15, 61, 11052 }, // þ
    { 11, 19, 10, 0, 15, 101, 11113 }, // ÿ
    { 14, 18, 14, 0, 18, 103, 11214 }, // Ā
    { 10, 15, 11, 1, 15, 76, 11317 }, // ā
    { 14, 18, 14, 0, 18, 105, 11393 }, // Ă
    { 10, 15, 11, 1, 15, 80, 11498 }, // ă
    { 15, 19, 14, 0, 15, 109, 11578 }, // Ą
    { 10, 15, 11, 1, 11, 86, 11687 }, // ą
    { 12, 19, 13, 1, 19, 86, 11773 }, // Ć
    { 9, 15, 11, 1, 15, 67, 11859 }, // ć
    { 12, 19, 13, 1, 19, 85, 11926 }, // Ĉ
    { 9, 15, 11, 1, 15, 68, 12011 }, // ĉ
    { 12, 18, 13, 1, 18, 75, 12079 }, // Ċ
    { 9, 15, 11, 1, 15, 62, 12154 }, // ċ
    { 12, 19, 13, 1, 19, 86, 12216 }, // Č
    { 9, 15, 11, 1, 15, 65, 12302 }, // č
    { 11, 19, 14, 2, 19, 84, 12367 }, // Ď
    { 13, 15, 14, 1, 15, 75, 12451 }, // ď
    { 13, 15, 14, 0, 15, 79, 12526 }, // Đ
    { 11, 15, 13, 1, 15, 75, 12605 }, // đ
    { 10, 18, 12, 2, 18, 45, 12680 }, // Ē
    { 9, 15, 11, 1, 15, 72, 12725 }, // ē
    { 10, 18, 12, 2, 18, 50, 12797 }, // Ĕ
    { 9, 15, 11, 1, 15, 77, 12847 }, // ĕ
    { 10, 18, 12, 2, 18, 43, 12924 }, // Ė
    { 9, 15, 11, 1, 15, 69, 12967 }, // ė
    { 10, 19, 12, 2, 15, 58, 13036 }, // Ę
    { 9, 15, 11, 1, 11, 75, 13094 }, // ę
    { 10, 19, 12, 2, 19, 55, 13169 }, // Ě
    { 9, 15, 11, 1, 15, 76, 13224 }, // ě
    { 11, 19, 14, 1, 19, 101, 13300 }, // Ĝ
    { 9, 19, 11, 1, 15, 94, 13401 }, // ĝ
    { 11, 19, 14, 1, 19, 106, 13495 }, // Ğ
    { 9, 19, 11, 1, 15, 94, 13601 }, // ğ
    { 11, 18, 14, 1, 18, 93, 13695 }, // Ġ
    { 9, 19, 11, 1, 15, 86, 13788 }, // ġ
    { 11, 21, 14, 1, 15, 102, 13874 }, // Ģ
    { 9, 22, 11, 1, 18, 93, 13976 }, // ģ
    { 11, 19, 15, 2, 19, 44, 14069 }, // Ĥ
    { 9, 19, 11, 1, 19, 53, 14113 }, // ĥ
    { 15, 15, 15, 0, 15, 55, 14166 }, // Ħ
    { 11, 15, 12, 0, 15, 59, 14221 }, // ħ
    { 8, 19, 6, -1, 19, 27, 14280 }, // Ĩ
    { 8, 16, 6, -1, 16, 31, 14307 }, // ĩ
    { 7, 18, 6, 0, 18, 22, 14338 }, // Ī
    { 7, 15, 5, -1, 15, 22, 14360 }, // ī
    { 6, 18, 6, 0, 18, 22, 14382 }, // Ĭ
    { 6, 15, 6, 0, 15, 23, 14404 }, // ĭ
    { 4, 19, 7, 1, 15, 22, 14427 }, // Į
    { 4, 19, 5, 0, 15, 27, 14449 }, // į
    { 2, 18, 6, 2, 18, 14, 14476 }, // İ
    { 2, 11, 6, 2, 11, 11, 14490 }, // ı
    { 14, 15, 17, 2, 15, 48, 14501 }, // Ĳ
    { 7, 19, 10, 2, 15, 41, 14549 }, // ĳ
    { 11, 19, 12, 1, 19, 58, 14590 }, // Ĵ
    { 8, 19, 5, -1, 15, 41, 14648 }, // ĵ
    { 12, 19, 13, 2, 15, 94, 14689 }, // Ķ
    { 10, 20, 10, 1, 15, 81, 14783 }, // ķ
    { 10, 11, 12, 2, 11, 61, 14864 }, // ĸ
    { 10, 19, 12, 1, 19, 37, 14925 }, // Ĺ
    { 6, 20, 5, 1, 20, 25, 14962 }, // ĺ
    { 9, 20, 12, 2, 15, 40, 14987 }, // Ļ
    { 3, 20, 5, 1, 15, 23, 15027 }, // ļ
    { 9, 15, 12, 2, 15, 38, 15050 }, // Ľ
    { 5, 15, 7, 2, 15, 25, 15088 }, // ľ
    { 9, 15, 12, 2, 15, 29, 15113 }, // Ŀ
    { 5, 15, 8, 2, 15, 22, 15142 }, // ŀ
    { 11, 15, 12, 0, 15, 41, 15164 }, // Ł
    { 6, 15, 6, 0, 15, 24, 15205 }, // ł
    { 11, 19, 15, 2, 19, 86, 15229 }, // Ń
    { 9, 15, 11, 1, 15, 50, 15315 }, // ń
    { 12, 20, 16, 2, 15, 84, 15365 }, // Ņ
    { 9, 16, 11, 1, 11, 50, 15449 }, // ņ
    { 11, 19, 15, 2, 19, 88, 15499 }, // Ň
    { 9, 15, 11, 1, 15, 50, 15587 }, // ň
    { 11, 15, 12, 0, 15, 53, 15637 }, // ŉ
    { 11, 19, 15, 2, 15, 84, 15690 }, // Ŋ
    { 9, 15, 11, 1, 11, 55, 15774 }, // ŋ
    { 12, 18, 14, 1, 18, 81, 15829 }, // Ō
    { 10, 15, 12, 1, 15, 61, 15910 }, // ō
    { 12, 19, 14, 1, 19, 91, 15971 }, // Ŏ
    { 10, 15, 12, 1, 15, 68, 16062 }, // ŏ
    { 12, 19, 14, 1, 19, 86, 16130 }, // Ő
    { 10, 15, 12, 1, 15, 66, 16216 }, // ő
    { 18, 15, 20, 1, 15, 69, 16282 }, // Œ
    { 17, 11, 19, 1, 11, 91, 16351 }, // œ
    { 11, 19, 13, 2, 19, 85, 16442 }, // Ŕ
    { 7, 15, 7, 1, 15, 40, 16527 }, // ŕ
    { 11, 20, 13, 2, 15, 89, 16567 }, // Ŗ
    { 7, 17, 7, 0, 11, 45, 16656 }, // ŗ
    { 11, 19, 13, 2, 19, 91, 16701 }, // Ř
    { 8, 15, 7, 0, 15, 39, 16792 }, // ř
    { 11, 19, 13, 1, 19, 109, 16831 }, // Ś
    { 9, 15, 11, 1, 15, 79, 16940 }, // ś
    { 11, 19, 13, 1, 19, 108, 17019 }, // Ŝ
    { 9, 15, 11, 1, 15, 80, 17127 }, // ŝ
    { 11, 19, 13, 1, 15, 106, 17207 }, // Ş
    { 9, 15, 11, 1, 11, 81, 17313 }, // ş
    { 11, 19, 13, 1, 19, 107, 17394 }, // Š
    { 9, 15, 11, 1, 15, 79, 17501 }, // š
    { 12, 19, 12, 0, 15, 41, 17580 }, // Ţ
    { 8, 18, 7, -1, 14, 50, 17621 }, // ţ
    { 12, 19, 12, 0, 19, 50, 17671 }, // Ť
    { 9, 17, 8, -1, 17, 57, 17721 }, // ť
    { 12, 15, 12, 0, 15, 40, 17778 }, // Ŧ
    { 7, 14, 7, 0, 14, 45, 17818 }, // ŧ
    { 11, 19, 13, 1, 19, 62, 17863 }, // Ũ
    { 9, 16, 11, 1, 16, 56, 17925 }, // ũ
    { 11, 18, 13, 1, 18, 55, 17981 }, // Ū
    { 9, 15, 11, 1, 15, 46, 18036 }, // ū
    { 11, 18, 13, 1, 18, 61, 18082 }, // Ŭ
    { 9, 15, 11, 1, 15, 51, 18143 }, // ŭ
    { 11, 20, 13, 1, 20, 67, 18194 }, // Ů
    { 9, 17, 11, 1, 17, 61, 18261 }, // ů
    { 11, 19, 13, 1, 19, 61, 18322 }, // Ű
    { 10, 15, 11, 1, 15, 51, 18383 }, // ű
    { 11, 19, 13, 1, 15, 60, 18434 }, // Ų
    { 9, 15, 11, 1, 11, 55, 18494 }, // ų
    { 19, 19, 18, 0, 19, 165, 18549 }, // Ŵ
    { 16, 15, 16, 0, 15, 117, 18714 }, // ŵ
    { 13, 19, 12, -1, 19, 90, 18831 }, // Ŷ
    { 10, 19, 10, 0, 15, 95, 18921 }, // ŷ
    { 12, 18, 12, 0, 18, 77, 19016 }, // Ÿ
    { 11, 19, 13, 1, 19, 87, 19093 }, // Ź
    { 9, 15, 11, 1, 15, 69, 19180 }, // ź
    { 11, 18, 13, 1, 18, 75, 19249 }, // Ż
    { 9, 15, 11, 1, 15, 66, 19324 }, // ż
    { 11, 19, 13, 1, 19, 88, 19390 }, // Ž
    { 9, 15, 11, 1, 15, 70, 19478 }, // ž
    { 5, 16, 6, 2, 16, 23, 19548 }, // ſ
};
const UnicodeInterval Roboto10Intervals[] = {
    { 0x20, 0x7E, 0x0 },
    { 0xA0, 0xFF, 0x5F },
    { 0x100, 0x17F, 0xBF },
};
const GFXfont Roboto10 = {
    (uint8_t*)Roboto10Bitmaps,
    (GFXglyph*)Roboto10Glyphs,
    (UnicodeInterval*)Roboto10Intervals,
    3,
    1,
    24,
    20,
    -6,
};
